{"dpearsonr": [NaN, NaN, NaN, NaN, NaN], "drmse": [0.08365971595048904, 0.08268437534570694, 0.08498378843069077, 0.08404811471700668, 0.08332624286413193], "cpearsonr": [0.7394574941833792, 0.7397130508142935, 0.7402439327888375, 0.7404230021424438, 0.7397837424240308], "crmse": [0.0843123123049736, 0.08331841975450516, 0.08561230450868607, 0.08468013256788254, 0.0839843600988388]}