{"dpearsonr": [NaN, NaN, NaN, NaN, NaN], "drmse": [0.0851902961730957, 0.09267815202474594, 0.0982535183429718, 0.09638873487710953, 0.08767919987440109], "cpearsonr": [0.7295622597471013, 0.7129021489701467, 0.7277709276529871, 0.726904966532584, 0.7437167581895817], "crmse": [0.08538593351840973, 0.09245698899030685, 0.09855344891548157, 0.09690286219120026, 0.0874122902750969]}