{"dpearsonr": [0.11075434311761746, 0.09609744197158733, 0.1106372576959284, 0.07662523072383029, 0.11158751837516634], "dspearmanr": [0.13272194105955434, 0.1201597921756026, 0.09826896760186069, 0.08802503439283092, 0.184739526572073], "drmse": [9.38509464263916, 7.11074161529541, 5.592164039611816, 9.29326057434082, 4.950047492980957], "cpearsonr": [0.7191322822280461, 0.7405645254794769, 0.7682165168209877, 0.715484353852235, 0.7489055867858131], "cspearmanr": [0.7551456637919696, 0.7701883257845342, 0.7887147411058736, 0.7457462315877066, 0.7783369518153594], "crmse": [9.582119941711426, 7.292474746704102, 6.512709617614746, 9.496808052062988, 4.911046504974365]}