{"dpearsonr": [0.09835635922895462, 0.06937066111176433, 0.10514951592332912, 0.09160283279727124, 0.06485326711806817], "dspearmanr": [0.12995677118599241, 0.08850665058535023, 0.09730015509759753, 0.09524459357868977, 0.18082023834848407], "drmse": [10.800982475280762, 8.168264389038086, 8.353108406066895, 7.886084079742432, 6.597794532775879], "cpearsonr": [0.7196439252405437, 0.7365974315036011, 0.7686163810332536, 0.7167610211652743, 0.7491500857679276], "cspearmanr": [0.7569680763711348, 0.7639006008736917, 0.7877045124138963, 0.7468424921336417, 0.775506261121286], "crmse": [10.876729011535645, 8.847307205200195, 10.443620681762695, 8.013120651245117, 6.439638614654541]}