{"dpearsonr": [0.13372904251028936, 0.0793720967720316, 0.12408860411566112, 0.08970005138811506, 0.07033781610348504], "dspearmanr": [0.11970895917631795, 0.08566333772379638, 0.10945096533731645, 0.09479177695152041, 0.17052892842973044], "drmse": [10.551849365234375, 6.999844551086426, 9.336601257324219, 9.8093900680542, 5.431644916534424], "cpearsonr": [0.7194741020830765, 0.7371717596913845, 0.7688201577334772, 0.7153420865753597, 0.7485542022610085], "cspearmanr": [0.7546861519361802, 0.7627826325927083, 0.7889328323259109, 0.745554611457168, 0.7751862438063344], "crmse": [10.670504570007324, 7.648266792297363, 10.630722045898438, 10.105024337768555, 5.338325500488281]}