{"dpearsonr": [NaN, NaN, NaN, NaN, NaN], "drmse": [0.08576571196317673, 0.08491694927215576, 0.09223403036594391, 0.09240419417619705, 0.09420379251241684], "cpearsonr": [0.743295206807109, 0.7294075477114691, 0.7161386700730593, 0.7210460130614076, 0.7307176258251435], "crmse": [0.08606045693159103, 0.08505445718765259, 0.0918533131480217, 0.09252937138080597, 0.09450817853212357]}