{"dpearsonr": [0.07860777202842893, 0.07645040122394012, 0.07825297563409138, 0.0939440876686824, 0.07431139725508511], "dspearmanr": [0.07628635092697146, 0.07221364949192689, 0.08061772603419967, 0.09251310978297755, 0.08138844778418651], "drmse": [0.0166170634329319, 0.016984764486551285, 0.017127666622400284, 0.016412219032645226, 0.016764046624302864], "cpearsonr": [0.742063619283802, 0.741045905742316, 0.7401641380033344, 0.742912106821637, 0.7424240477470391], "cspearmanr": [0.7002782658800891, 0.7007807091203337, 0.6973929569059505, 0.7006129778882055, 0.7002761595294661], "crmse": [0.016547879204154015, 0.01689077354967594, 0.016997607424855232, 0.016291087493300438, 0.016654711216688156]}