{"dpearsonr": [0.07191107796583847, 0.058305187956815045, 0.07881030279249714, 0.0877020176504731, 0.07153497688563913], "dspearmanr": [0.07270308669991961, 0.056388652076036945, 0.07829478074412989, 0.09145204313476718, 0.07533501865687892], "drmse": [0.01653045043349266, 0.017102127894759178, 0.016835791990160942, 0.01663053035736084, 0.01687401905655861], "cpearsonr": [0.741608589513284, 0.741510462187128, 0.7408406288774538, 0.7439715318302528, 0.7415364699341996], "cspearmanr": [0.7000068577996301, 0.7006542952314158, 0.6973544672480051, 0.700167563986823, 0.6992749737357317], "crmse": [0.016447050496935844, 0.01701352931559086, 0.016707101836800575, 0.016543174162507057, 0.01677173562347889]}