{"dpearsonr": [0.08075829975703569, 0.09569539060004592, 0.06576485392458836, 0.11512066090065735, 0.07630862287835306], "dspearmanr": [0.07624081046627051, 0.08928424305029324, 0.0647126046334268, 0.09860485711541551, 0.06928974910311364], "drmse": [0.014884887263178825, 0.01646009460091591, 0.016304032877087593, 0.01519923284649849, 0.015677770599722862], "cpearsonr": [0.7306777889094276, 0.7313711601639624, 0.7245473771412223, 0.7137690669561136, 0.7165134573843251], "cspearmanr": [0.6909269942284982, 0.6855806219591574, 0.6827727694343684, 0.6782958947677024, 0.6718842370904391], "crmse": [0.01533059123903513, 0.016536986455321312, 0.016181975603103638, 0.01520627737045288, 0.015812845900654793]}