{"dpearsonr": [0.0795171821842641, 0.06223041467306747, 0.07042276162206536, 0.09626227743820423, 0.07284849254025384], "dspearmanr": [0.0821902247100172, 0.05918306723860187, 0.06775780418134689, 0.08380438307841177, 0.06181146941113462], "drmse": [0.014733050018548965, 0.01664998009800911, 0.015940796583890915, 0.015519932843744755, 0.0158438328653574], "cpearsonr": [0.7292793835361095, 0.731272495018276, 0.7245677471961969, 0.7131885503638344, 0.7162507930708858], "cspearmanr": [0.6897086417333173, 0.6861324170484702, 0.6828718368420212, 0.6773998883557807, 0.6711348589649271], "crmse": [0.015176868066191673, 0.016759002581238747, 0.01582946628332138, 0.015522114932537079, 0.0159663874655962]}