{"dpearsonr": [0.25314657421718023, 0.21974609813167578, 0.24283577859628921, 0.19812276705579263, 0.22388288927333974], "dspearmanr": [0.21791842420179217, 0.20271764793740235, 0.2402859152127809, 0.18579470770289028, 0.2007474640753884], "drmse": [0.014064495451748371, 0.017527755349874496, 0.018210481852293015, 0.0188989769667387, 0.01441348996013403], "cpearsonr": [0.7656190552752227, 0.7662776946214914, 0.7575307158026987, 0.7472621511789987, 0.7559056051629793], "cspearmanr": [0.7257757951479831, 0.7263537810029751, 0.7136040670696786, 0.7160513003941813, 0.7102759782705599], "crmse": [0.014531932771205902, 0.017605815082788467, 0.018025025725364685, 0.0190743338316679, 0.014450986869633198]}