{"dpearsonr": [0.41649166014844574, 0.4097274729182228, 0.4244974665401637, 0.41958025404859384, 0.4288343606198632], "dspearmanr": [0.348683805213869, 0.37240726482121933, 0.40940111327851963, 0.38443122611341995, 0.36616013865495384], "drmse": [0.010935108177363873, 0.012481995858252048, 0.011620276607573032, 0.011728668585419655, 0.0112938666716218], "cpearsonr": [0.7892054671320217, 0.789311077128327, 0.7839158676343656, 0.7659357013047458, 0.7780833253038039], "cspearmanr": [0.7463299319721242, 0.7469016958061331, 0.7429398357924505, 0.7330080114225941, 0.7328711902381813], "crmse": [0.011328812688589096, 0.012477000243961811, 0.011602934449911118, 0.01185506209731102, 0.011398518458008766]}