{"dpearsonr": [Infinity, -Infinity, -Infinity, 0.0004645016585909854, 0.014939106589901049], "drmse": [0.08367937058210373, 0.0815003514289856, 0.08358670026063919, 0.08434665203094482, 0.08233761042356491], "cpearsonr": [0.7394505513656685, 0.7397452109171992, 0.740269607949945, 0.7404620015252247, 0.7397743094677004], "crmse": [0.08433933556079865, 0.08213025331497192, 0.08421149849891663, 0.08497898280620575, 0.08299147337675095]}