{"dpearsonr": [Infinity, NaN, Infinity, -0.004500506022946642, 0.0037580255280307106], "drmse": [0.08520442247390747, 0.09140066057443619, 0.09668517112731934, 0.09674740582704544, 0.08666689693927765], "cpearsonr": [0.7295887849368909, 0.7129547219467524, 0.7281140259695092, 0.7265007906944669, 0.7434691030315141], "crmse": [0.08540040254592896, 0.09118232876062393, 0.09698422253131866, 0.09726019203662872, 0.08639803528785706]}