{"dpearsonr": [0.41470397289326405, 0.40038755283019634, 0.464162695020481, 0.42396892261708613, 0.4387998252127749], "dspearmanr": [0.36338385744304014, 0.35421121003166156, 0.4375070122646603, 0.39039713143598076, 0.3812390694448685], "drmse": [0.01091505866497755, 0.012361272238194942, 0.010886461474001408, 0.011400175280869007, 0.011004956439137459], "cpearsonr": [0.7865449208582584, 0.7915070450219962, 0.7835525051439427, 0.7663302565988314, 0.7765925700374086], "cspearmanr": [0.74565050113462, 0.7493488982820764, 0.742156940405439, 0.7300064834465658, 0.7322321654712707], "crmse": [0.01132137794047594, 0.01233197282999754, 0.010872669517993927, 0.011501846835017204, 0.01110133808106184]}