{"dpearsonr": [NaN, NaN, NaN, NaN, NaN], "drmse": [0.08366304636001587, 0.0836925283074379, 0.08364846557378769, 0.08430732786655426, 0.0843554213643074], "cpearsonr": [0.7394384360134025, 0.7397371625431639, 0.7402514550096627, 0.7403875541535292, 0.7398258743868822], "crmse": [0.08431646227836609, 0.08433598279953003, 0.0842689499258995, 0.0849381610751152, 0.0850183367729187]}