{"dpearsonr": [NaN, NaN, NaN, NaN, NaN], "drmse": [0.08519061654806137, 0.09375698119401932, 0.09677369147539139, 0.09669750183820724, 0.08875530958175659], "cpearsonr": [0.7296157642463087, 0.7128948316851168, 0.7278804769318917, 0.7264819281438418, 0.7436427399060345], "crmse": [0.08538665622472763, 0.0935322567820549, 0.09707330912351608, 0.0972086563706398, 0.08848041296005249]}