{"dpearsonr": [NaN, NaN, NaN, NaN, NaN], "drmse": [0.08410018682479858, 0.08201829344034195, 0.08450083434581757, 0.08285938203334808, 0.08435334265232086], "cpearsonr": [0.739505371768829, 0.7397038522256778, 0.7403358664177419, 0.7403381246911728, 0.7396624337163373], "crmse": [0.08475492894649506, 0.08265087753534317, 0.08512932807207108, 0.08347975462675095, 0.08501824736595154]}