{"dpearsonr": [NaN, NaN, NaN, NaN, NaN], "drmse": [0.08562763035297394, 0.09195885807275772, 0.09770749509334564, 0.09508522599935532, 0.08874855935573578], "cpearsonr": [0.7295991346724139, 0.7129276204840581, 0.7279571073984763, 0.7267523518103578, 0.7435508129674756], "crmse": [0.08582054823637009, 0.09174105525016785, 0.09800741076469421, 0.09559005498886108, 0.08847588300704956]}