{"dpearsonr": [0.39786309520593094, 0.3708242398577425, 0.4146973365119011, 0.40770416037172863, 0.39267773512316373], "dspearmanr": [0.35529938258787597, 0.3321510599033654, 0.38964638201801394, 0.376216307227555, 0.3486810395638305], "drmse": [0.011073214001953602, 0.012944061309099197, 0.011632970534265041, 0.011717315763235092, 0.011671620421111584], "cpearsonr": [0.7872267681796811, 0.7870284201444451, 0.780072004990334, 0.7648351136448671, 0.7736306027630038], "cspearmanr": [0.7431900761466163, 0.7448488071390337, 0.7412989040567141, 0.7298938939402251, 0.7314604923104524], "crmse": [0.011377519927918911, 0.012900403700768948, 0.01158442348241806, 0.011848662979900837, 0.011777051724493504]}