{"dpearsonr": [0.06917280632276723, 0.062254477564063375, 0.057615542180181105, 0.08269811398866714, 0.06636815214453118], "dspearmanr": [0.0862848335717674, 0.05857396106881233, 0.060407080348105324, 0.09752733716756949, 0.08014793263768236], "drmse": [0.016066543757915497, 0.01619780622422695, 0.016226287931203842, 0.015926111489534378, 0.01608995534479618], "cpearsonr": [0.7465702724058102, 0.7466621151392739, 0.7461187022776617, 0.7473285648342037, 0.7466968316228308], "cspearmanr": [0.702057145218667, 0.7025329114675812, 0.7015938699485366, 0.7023716688902507, 0.7019854388041658], "crmse": [0.01595529541373253, 0.016085216775536537, 0.016103418543934822, 0.015822410583496094, 0.01597493886947632]}