{"dpearsonr": [0.05964578412835629, 0.08752458163078453, 0.065891047600616, 0.0796778640383226, 0.06799999668333223], "dspearmanr": [0.05591900540686696, 0.09506343030539739, 0.06861692689905938, 0.08367562280102421, 0.07374193402151015], "drmse": [0.014060629531741142, 0.015456883236765862, 0.015099437907338142, 0.01472947932779789, 0.014418943785130978], "cpearsonr": [0.7354061837864945, 0.7374633893024535, 0.730085913564672, 0.7181638275033142, 0.7234588217208506], "cspearmanr": [0.6923249531096317, 0.6874914793714189, 0.6863169085609148, 0.6800089021939968, 0.6749669998606269], "crmse": [0.014623419381678104, 0.015539884567260742, 0.01498451642692089, 0.01473466120660305, 0.014528650790452957]}