{"dpearsonr": [0.08298208772023623, 0.0899805747107391, 0.06744826804377985, 0.12036066477692665, 0.07940839011109362], "dspearmanr": [0.07398388935653744, 0.08178707450306043, 0.06682497397991378, 0.10252658848000372, 0.08299956140330682], "drmse": [0.014027964323759079, 0.015476744621992111, 0.015072433277964592, 0.014669135212898254, 0.014370482414960861], "cpearsonr": [0.7355460207490836, 0.7369159308603327, 0.730494031242836, 0.718727216582267, 0.7234070349305814], "cspearmanr": [0.6921365674091484, 0.6874632682051438, 0.6863041104118275, 0.6800592164560024, 0.675013208100819], "crmse": [0.014588706195354462, 0.01553990226238966, 0.014959903433918953, 0.014691312797367573, 0.01449093222618103]}