{"dpearsonr": [0.07142412155048014, 0.08287502684533424, 0.05680681044774935, 0.10648505099011354, 0.08461939340457471], "dspearmanr": [0.08362213627267628, 0.08002555098562317, 0.0822781800675599, 0.09899342496321062, 0.10281450925261518], "drmse": [0.01605222560465336, 0.016100937500596046, 0.016166068613529205, 0.015843292698264122, 0.01595752313733101], "cpearsonr": [0.7467654208824634, 0.7467558937275617, 0.7463959505462268, 0.7472222853350787, 0.7469856613783513], "cspearmanr": [0.7023018859796243, 0.702932772688354, 0.7012020866404279, 0.7020631605085972, 0.7021301406284971], "crmse": [0.01593162678182125, 0.015962187200784683, 0.016042931005358696, 0.015730392187833786, 0.015843600034713745]}