{"dpearsonr": [0.21574886445273692, 0.22261340320026174, 0.25083231110323345, 0.23318591669776553, 0.22001903368687406], "drmse": [0.09284500777721405, 0.09305724501609802, 0.09608621150255203, 0.10241703689098358, 0.10223917663097382], "cpearsonr": [0.7730195075762722, 0.7679681475228659, 0.7611941383344506, 0.7524502752018811, 0.7593173782915883], "crmse": [0.09315675497055054, 0.09311827272176743, 0.09563075751066208, 0.10260586440563202, 0.10248978435993195]}