{"dpearsonr": [0.4170963130785203, 0.3944746856017685, 0.4555094915886924, 0.4184253923214214, 0.44645868382164416], "dspearmanr": [0.3585933106229634, 0.35487520990839516, 0.4167978252688428, 0.37823458878877086, 0.3909358562422558], "drmse": [0.011011136695742607, 0.012626034207642078, 0.011180631816387177, 0.01159023866057396, 0.01117266621440649], "cpearsonr": [0.7868677756204654, 0.7852458541326784, 0.7797824223588439, 0.7682695190185774, 0.7777589930373587], "cspearmanr": [0.7433448338257423, 0.742473137265887, 0.7391969207121338, 0.7338605614770282, 0.733169870448759], "crmse": [0.011449539102613926, 0.012594155967235565, 0.011160043999552727, 0.011689472012221813, 0.011286665685474873]}