{"dpearsonr": [0.28523695358052964, 0.3065385562685532, 0.3283920595737745, 0.27582522650920005, 0.31541397708337515], "dspearmanr": [0.2308550727409126, 0.24463799791206275, 0.30486404462732136, 0.27319254252140096, 0.2523881924572138], "drmse": [0.013121241703629494, 0.014496668241918087, 0.0138322152197361, 0.013921461999416351, 0.013366895727813244], "cpearsonr": [0.7363459718223444, 0.7394523648560026, 0.7321965870722986, 0.7192682029420508, 0.7266180727753021], "cspearmanr": [0.6920925277449376, 0.687575762737998, 0.6872540191439418, 0.680793937952924, 0.6763787287789895], "crmse": [0.013601831160485744, 0.014483910985291004, 0.013804334215819836, 0.013968647457659245, 0.013451718725264072]}