{"dpearsonr": [NaN, NaN, NaN, NaN, NaN], "dspearmanr": [NaN, NaN, NaN, NaN, NaN], "drmse": [0.01777942292392254, 0.015373961068689823, 0.013493252918124199, 0.013437241315841675, 0.014140193350613117], "cpearsonr": [0.7295973177385195, 0.7127425716207267, 0.7283886519023162, 0.7272172220660917, 0.7438135984032217], "cspearmanr": [0.6896281412404379, 0.6702392153581361, 0.6821826786710844, 0.6724977123441755, 0.7044698408496066], "crmse": [0.01804329641163349, 0.015467844903469086, 0.01351796556264162, 0.013454833999276161, 0.014431918039917946]}