{"dpearsonr": [NaN, NaN, NaN, NaN, NaN], "drmse": [0.0836281031370163, 0.09169091284275055, 0.09804052114486694, 0.09665567427873611, 0.08774356544017792], "cpearsonr": [0.7294707340773768, 0.7127089050576317, 0.7274903810693374, 0.7265638412228805, 0.743853443490064], "crmse": [0.083818718791008, 0.09146959334611893, 0.09834238886833191, 0.09716936945915222, 0.08746796101331711]}