{"dpearsonr": [0.09131208233155941, 0.10064612199468408, 0.13101570668601914, 0.06817983098758082, 0.08056055330713938], "dspearmanr": [0.09159806087395603, 0.09598933682983149, 0.137080252662222, 0.07300309565964265, 0.08317225013236519], "drmse": [0.014871131628751755, 0.01641090400516987, 0.015490337274968624, 0.015580128878355026, 0.016082461923360825], "cpearsonr": [0.733494570586573, 0.7398815073201436, 0.7285050460343744, 0.71751180094228, 0.7237596675510926], "cspearmanr": [0.690835316144085, 0.6899694308001868, 0.687287870862585, 0.6801707091409497, 0.6788229685572345], "crmse": [0.01538446731865406, 0.01644630916416645, 0.015387394465506077, 0.015550140291452408, 0.01618313044309616]}