{"dpearsonr": [NaN, NaN, NaN, NaN, NaN], "drmse": [0.08512409031391144, 0.08455386012792587, 0.08504670858383179, 0.08494843542575836, 0.08448047190904617], "cpearsonr": [0.7395373341172365, 0.739625727860573, 0.7400508852920393, 0.7402136910099204, 0.7393664579866647], "crmse": [0.08578133583068848, 0.08519680052995682, 0.08568209409713745, 0.08558081090450287, 0.0851459801197052]}