{"dpearsonr": [0.0481737864684044, 0.05669144045848809, 0.05560697151373122, 0.05461443365517901, 0.052090087130928955], "dspearmanr": [0.04594640013683366, 0.05592971290479891, 0.05842494233949576, 0.05812759386640328, 0.05646273796143727], "drmse": [0.017677124589681625, 0.01792953722178936, 0.017575928941369057, 0.017978563904762268, 0.01735237054526806], "cpearsonr": [0.7397639723288029, 0.7362599637283858, 0.7387739883823721, 0.7333423821141956, 0.74157708783705], "cspearmanr": [0.6987575503045492, 0.6952102257313184, 0.6961487306085511, 0.6923012059884223, 0.7003982592732747], "crmse": [0.017573578283190727, 0.0179385244846344, 0.01745496690273285, 0.01778072863817215, 0.017299514263868332]}