{"dpearsonr": [NaN, NaN, NaN, NaN, NaN], "drmse": [0.08326340466737747, 0.08367424458265305, 0.08227850496768951, 0.08166538923978806, 0.08311939984560013], "cpearsonr": [0.739315605859811, 0.7394113337060189, 0.7401138211962058, 0.7402074682909889, 0.7394809638611363], "crmse": [0.08390922099351883, 0.08430494368076324, 0.08289315551519394, 0.0822877511382103, 0.08377578854560852]}