{"dpearsonr": [0.07166591158237984, 0.06290801064540695, 0.08815099196075644, 0.07429164310043655, 0.08202553424484682], "dspearmanr": [0.07604582582999873, 0.0766455762665621, 0.08473025063396443, 0.08189034566948936, 0.07013774815373794], "drmse": [0.178460493683815, 0.12808199226856232, 0.09610533714294434, 0.10602440685033798, 0.12375471740961075], "cpearsonr": [NaN, NaN, NaN, NaN, NaN], "cspearmanr": [NaN, NaN, NaN, NaN, NaN], "crmse": [0.17886337637901306, 0.12913018465042114, 0.09645219147205353, 0.10577061027288437, 0.12435843050479889]}