{"dpearsonr": [NaN, NaN, NaN, NaN, NaN], "drmse": [0.08477308601140976, 0.09254787117242813, 0.09551200270652771, 0.0982375293970108, 0.08600326627492905], "cpearsonr": [0.7295026220494772, 0.7128174113659954, 0.7276524782177435, 0.7263841321939565, 0.7438994012096867], "crmse": [0.0849635899066925, 0.09232480078935623, 0.09580297768115997, 0.09875556826591492, 0.08573506772518158]}