{"dpearsonr": [0.04909106206711192, 0.056780707542023155, 0.0569076657354753, 0.04708458991175582, 0.043497533879921065], "dspearmanr": [0.05618148239877137, 0.0518903885480023, 0.05698547869530031, 0.0550787007803471, 0.060877326630282516], "drmse": [0.018409734591841698, 0.019215499982237816, 0.019344529137015343, 0.018287530168890953, 0.017689131200313568], "cpearsonr": [0.7423270501578643, 0.7419551279591747, 0.7414084491896356, 0.7441698743948311, 0.7437630115601609], "cspearmanr": [0.6977983291460913, 0.6960277996741715, 0.6952303023846361, 0.6993097427925963, 0.6976023630987769], "crmse": [0.018208734691143036, 0.01902017556130886, 0.01913679949939251, 0.01813022792339325, 0.017588773742318153]}