{"dpearsonr": [0.06613904121488669, 0.09737087104626535, 0.08432009800727129, 0.12506722915622803, 0.05676572041660479], "dspearmanr": [0.06614679082261607, 0.09382272809522675, 0.08969944564883242, 0.11912425930529699, 0.06334614420864487], "drmse": [0.014869028702378273, 0.01634632796049118, 0.016042370349168777, 0.015140088275074959, 0.01625116355717182], "cpearsonr": [0.7337776240559195, 0.7367101423724317, 0.7269622632700655, 0.7212847460981584, 0.7201043881716638], "cspearmanr": [0.6905652546636634, 0.6875603548147403, 0.6866006666913602, 0.6825341422511589, 0.6746098777096023], "crmse": [0.015474224463105202, 0.01648692972958088, 0.015980230644345284, 0.015141701325774193, 0.016349298879504204]}