{"dpearsonr": [0.07221104267058932, 0.0821376072456829, 0.08776519093169054, 0.09583469983492122, 0.052866035855692044], "dspearmanr": [0.07567215697179369, 0.09250888240146281, 0.08667370611150967, 0.0889416021967753, 0.06890766173715138], "drmse": [0.015017600730061531, 0.01637420803308487, 0.01620141603052616, 0.015349983237683773, 0.01565600000321865], "cpearsonr": [0.7346810599573241, 0.736789747329348, 0.72933074202962, 0.7181551422192829, 0.7218033130686076], "cspearmanr": [0.6907055548264943, 0.6875908529544501, 0.6876011138009246, 0.6802813941105013, 0.6740847474131348], "crmse": [0.01564284786581993, 0.01642526686191559, 0.01608455553650856, 0.015362844802439213, 0.01571972668170929]}