{"dpearsonr": [0.07990054597330015, 0.09649780658587984, 0.06833371507570397, 0.07081218677650208, 0.059508445856334476], "dspearmanr": [0.06984508019693839, 0.09313926611821684, 0.058347187504121524, 0.07545099365679647, 0.062201085127635024], "drmse": [0.017114151269197464, 0.01766098104417324, 0.01760430447757244, 0.017222372815012932, 0.017399687319993973], "cpearsonr": [0.7385330410044193, 0.7356801325593829, 0.7375014267568589, 0.7408087910271131, 0.7375438869305327], "cspearmanr": [0.6988135964962673, 0.6950467329096849, 0.6944374387125231, 0.6983089836396242, 0.6971390021798266], "crmse": [0.017057815566658974, 0.017562413588166237, 0.017641613259911537, 0.017070818692445755, 0.017315689474344254]}