{"dpearsonr": [0.08158306988437145, 0.062121173077839154, 0.07500662992789157, 0.07795934349027735, 0.07426564362405072], "dspearmanr": [0.08558279527795394, 0.053843349202288136, 0.08102631275845541, 0.07987793453415128, 0.08008440397903185], "drmse": [0.302554190158844, 0.10214240849018097, 0.07044625282287598, 0.2662651538848877, 0.13317495584487915], "cpearsonr": [NaN, NaN, NaN, NaN, NaN], "cspearmanr": [NaN, NaN, NaN, NaN, NaN], "crmse": [0.30381786823272705, 0.1032978817820549, 0.07163121551275253, 0.26758185029029846, 0.13445693254470825]}