{"dpearsonr": [0.06492908488381584, 0.05478759642887212, 0.06695562326195062, 0.07095234065710931, 0.06428664658856013], "dspearmanr": [0.06395161282219479, 0.06410841400599113, 0.07195202542310818, 0.07315835946259971, 0.06690311636366471], "drmse": [0.014389784075319767, 0.016049260273575783, 0.015907960012555122, 0.015797637403011322, 0.014557315036654472], "cpearsonr": [0.7357831739313492, 0.7382183062700451, 0.7301414705057162, 0.717824942974306, 0.7237497194691787], "cspearmanr": [0.691003200729773, 0.6876230337109805, 0.6863241774569588, 0.6792134050206821, 0.6751118184395645], "crmse": [0.014990843832492828, 0.016139432787895203, 0.015791209414601326, 0.015763066709041595, 0.0146735068410635]}