{"dpearsonr": [0.04868032437580158, 0.05023902825307573, 0.04887718173771052, 0.04242856425574155, 0.05201710146932713], "dspearmanr": [0.04739687711960407, 0.06065782283210788, 0.05509907560433509, 0.055507769233123144, 0.05863909427501607], "drmse": [0.01789124682545662, 0.019351212307810783, 0.021516337990760803, 0.018896108493208885, 0.018553074449300766], "cpearsonr": [0.7440137339412363, 0.7433184831592744, 0.734374702816314, 0.7389399073347643, 0.7429491078091317], "cspearmanr": [0.6996649665230241, 0.6986865420942941, 0.688793388146546, 0.6958070135768192, 0.6959074797774574], "crmse": [0.01768520101904869, 0.01914115622639656, 0.021286992356181145, 0.018732454627752304, 0.018430596217513084]}