{"dpearsonr": [0.042233145716673984, 0.05370004274354016, 0.04750463502047521, 0.05211003138234919, 0.049546452978953937], "dspearmanr": [0.06434580288939751, 0.05701886751838073, 0.06886651988550582, 0.04866169126722027, 0.06258725029456184], "drmse": [0.018193935975432396, 0.022523382678627968, 0.01752331480383873, 0.018375011160969734, 0.01815352961421013], "cpearsonr": [0.7448633378890467, 0.7336373787329146, 0.7429409245070837, 0.7415624621331454, 0.7445693497205584], "cspearmanr": [0.7011745671761899, 0.6954573482564209, 0.6974654813543091, 0.6994185028360231, 0.7000958908867341], "crmse": [0.01802997849881649, 0.02225980907678604, 0.017428595572710037, 0.018205977976322174, 0.017974041402339935]}