{"dpearsonr": [0.08243470048979559, 0.06124029267705031, 0.06915879672572518, 0.045506052878115794, 0.056423613470617084], "dspearmanr": [0.085727566985875, 0.06385875326987574, 0.07330945960046768, 0.049395592046787486, 0.06298480581986986], "drmse": [0.017198199406266212, 0.017394477501511574, 0.017256464809179306, 0.018763680011034012, 0.01770710200071335], "cpearsonr": [0.74291653475487, 0.7402241165152293, 0.7433183909572112, 0.7409549024697913, 0.7413264251250781], "cspearmanr": [0.6989590543071948, 0.6963731190958248, 0.6989794035182688, 0.6990573321041694, 0.698477240048229], "crmse": [0.017096254974603653, 0.01725422963500023, 0.017158787697553635, 0.01859104633331299, 0.01753905415534973]}