{"dpearsonr": [0.10718316565534845, 0.12908841094677367, 0.13860223459887744, 0.1653881544481852, 0.07716020650048894], "dspearmanr": [0.11107322763678976, 0.12935975517418039, 0.13837911055928204, 0.12514451347056407, 0.07631369658724602], "drmse": [0.015024695545434952, 0.016470015048980713, 0.015291353687644005, 0.014755774289369583, 0.015388263389468193], "cpearsonr": [0.7397060068842997, 0.7376482550156664, 0.7351736415946728, 0.7248824632997161, 0.720340233547069], "cspearmanr": [0.6973620851337127, 0.6886919030055609, 0.6936231761682978, 0.6844251995302407, 0.6752089886694727], "crmse": [0.0155866090208292, 0.016576219350099564, 0.015210719779133797, 0.014781739562749863, 0.015501316636800766]}