{"dpearsonr": [0.05424491367400858, 0.05385444728807687], "dspearmanr": [0.05215631864855165, 0.04984364674161182], "drmse": [0.016357991844415665, 0.016417138278484344], "cpearsonr": [0.7461866223042759, 0.7471002009425372], "cspearmanr": [0.7016667172628752, 0.7028856688435527], "crmse": [0.01622912846505642, 0.01628848724067211]}