{"dpearsonr": [0.06781052258012922, 0.053950780449508635, 0.05617660109160428, 0.054853270838524176, 0.0635181667126242], "dspearmanr": [0.06661907562918472, 0.06216651876895449, 0.060724497094398214, 0.050952175930521315, 0.06517719175832835], "drmse": [0.0170273520052433, 0.019468121230602264, 0.0181928388774395, 0.0172539371997118, 0.017081065103411674], "cpearsonr": [0.7432362379767512, 0.742288918379969, 0.7430247548716793, 0.7441588583440323, 0.7448948172038811], "cspearmanr": [0.6983408411650501, 0.7010038889193748, 0.7006305795284059, 0.7005894747397103, 0.700113038958797], "crmse": [0.017137905582785606, 0.019307242706418037, 0.018038088455796242, 0.017095232382416725, 0.016964733600616455]}