{"dpearsonr": [0.06480135186141679, 0.057140172401180266, 0.05185258529298929, 0.05848282646512691, 0.057037819977859096], "dspearmanr": [0.05935997436429301, 0.05530370816976368, 0.04717052406671868, 0.06347652633790614, 0.06618785513269901], "drmse": [0.017226912081241608, 0.01745031028985977, 0.018686309456825256, 0.017175424844026566, 0.017065400257706642], "cpearsonr": [0.7455216904420421, 0.7450292572877867, 0.7432059861815161, 0.7466924720861875, 0.7450643220689754], "cspearmanr": [0.7009321211660027, 0.7014192225577592, 0.698948166983371, 0.7024630701823362, 0.7008535641876207], "crmse": [0.01709280163049698, 0.017289649695158005, 0.018543364480137825, 0.017020372673869133, 0.01692693680524826]}