{"dpearsonr": [0.11611822558176027, 0.14503027505359486, 0.15815967561949218, 0.16253428698055955, 0.14716809834019545], "dspearmanr": [0.10900610937893533, 0.11480861903970084, 0.1646641868428981, 0.14747925068949716, 0.1487397635800343], "drmse": [0.014591560699045658, 0.01667887344956398, 0.015279695391654968, 0.014915036037564278, 0.014886641874909401], "cpearsonr": [0.7375344105440738, 0.7394486270019547, 0.7327430150062038, 0.7233814940485733, 0.7292948135027565], "cspearmanr": [0.694319266601729, 0.6905725890982292, 0.6922548580065966, 0.6887848570387772, 0.6842125613069082], "crmse": [0.015086461789906025, 0.01671157404780388, 0.015272810123860836, 0.014926370233297348, 0.015006667003035545]}