{"dpearsonr": [0.07790722100822987, 0.06865016944279495], "dspearmanr": [0.08642766106695737, 0.07195080798974031], "drmse": [0.014008733443915844, 0.015588992275297642], "cpearsonr": [0.7358166384941018, 0.7377389384101453], "cspearmanr": [0.6926954893731946, 0.6873139562952386], "crmse": [0.014585636556148529, 0.015686575323343277]}