{"dpearsonr": [-0.0019793221158223113, -0.0032997821601539598, -0.0024683251141860403, 0.00019138886268290712, NaN], "drmse": [0.08473974466323853, 0.082725390791893, 0.08631834387779236, 0.08449500799179077, 0.08272848278284073], "cpearsonr": [0.7394001783719771, 0.7396356913435754, 0.7400627488591316, 0.7401950542265431, 0.7395008221792118], "crmse": [0.08539985120296478, 0.08336388319730759, 0.0869595855474472, 0.08512749522924423, 0.08338354527950287]}