{"dpearsonr": [NaN, NaN, NaN, NaN, NaN], "drmse": [0.08496902137994766, 0.08419369906187057, 0.08531198650598526, 0.08308321237564087, 0.08385399729013443], "cpearsonr": [0.7393701549417345, 0.7394919919312058, 0.7398964094762859, 0.7401437211307422, 0.7395432959161201], "crmse": [0.08562950044870377, 0.08483460545539856, 0.08595395088195801, 0.08370961993932724, 0.08451717346906662]}