{"dpearsonr": [NaN, NaN, NaN, NaN, NaN], "drmse": [0.08425091952085495, 0.08308222144842148, 0.08346875756978989, 0.08560000360012054, 0.08331432938575745], "cpearsonr": [0.7395472721021564, 0.7396082649295064, 0.7399048638224037, 0.7402805791734224, 0.7393061903095081], "crmse": [0.08491040766239166, 0.08372220396995544, 0.08409778028726578, 0.08624432235956192, 0.08397511392831802]}