{"dpearsonr": [NaN, NaN, NaN, NaN, NaN], "drmse": [0.08384348452091217, 0.08382946997880936, 0.08379705250263214, 0.0856499895453453, 0.08339115977287292], "cpearsonr": [0.7394326456515673, 0.7396045250256705, 0.7400786019972269, 0.7402310036250949, 0.7394542183903097], "crmse": [0.08449748903512955, 0.08446986973285675, 0.08442443609237671, 0.08629149198532104, 0.08405501395463943]}