{"dpearsonr": [0.051607300596984915, 0.06875836479597328, 0.08925252108661196, 0.07725931991727629, 0.06707777486040709], "dspearmanr": [0.0590980241566299, 0.07947023041788209, 0.09288321242028047, 0.0823613833276569, 0.058862762636659516], "drmse": [0.017310483381152153, 0.01803898997604847, 0.01778452843427658, 0.016871722415089607, 0.01820317842066288], "cpearsonr": [0.7376683213404982, 0.7379356478177066, 0.7357003803052976, 0.7406529950502727, 0.7381003226930271], "cspearmanr": [0.6938733272347267, 0.6975822853044795, 0.6922444335202974, 0.6975165477561686, 0.6958822019868137], "crmse": [0.017136625945568085, 0.01788840815424919, 0.017576178535819054, 0.016703125089406967, 0.018120601773262024]}