{"dpearsonr": [0.07966970495100478, 0.10789604580838089, 0.09508701616009288, 0.05798298222813286, 0.0714013740454432], "dspearmanr": [0.07606084639199256, 0.11004840972674605, 0.07887434586280459, 0.06479993125488623, 0.07393388375913876], "drmse": [0.014028576202690601, 0.015702232718467712, 0.015007366426289082, 0.015029439702630043, 0.014388800598680973], "cpearsonr": [0.736300992613063, 0.7379579258563483, 0.7307256965184824, 0.7191446438163549, 0.7239841580837774], "cspearmanr": [0.6919459686403706, 0.6874999624189314, 0.6872690362054463, 0.6807051664311626, 0.6753228127166546], "crmse": [0.01456849742680788, 0.015743950381875038, 0.014907125383615494, 0.015020026825368404, 0.014493181370198727]}