{"dpearsonr": [0.05225159011069711, 0.049578106316217535, 0.05620562136972938, 0.06059233884483755, 0.06828550223467555], "dspearmanr": [0.05659557475435294, 0.055338294137628016, 0.06315493353578812, 0.05493220934337839, 0.05416521795673729], "drmse": [0.01860085316002369, 0.01753733493387699, 0.01959550753235817, 0.018915638327598572, 0.018221886828541756], "cpearsonr": [0.7450045654225353, 0.7452599853237454, 0.7400033747019208, 0.742918727848735, 0.7447121011097781], "cspearmanr": [0.6996482290495498, 0.7012023626136186, 0.6933112007745053, 0.6956957299418116, 0.6996323169850837], "crmse": [0.018469512462615967, 0.01738799549639225, 0.019486064091324806, 0.018713250756263733, 0.01815868355333805]}