{"dpearsonr": [0.08720913206274039, 0.08332024816509856, 0.07972787275324877, 0.061840704835986096, 0.07255974124848368], "dspearmanr": [0.0789005421383411, 0.08215757280408766, 0.08960632175715985, 0.06769160613386817, 0.07270395575027573], "drmse": [0.014538993127644062, 0.016201196238398552, 0.015789207071065903, 0.017528919503092766, 0.014791055582463741], "cpearsonr": [0.736414259509433, 0.7386769760216432, 0.7295449864807783, 0.7188355130161385, 0.7240392519176065], "cspearmanr": [0.6914767398544065, 0.6883197954051739, 0.686138044258644, 0.6802081197991987, 0.6750232753592774], "crmse": [0.015118960291147232, 0.016331691294908524, 0.015706637874245644, 0.01790727861225605, 0.01490045990794897]}