{"dpearsonr": [NaN, NaN, NaN, NaN, NaN], "drmse": [0.08431506156921387, 0.08161169290542603, 0.08438912034034729, 0.08271859586238861, 0.08095932006835938], "cpearsonr": [0.7393700453543869, 0.739658953262489, 0.7399886885298864, 0.7402404800588888, 0.7393111539755074], "crmse": [0.08496758341789246, 0.08223691582679749, 0.08501093834638596, 0.08334366232156754, 0.08160687237977982]}