{"dpearsonr": [0.05954708191472319, 0.047788156966396864, 0.05661304188611356, 0.07722525102596313, 0.04568420571512196], "dspearmanr": [0.06867375608987585, 0.0588929013049933, 0.062032874511039185, 0.07844310303676698, 0.05395589051244265], "drmse": [0.016765553504228592, 0.01756729930639267, 0.0170116163790226, 0.01728717051446438, 0.017651556059718132], "cpearsonr": [0.7463226511415196, 0.7453216790288872, 0.7437193745263384, 0.7445188129582784, 0.7430771216382754], "cspearmanr": [0.7025434208431649, 0.701639915569939, 0.6995524254163052, 0.6995008498406043, 0.6987126970985571], "crmse": [0.016611482948064804, 0.017452498897910118, 0.016868503764271736, 0.017157897353172302, 0.017511852085590363]}