{"dpearsonr": [0.08386291728925971, 0.128466740774117, 0.08744745591158266, 0.08184815688848565, 0.07515839779615222], "dspearmanr": [0.07491886949869798, 0.12049441442650656, 0.09756692258173344, 0.0660632583035162, 0.06269791502115168], "drmse": [0.015989098697900772, 0.015673955902457237, 0.015999414026737213, 0.01869015581905842, 0.014703773893415928], "cpearsonr": [0.7349886587338261, 0.7374200640703952, 0.730447951852765, 0.7134806749909118, 0.7229085746302248], "cspearmanr": [0.6919583848717662, 0.6881225335202072, 0.6866954890673058, 0.6777812820482536, 0.6743272684390684], "crmse": [0.01645173318684101, 0.015743931755423546, 0.015885528177022934, 0.019004635512828827, 0.014835343696177006]}