{"dpearsonr": [0.05786074943002943, 0.04986436692298982, 0.04870010791558101, 0.05742343911645773, 0.07332772417147274], "dspearmanr": [0.0580355753866808, 0.05186719599779988, 0.0530454517933994, 0.06421241095288961, 0.07379582849580917], "drmse": [0.01855546236038208, 0.020208235830068588, 0.017755728214979172, 0.0186487827450037, 0.017222706228494644], "cpearsonr": [0.7443523925503377, 0.7365621010726542, 0.7431819603737733, 0.7373913002736092, 0.7424452849621792], "cspearmanr": [0.7023926264648823, 0.696814136371219, 0.6987164961797361, 0.693612312748128, 0.6988544021795778], "crmse": [0.018371915444731712, 0.020219342783093452, 0.017531882971525192, 0.018429331481456757, 0.01710466295480728]}