{"dpearsonr": [0.07179373617774763, 0.07288865023051541, 0.08221405546016429, 0.0801206619581139, 0.07819299860686695], "dspearmanr": [0.0628680932399857, 0.05885408766153271, 0.08580469042400106, 0.08900842737386577, 0.08765708654134774], "drmse": [0.2788284420967102, 0.10688838362693787, 0.09279395639896393, 0.24021436274051666, 0.13076244294643402], "cpearsonr": [NaN, NaN, NaN, NaN, NaN], "cspearmanr": [NaN, NaN, NaN, NaN, NaN], "crmse": [0.2791650593280792, 0.10731391608715057, 0.09258943796157837, 0.24282343685626984, 0.13086633384227753]}