{"dpearsonr": [0.06728771994604932, 0.12948735315025678, 0.06620844119473304, 0.107739311260642, 0.05916721678318167], "dspearmanr": [0.07131626390335026, 0.12861095841752207, 0.07602646283926834, 0.09010548251230925, 0.06100388112140097], "drmse": [0.014910734258592129, 0.015854891389608383, 0.015808183699846268, 0.015144961886107922, 0.014880567789077759], "cpearsonr": [0.7357225788503187, 0.7429708081730179, 0.7289543198267971, 0.717937270873996, 0.7238075634581352], "cspearmanr": [0.691253440385861, 0.692273776879474, 0.6861074387323219, 0.6803143036790492, 0.675239902962939], "crmse": [0.015520013868808746, 0.015883630141615868, 0.01573464833199978, 0.015164889395236969, 0.01500717643648386]}