{"dpearsonr": [0.060120576580852784, 0.047368799674568765, 0.048907190671059274, 0.06675098498427018, 0.051000004606584805], "dspearmanr": [0.05698802828528867, 0.04056995640374148, 0.05290184954066543, 0.07157102178106603, 0.05042145355345452], "drmse": [0.01768254116177559, 0.01812126487493515, 0.017592713236808777, 0.017316322773694992, 0.017706701532006264], "cpearsonr": [0.739963749432623, 0.7270574416918608, 0.7334078991002779, 0.736624620251646, 0.7327050161097401], "cspearmanr": [0.6975539475248154, 0.6871757705868873, 0.6928716569431164, 0.6946128243952145, 0.6901374877107798], "crmse": [0.017592385411262512, 0.018018526956439018, 0.0174754336476326, 0.017219994217157364, 0.017589271068572998]}