{"dpearsonr": [0.07774634314406968, 0.07218918820901409, 0.07977819676038726, 0.06856429583711503, 0.07802327044961391], "dspearmanr": [0.0806385613066212, 0.07395941235217403, 0.07584064357051237, 0.0739067225163341, 0.0775933933583725], "drmse": [0.014200132340192795, 0.01639014109969139, 0.015921084210276604, 0.015538551844656467, 0.01704595610499382], "cpearsonr": [0.7354359603919194, 0.7358230555365781, 0.728524644274078, 0.7172325115464162, 0.7185465077419415], "cspearmanr": [0.6910784967788667, 0.6863630266482449, 0.6848268606040157, 0.6812729989101479, 0.6729505366990027], "crmse": [0.014705365523695946, 0.016557510942220688, 0.01581083983182907, 0.015534422360360622, 0.017332671210169792]}