{"dpearsonr": [0.07181703430268929, 0.0556818541370515, 0.05409948252787596, 0.06531518416955417, 0.051218905822622646], "dspearmanr": [0.06303028184026216, 0.063265241946609, 0.052876576802144575, 0.06943245936435427, 0.06086368689138632], "drmse": [0.016887133941054344, 0.017113806679844856, 0.017016934230923653, 0.016978230327367783, 0.01692744717001915], "cpearsonr": [0.7436405460870144, 0.745292121579083, 0.744570022483852, 0.7435725089868381, 0.7444834571895048], "cspearmanr": [0.6985638184376791, 0.7014778320430112, 0.6990229648724539, 0.699520108930112, 0.7010228655926624], "crmse": [0.016733096912503242, 0.016973529011011124, 0.01686147414147854, 0.01682109944522381, 0.016829797998070717]}