{"dpearsonr": [NaN, NaN, NaN, NaN, NaN], "drmse": [0.08197244256734848, 0.08064485341310501, 0.08222193270921707, 0.08425097167491913, 0.0823817327618599], "cpearsonr": [0.739164150750252, 0.7396089986329847, 0.7401442012884102, 0.7401515432720805, 0.7394114982614163], "crmse": [0.0826185941696167, 0.08126809448003769, 0.08284199237823486, 0.08488066494464874, 0.08303568512201309]}