{"dpearsonr": [0.05515609199099938, 0.059751953349023224, 0.059659954797988066, 0.06519819318913343, 0.06006802862584701], "dspearmanr": [0.06146226156293475, 0.06273991993467924, 0.0539050707933579, 0.06753316797780863, 0.05670861508244873], "drmse": [0.016698366031050682, 0.017080428078770638, 0.017153268679976463, 0.01678646169602871, 0.017499638721346855], "cpearsonr": [0.7449404716435769, 0.744414250491032, 0.7429623652111058, 0.7427004436730819, 0.7436071508644809], "cspearmanr": [0.7014259109571244, 0.7010575996400068, 0.6991013244487065, 0.6993165174622237, 0.7007835173549842], "crmse": [0.01655910722911358, 0.016947895288467407, 0.017014462500810623, 0.0166837926954031, 0.017359616234898567]}