{"dpearsonr": [NaN, NaN, NaN, NaN, NaN], "drmse": [0.08211392164230347, 0.08178574591875076, 0.08479781448841095, 0.08429843187332153, 0.0834193080663681], "cpearsonr": [0.7393363525822254, 0.7396144782686114, 0.7399677274853097, 0.7403072490689327, 0.739301872763776], "crmse": [0.08275539427995682, 0.08241606503725052, 0.08542262762784958, 0.08493226021528244, 0.0840756744146347]}