{"dpearsonr": [0.04277271576193623, 0.052302516414640364, 0.05265250064812334, 0.0913956332811635, 0.06846861259962934], "dspearmanr": [0.05126970939686764, 0.05037685427875586, 0.04713779110378159, 0.09122443812051888, 0.05831081869299959], "drmse": [0.018253471702337265, 0.017546774819493294, 0.01762748882174492, 0.017507482320070267, 0.017530102282762527], "cpearsonr": [0.7450185577754681, 0.7407446037486262, 0.7458149568177473, 0.7455542237886319, 0.7445736437442327], "cspearmanr": [0.7017704127757581, 0.6994368002951634, 0.7009972531603051, 0.6999858003910185, 0.6990392885193305], "crmse": [0.01805105060338974, 0.017395418137311935, 0.0174692515283823, 0.017385320737957954, 0.017390621826052666]}