{"dpearsonr": [0.0758759171578789, 0.06896883633984016, 0.06098000300042209, 0.07136579592030409, 0.07872423077491576], "dspearmanr": [0.06642433683383961, 0.08699174100030055, 0.08113871048842412, 0.07503905506964642, 0.0772387167265571], "drmse": [0.01463768258690834, 0.016341382637619972, 0.016386782750487328, 0.015324347652494907, 0.01507717464119196], "cpearsonr": [0.7361328397458623, 0.7378654986866209, 0.7288041130069994, 0.7170809092833883, 0.723619094564205], "cspearmanr": [0.6914376922735509, 0.6875957642282664, 0.6858749496801028, 0.6793803880863778, 0.6746280359219123], "crmse": [0.01523282378911972, 0.016400763764977455, 0.016296768561005592, 0.015291436575353146, 0.015178841538727283]}