{"dpearsonr": [NaN, NaN, NaN, NaN, NaN], "drmse": [0.08648507297039032, 0.0942765399813652, 0.09856905043125153, 0.09530061483383179, 0.0882035568356514], "cpearsonr": [0.7294733533385579, 0.7127259478048679, 0.727164462673228, 0.7264748071080995, 0.7438908035779823], "crmse": [0.08667933195829391, 0.0940520390868187, 0.09886838495731354, 0.0958128273487091, 0.08793018013238907]}