{"dpearsonr": [0.0683099590620782, 0.07936698338905752, 0.055102564066833386, 0.07978646726182298, 0.08845989258071013], "dspearmanr": [0.0693546178438498, 0.08749280093723816, 0.07435893010520091, 0.07592798818213367, 0.08340459811322136], "drmse": [0.014324696734547615, 0.018752766773104668, 0.016063371673226357, 0.015820875763893127, 0.014539871364831924], "cpearsonr": [0.7345393881203974, 0.7314590762684352, 0.7282312933212607, 0.7165550324613882, 0.7238252848690531], "cspearmanr": [0.6910748943074477, 0.6850716846930667, 0.6840432788311289, 0.6792085641117676, 0.6749034776513896], "crmse": [0.01494674477726221, 0.018924320116639137, 0.015948785468935966, 0.015803659334778786, 0.014644317328929901]}