{"dpearsonr": [NaN, NaN, NaN, NaN, NaN], "drmse": [0.08164989203214645, 0.08296367526054382, 0.08396589010953903, 0.08413519710302353, 0.08219960331916809], "cpearsonr": [0.7394166642887428, 0.7396416474412082, 0.7400824906338234, 0.7401994421245339, 0.7394476824047056], "crmse": [0.08229552209377289, 0.08359872549772263, 0.08459331095218658, 0.08476970344781876, 0.08285591006278992]}