{"dpearsonr": [0.050073055194588004, 0.058415180248317426, 0.04512359903621056, 0.055370683675385717, 0.05698167624320104], "dspearmanr": [0.0599834402279537, 0.06241757951347365, 0.05516969134223042, 0.061188021048117484, 0.061565078844445315], "drmse": [0.016867829486727715, 0.01681884378194809, 0.018042219802737236, 0.018040472641587257, 0.016985634341835976], "cpearsonr": [0.7441534364953454, 0.7450072252585085, 0.7423614184468516, 0.7438099604293871, 0.7446833930655141], "cspearmanr": [0.7008633558521181, 0.7003787971507035, 0.698535147906566, 0.6998953381690846, 0.7013940226685491], "crmse": [0.01670270413160324, 0.016679948195815086, 0.017904937267303467, 0.01805737428367138, 0.016891255974769592]}