{"dpearsonr": [NaN, NaN, NaN, -0.0037219667854045753, NaN], "drmse": [0.08576968312263489, 0.09307153522968292, 0.09651453047990799, 0.09806644171476364, 0.08762217313051224], "cpearsonr": [0.7296534430163616, 0.7127372189234085, 0.7275261183348186, 0.7267069605239933, 0.7438945981969749], "crmse": [0.085960753262043, 0.09284790605306625, 0.09681052714586258, 0.09858649224042892, 0.08735545724630356]}