{"dpearsonr": [0.05237514254575112, 0.055880590529818745, 0.0522046352208413, 0.05241520110094548, 0.05757037756418773], "dspearmanr": [0.05880414427634084, 0.05954750469286925, 0.048785513458488076, 0.05875841577000477, 0.053395621577192534], "drmse": [0.018005194142460823, 0.018069401383399963, 0.018006877973675728, 0.018696721643209457, 0.017000660300254822], "cpearsonr": [0.7457155055174203, 0.745229483934995, 0.7446091264254919, 0.7419215118339233, 0.7439669289724141], "cspearmanr": [0.7011241488728183, 0.7019068855575626, 0.6994110331500125, 0.6976172925683212, 0.7000347502840284], "crmse": [0.017837058752775192, 0.017873898148536682, 0.017838139086961746, 0.01847895048558712, 0.016894763335585594]}