{"dpearsonr": [NaN, NaN, NaN, NaN, NaN], "drmse": [0.08316637575626373, 0.09298250079154968, 0.09712165594100952, 0.09646721184253693, 0.08647140115499496], "cpearsonr": [0.7295897383960307, 0.7128095594445262, 0.7276894963461752, 0.7265369048428473, 0.7438835336003772], "crmse": [0.08336124569177628, 0.09276026487350464, 0.09741950780153275, 0.09698077291250229, 0.08620720356702805]}