{"dpearsonr": [NaN, NaN, NaN, NaN, NaN], "drmse": [0.08664379268884659, 0.09466183930635452, 0.09827990084886551, 0.09736081957817078, 0.08884923160076141], "cpearsonr": [0.7296480777860249, 0.7127802961337605, 0.7275785703005235, 0.7265875337095796, 0.743860647262031], "crmse": [0.08683449029922485, 0.09443538635969162, 0.0985809788107872, 0.09787587821483612, 0.08857227116823196]}