{"dpearsonr": [0.0700177328556333, 0.05974556456920318, 0.056316359331336587, 0.06757180778739262, 0.05291886816772087], "dspearmanr": [0.06488754476229074, 0.062075018130338104, 0.0572745538711421, 0.0658943614781494, 0.056288516280445657], "drmse": [0.016978401690721512, 0.01692696288228035, 0.017004981637001038, 0.01676325686275959, 0.017036229372024536], "cpearsonr": [0.7430212749113726, 0.7443449078878019, 0.7428844039968369, 0.7451714409210894, 0.7435134888905736], "cspearmanr": [0.7001267200559994, 0.7014787039056778, 0.6995653364341882, 0.7022003982000521, 0.7001394200593122], "crmse": [0.016820788383483887, 0.016812724992632866, 0.01689925231039524, 0.016669148579239845, 0.016913317143917084]}