{"dpearsonr": [0.1591006679603269, 0.17333008696731744, 0.18639546399500712, 0.09240205392600492, 0.14019860878903503], "dspearmanr": [0.13394097390983992, 0.14708603042480248, 0.16648238521337896, 0.10097565221809408, 0.1106116003384317], "drmse": [0.013915528543293476, 0.015346686355769634, 0.014707852154970169, 0.017719576135277748, 0.014597944915294647], "cpearsonr": [0.7409484651541327, 0.7413001373221602, 0.7328970358709764, 0.7204559587190386, 0.7302494166717558], "cspearmanr": [0.6977968645891033, 0.6957442754219594, 0.690500108172841, 0.6861313530564432, 0.682202829485075], "crmse": [0.014445900917053223, 0.015442601405084133, 0.014671669341623783, 0.017631009221076965, 0.014696805737912655]}