{"dpearsonr": [NaN, NaN, NaN, NaN, NaN], "drmse": [0.08502712845802307, 0.09134569764137268, 0.09699412435293198, 0.09611093997955322, 0.0868559181690216], "cpearsonr": [0.7295626975153224, 0.7127580733460469, 0.7276882642568682, 0.7265746511579462, 0.7438073894117717], "crmse": [0.08521661907434464, 0.09112460911273956, 0.09729200601577759, 0.09661954641342163, 0.08658576011657715]}