{"dpearsonr": [0.05324815943510046, 0.052652955614148546, 0.04482970346756548, 0.04525031336384898, 0.053309504209585204], "dspearmanr": [0.05803088468296677, 0.05982736672237025, 0.059419990301625494, 0.056644715344942725, 0.05424493801854133], "drmse": [0.01763954944908619, 0.018368031829595566, 0.01789889857172966, 0.019778596237301826, 0.017628613859415054], "cpearsonr": [0.7429325551577657, 0.7436206971269138, 0.7416070505162317, 0.7384586696455835, 0.7451962646257964], "cspearmanr": [0.6981199096913939, 0.6993746532853786, 0.6935138839313147, 0.6917959114326595, 0.6989152083919844], "crmse": [0.017472218722105026, 0.018300408497452736, 0.017736725509166718, 0.019519146531820297, 0.01750250533223152]}