{"dpearsonr": [0.06311671665085176, 0.07520984078898924, 0.06628046550111603, 0.06688716440801512, 0.06836516985308175], "dspearmanr": [0.07231702270379851, 0.07205050842183579, 0.0763448714100626, 0.07088073362310471, 0.07244542499999197], "drmse": [0.014450887218117714, 0.01660560630261898, 0.016414320096373558, 0.015584312379360199, 0.01541274506598711], "cpearsonr": [0.7352769070542097, 0.7371597792107379, 0.7296603958926076, 0.7174346964296427, 0.7224339460955282], "cspearmanr": [0.691077159247306, 0.6873053617534759, 0.6859935562960465, 0.6799665452568029, 0.674421568543327], "crmse": [0.015143577009439468, 0.016744498163461685, 0.016272351145744324, 0.015554406680166721, 0.015475801192224026]}