{"dpearsonr": [0.19154764956092923, 0.19287529359585634, 0.24820172690579004, 0.2329033451513152, 0.16961299160863838], "dspearmanr": [0.1471280055581957, 0.17214726919342196, 0.23237917397732394, 0.2200122288686516, 0.1447523531684106], "drmse": [0.013763799332082272, 0.015125301666557789, 0.014003720134496689, 0.013884068466722965, 0.014307806268334389], "cpearsonr": [0.747554100883657, 0.7474967280340123, 0.7410275352468528, 0.7308241737352442, 0.736025766850821], "cspearmanr": [0.7067274842442982, 0.7002769552629869, 0.6989185594763121, 0.6934539195739332, 0.6886527846863044], "crmse": [0.014166625216603279, 0.01516022440046072, 0.013942692428827286, 0.013918865472078323, 0.01438272837549448]}