{"dpearsonr": [0.050517542923566895, 0.0781894237479621, 0.054758463914246894, 0.0725508597647197, 0.04544563405455154], "dspearmanr": [0.05362455251181206, 0.07369838001110864, 0.0577153780545071, 0.06691299729482672, 0.04215795573972502], "drmse": [0.01870354637503624, 0.016611706465482712, 0.01721135899424553, 0.017630307003855705, 0.017250413075089455], "cpearsonr": [0.7375595655546613, 0.7451656624893266, 0.7454323876482074, 0.7424800020205928, 0.7450132486721623], "cspearmanr": [0.6946282781941231, 0.7023841825677041, 0.70017882823373, 0.7003446387820643, 0.7010500647643073], "crmse": [0.018514975905418396, 0.016482515260577202, 0.017079073935747147, 0.017463846132159233, 0.017079437151551247]}