{"dpearsonr": [0.06687403781324798, 0.07233590912046518, 0.05516440433981428, 0.04672750761768104, 0.09213287564380811], "dspearmanr": [0.05998236147570984, 0.07976417343965499, 0.049613411301361494, 0.051268059240552936, 0.08311942667563571], "drmse": [0.017422934994101524, 0.01685737818479538, 0.01755833812057972, 0.02096479758620262, 0.016614554449915886], "cpearsonr": [0.743900084186338, 0.7455406937969808, 0.7425040443958021, 0.7402753616508903, 0.7462272968925432], "cspearmanr": [0.6991108083748226, 0.7017189901606955, 0.697907373934694, 0.6973860493603956, 0.7018531782496438], "crmse": [0.017545122653245926, 0.01674334704875946, 0.017408402636647224, 0.02078014612197876, 0.0164958406239748]}