{"dpearsonr": [0.05641133851169225, 0.04930842755023834, 0.04819684818886013, 0.09121373299218652, 0.053358544344113065], "dspearmanr": [0.06068537133803717, 0.0541228757201284, 0.04749858340898204, 0.09401084945791004, 0.05648673335093627], "drmse": [0.01720465160906315, 0.01837434247136116, 0.0176229327917099, 0.01653897576034069, 0.01721091754734516], "cpearsonr": [0.7444585378082675, 0.742138190649118, 0.7394597459496111, 0.7457651216840678, 0.7409255446472636], "cspearmanr": [0.7014905732703286, 0.7021391901595713, 0.6957116455061503, 0.7010981491032414, 0.6995230697627031], "crmse": [0.01703738421201706, 0.018202055245637894, 0.017552684992551804, 0.016455143690109253, 0.01716487854719162]}