{"dpearsonr": [NaN, NaN, NaN, NaN, NaN], "drmse": [0.08582957088947296, 0.09151069819927216, 0.09758017957210541, 0.09493163228034973, 0.08516784012317657], "cpearsonr": [0.7295618291630829, 0.7129055814607168, 0.7277040556448106, 0.7265164155144568, 0.7439604883046151], "crmse": [0.08602017164230347, 0.0912938043475151, 0.09787818789482117, 0.09543776512145996, 0.08490479737520218]}