{"dpearsonr": [0.07314210018812499, 0.07512817264970334, 0.08357911227180667, 0.10169854685619795, 0.0754609469577091], "dspearmanr": [0.07261274646026873, 0.09223551642382775, 0.09183111467333746, 0.09193018798964958, 0.09125775575715037], "drmse": [0.014712801203131676, 0.016210243105888367, 0.015729069709777832, 0.015455508604645729, 0.014904546551406384], "cpearsonr": [0.7332257724770743, 0.7377022320188885, 0.7300123541945793, 0.7194298358722845, 0.7228724801692257], "cspearmanr": [0.6911490682304805, 0.6882591728020562, 0.685988392312835, 0.683254376867737, 0.6760534872554811], "crmse": [0.015202604234218597, 0.016291940584778786, 0.01559088472276926, 0.015544118359684944, 0.014979932457208633]}