{"dpearsonr": [0.06523104674577729, 0.07369239051445725, 0.048522470747288104, 0.06079686755820758, 0.06706479734569044], "dspearmanr": [0.0712278785611186, 0.06396279845983394, 0.04731001331239569, 0.0655500405524798, 0.05957890255052588], "drmse": [0.01777780055999756, 0.01773238368332386, 0.018401743844151497, 0.017427224665880203, 0.017266497015953064], "cpearsonr": [0.7331528627141352, 0.734850568883154, 0.7358682002645915, 0.7349548716110292, 0.737444349813278], "cspearmanr": [0.6898376718414341, 0.6941102308571043, 0.6937328511982664, 0.6934048306432079, 0.6953726203503593], "crmse": [0.017580753192305565, 0.017621053382754326, 0.018297769129276276, 0.017315931618213654, 0.017178894951939583]}