{"dpearsonr": [0.06553210309382106, 0.12581975889016134, 0.10950673589494556, 0.08605929824642806, 0.059193932784115735], "dspearmanr": [0.0715796182417274, 0.13119006582210962, 0.10788505959406974, 0.09186419018152488, 0.07001821280245514], "drmse": [0.019532155245542526, 0.015660012140870094, 0.015648048371076584, 0.015124175697565079, 0.01714286580681801], "cpearsonr": [0.7230038297317388, 0.737555324582358, 0.7295060124708638, 0.7189675482272418, 0.7214556645077563], "cspearmanr": [0.6828604470982008, 0.6888058007735568, 0.6852823515734807, 0.6811744103866233, 0.6758096021264902], "crmse": [0.02017912268638611, 0.015721384435892105, 0.015577053651213646, 0.015162955038249493, 0.01714344695210457]}