{"dpearsonr": [0.07667666870244552, 0.07271813934824817, 0.07468348156602204, 0.07622825769463283, 0.075659582562142], "dspearmanr": [0.0827936649813671, 0.05448936375645293, 0.0782643617693998, 0.08092168447868815, 0.07997611970562721], "drmse": [0.1853712499141693, 0.13514477014541626, 0.08770743012428284, 0.08697706460952759, 0.0937819555401802], "cpearsonr": [NaN, NaN, NaN, NaN, NaN], "cspearmanr": [NaN, NaN, NaN, NaN, NaN], "crmse": [0.18642552196979523, 0.13638921082019806, 0.08897660672664642, 0.0885692685842514, 0.09535665810108185]}