{"dpearsonr": [0.07153828621233776, 0.09992439406110054, 0.07433487055852221, 0.0751826022114381, 0.06959099736160528], "dspearmanr": [0.07087392498355209, 0.10624904521311919, 0.08765419432812407, 0.07989942553148052, 0.07465608644047014], "drmse": [0.014852963387966156, 0.016113173216581345, 0.016255877912044525, 0.01603664457798004, 0.015114577487111092], "cpearsonr": [0.7341277817098947, 0.7378587023559119, 0.7289470942035978, 0.7163285207852762, 0.7232795446680376], "cspearmanr": [0.6917324924841101, 0.6882287748441869, 0.6875913529959485, 0.6789972283590204, 0.6758617587969584], "crmse": [0.01538420096039772, 0.016347896307706833, 0.016150787472724915, 0.01603112556040287, 0.015251822769641876]}