{"dpearsonr": [0.07270739044739788, 0.06393623668340793, 0.07007223769480551, 0.0782578856846689, 0.070729564706943], "dspearmanr": [0.0608158978332886, 0.08097356472329088, 0.06976530537461388, 0.08451012446098932, 0.06959982927133683], "drmse": [0.17986461520195007, 0.1064126193523407, 0.12855926156044006, 0.2008904665708542, 0.14451545476913452], "cpearsonr": [NaN, NaN, NaN, NaN, NaN], "cspearmanr": [NaN, NaN, NaN, NaN, NaN], "crmse": [0.18098090589046478, 0.10778161138296127, 0.13010522723197937, 0.20211684703826904, 0.14561468362808228]}