{"dpearsonr": [0.05524170923241533, 0.04779364433731657, 0.06394046910518911, 0.0775844159782427, 0.05762749726065233], "dspearmanr": [0.05187624092575258, 0.04734849588622102, 0.0610474552114498, 0.08120358175111612, 0.05840504197936835], "drmse": [0.01719779334962368, 0.017631784081459045, 0.01709878258407116, 0.017187051475048065, 0.01719774305820465], "cpearsonr": [0.7423757444715416, 0.7415499144662834, 0.7437090471729494, 0.7426756155347699, 0.7424307212578871], "cspearmanr": [0.7003190344289556, 0.7001079064611618, 0.7002692413422801, 0.698737943755874, 0.700690841147886], "crmse": [0.017053861171007156, 0.017519511282444, 0.016972562298178673, 0.017069093883037567, 0.017070282250642776]}