{"dpearsonr": [0.0827431843469833, 0.09024847848154154, 0.07319376169256378, 0.05430445746149214, 0.060236369752779774], "dspearmanr": [0.09191120153036145, 0.0796041662288979, 0.07917652181162985, 0.045941956274231345, 0.06344956565698505], "drmse": [0.01598469354212284, 0.01636231131851673, 0.016138968989253044, 0.016335686668753624, 0.01618150994181633], "cpearsonr": [0.746950405195356, 0.7464540836981202, 0.7466606612205915, 0.7471554273570896, 0.7472891224667542], "cspearmanr": [0.7019402097573763, 0.7028005008030443, 0.7016593782387347, 0.7027473568173364, 0.702564400142596], "crmse": [0.015889635309576988, 0.016289222985506058, 0.01601857878267765, 0.016215942800045013, 0.016061564907431602]}