{"dpearsonr": [0.07200521087149929, 0.09174816960272437, 0.08617927486077019, 0.10890795775561765, 0.06983086929320671], "dspearmanr": [0.08355743056174145, 0.09044648682708971, 0.12808188648078325, 0.09984287531291207, 0.07139683110310426], "drmse": [0.015101997181773186, 0.016822392120957375, 0.017512667924165726, 0.015399644151329994, 0.0157023835927248], "cpearsonr": [0.7346182935940685, 0.7357945058181316, 0.7283828118903086, 0.7172839507173059, 0.7201714673454812], "cspearmanr": [0.6910631275365162, 0.6873357084472446, 0.685734142137943, 0.6800699902936173, 0.6757591163716814], "crmse": [0.015622491016983986, 0.01680525578558445, 0.0174981988966465, 0.015527637675404549, 0.015827834606170654]}