{"dpearsonr": [0.07631624412505897, 0.07308771552372868, 0.06873329290451256, 0.06900293780618381, 0.06142212374539479], "dspearmanr": [0.07143696789799882, 0.07949929001550853, 0.0818031787914015, 0.07846983640831265, 0.06658963564448281], "drmse": [0.014650730416178703, 0.016238082200288773, 0.015628756955266, 0.015232603996992111, 0.014630131423473358], "cpearsonr": [0.7350431775852352, 0.736827260418815, 0.7287537108423079, 0.7170063494040555, 0.7233115117525402], "cspearmanr": [0.691002859743049, 0.6868713434773347, 0.6853148625122506, 0.6788312168678442, 0.6762137443214905], "crmse": [0.015229428187012672, 0.016407979652285576, 0.015547015704214573, 0.015213086269795895, 0.01472962275147438]}