{"dpearsonr": [0.08467084191887257, 0.08091219768760734, 0.10120909561541563, 0.11095598754136836, 0.08311901374264102], "dspearmanr": [0.08633577843625723, 0.0927036254158906, 0.10388155202643565, 0.09076876159068742, 0.08069174819592209], "drmse": [0.016147831454873085, 0.01869518682360649, 0.015943137928843498, 0.016360539942979813, 0.015223592519760132], "cpearsonr": [0.7336411594336829, 0.7323494395669043, 0.7305134330398578, 0.7161252386501379, 0.7227578681470115], "cspearmanr": [0.6911064503845122, 0.6853986090418044, 0.6880251006514472, 0.6787289073968839, 0.6753029627851541], "crmse": [0.016832219436764717, 0.018856791779398918, 0.015899132937192917, 0.0164075568318367, 0.015368606895208359]}