{"dpearsonr": [0.06400325287553525, 0.08481784199245722, 0.06991186657312004, 0.07337015727148255, 0.06905062703603401], "dspearmanr": [0.05576914945066496, 0.09041989254743744, 0.07796929994842754, 0.07747131768147034, 0.058944068363020685], "drmse": [0.014451052993535995, 0.016046036034822464, 0.01574968732893467, 0.015907391905784607, 0.014710310846567154], "cpearsonr": [0.7352527706312039, 0.7385659768671251, 0.7288922570508829, 0.7167732730363996, 0.7242671583670691], "cspearmanr": [0.6912429495940345, 0.6880092896413407, 0.6859590811276566, 0.6798012115696811, 0.6758416473315333], "crmse": [0.015061630867421627, 0.01612458936870098, 0.01565839909017086, 0.015900328755378723, 0.01482920628041029]}