{"dpearsonr": [0.21869435295075734, 0.21859277463795354, 0.2272569092676467, 0.23219531685722986, 0.16433128081377274], "dspearmanr": [0.18121779568039706, 0.19078522521581548, 0.20896103182117512, 0.2083430854371787, 0.141230453314659], "drmse": [0.013336972333490849, 0.014905449002981186, 0.01416668202728033, 0.014067410491406918, 0.01433676015585661], "cpearsonr": [0.7462675442863363, 0.7459636734923862, 0.7451757109742134, 0.7354748135559677, 0.7334688169718918], "cspearmanr": [0.702541091832379, 0.6968352250403236, 0.7025643029465096, 0.6984689152158484, 0.6856443539134717], "crmse": [0.013709787279367447, 0.015035632997751236, 0.014142352156341076, 0.014133960008621216, 0.014468157663941383]}