{"dpearsonr": [0.04419814598985667, 0.061768909687460245, 0.053482734772939265, 0.04663922595932222, 0.051762416217384324], "dspearmanr": [0.0537494601582519, 0.06390248646745098, 0.058544604483475045, 0.06035703419461383, 0.05753004817793273], "drmse": [0.01895509660243988, 0.018266119062900543, 0.019094979390501976, 0.01892392337322235, 0.01790536753833294], "cpearsonr": [0.7439176773309263, 0.742265354370618, 0.7434038060024758, 0.7431254476308977, 0.7456240256392667], "cspearmanr": [0.6987735314555281, 0.6962710086547419, 0.697741108810461, 0.6963749903346281, 0.7013683766076234], "crmse": [0.0187861155718565, 0.018062911927700043, 0.018998701125383377, 0.018710710108280182, 0.017768198624253273]}