{"dpearsonr": [NaN, NaN, NaN, NaN, NaN], "drmse": [0.08084674179553986, 0.08311476558446884, 0.08248070627450943, 0.08420398831367493, 0.08437951654195786], "cpearsonr": [0.7392735170562597, 0.7395084008984387, 0.7400947580033784, 0.7402859435600594, 0.7391683583009668], "crmse": [0.08148245513439178, 0.08374377340078354, 0.08309530466794968, 0.08483756333589554, 0.08504261076450348]}