{"dpearsonr": [0.16307575231009164, 0.14073865365719196, 0.16382392239922858, 0.17225415579789294, 0.09409591990977875], "dspearmanr": [0.13169866502866961, 0.1276814291449148, 0.16121900245590196, 0.15413331196263674, 0.09833542706690053], "drmse": [0.01386322919279337, 0.015881791710853577, 0.015074413269758224, 0.014867311343550682, 0.014962390065193176], "cpearsonr": [0.7412328790580027, 0.7396014925628703, 0.7327528974233675, 0.7235156919294641, 0.723397866672082], "cspearmanr": [0.6990770677093009, 0.6926337802243948, 0.6906654607103303, 0.6873917674797042, 0.6750087438202292], "crmse": [0.01424653921276331, 0.015964893624186516, 0.014984071254730225, 0.014915669336915016, 0.015091844834387302]}