{"dpearsonr": [0.08000293308183944, 0.07423275412933641, 0.05968462482617778, 0.0661680453239515, 0.06594263664642126], "dspearmanr": [0.06933560700372317, 0.07556813388458732, 0.05954035939794447, 0.06956395366098707, 0.06491157368854486], "drmse": [0.014504297636449337, 0.016377996653318405, 0.01596883125603199, 0.016116853803396225, 0.01541354600340128], "cpearsonr": [0.7343865259820924, 0.7374427700035975, 0.7284732030995885, 0.715302750630521, 0.7217913699643768], "cspearmanr": [0.6915872728828573, 0.6875732932834727, 0.68627597943783, 0.6793602446738475, 0.6734725258213355], "crmse": [0.01502990536391735, 0.01649509184062481, 0.01585821621119976, 0.016170622780919075, 0.015486846677958965]}