{"dpearsonr": [NaN, NaN, NaN, NaN, NaN], "drmse": [0.08325876295566559, 0.08256126940250397, 0.08251526206731796, 0.08574072271585464, 0.08174566924571991], "cpearsonr": [0.7394020966787532, 0.7396354181724487, 0.7400465014659702, 0.740154027805964, 0.739550465976068], "crmse": [0.08391305059194565, 0.08319370448589325, 0.08312860876321793, 0.08638210594654083, 0.0823938176035881]}