{"dpearsonr": [0.05223991044271966, 0.07013601797678547, 0.06532075761573276, 0.05517478172063218, 0.06263933976422273], "dspearmanr": [0.05738353503084053, 0.07053213123628065, 0.07683575756399011, 0.05456156733885942, 0.058660464359153806], "drmse": [0.01737457886338234, 0.017825761809945107, 0.01757809892296791, 0.01789945736527443, 0.01820601336658001], "cpearsonr": [0.7406718487553023, 0.7401533625812254, 0.735693209877033, 0.7354423075279639, 0.7344333071967405], "cspearmanr": [0.6996742475832122, 0.6978809184193948, 0.6934275009664582, 0.6928285653709852, 0.694144172938172], "crmse": [0.01727447472512722, 0.017663100734353065, 0.017468983307480812, 0.017827123403549194, 0.01798275299370289]}