{"dpearsonr": [NaN, NaN, NaN, NaN, NaN], "drmse": [0.0842633843421936, 0.09359779953956604, 0.09394665062427521, 0.09481337666511536, 0.08988824486732483], "cpearsonr": [0.7296164263824715, 0.7127070727839392, 0.7278078480160942, 0.7263877173670426, 0.7438736776783299], "crmse": [0.08445683866739273, 0.09337180852890015, 0.09423605352640152, 0.09532412141561508, 0.08960700035095215]}