{"dpearsonr": [0.07510093329445014, 0.06643687038102347, 0.06421902201919992, 0.07107810798640117, 0.07799760688999216], "dspearmanr": [0.06320984533021265, 0.07216916898708996, 0.07716741788038937, 0.07023580567502356, 0.06857827978477585], "drmse": [0.01481239777058363, 0.018866753205657005, 0.017492543905973434, 0.015727927908301353, 0.014611874707043171], "cpearsonr": [0.7375076209806452, 0.732800738797485, 0.7254290142474817, 0.7175636691519561, 0.7237615768341323], "cspearmanr": [0.6923055870903302, 0.6877542550888425, 0.6847400263340141, 0.6803854418597794, 0.6751243781552383], "crmse": [0.015335198491811752, 0.018869424238801003, 0.017382660880684853, 0.01573260873556137, 0.01473492942750454]}