{"dpearsonr": [NaN, NaN, NaN, NaN, NaN], "drmse": [0.08235963433980942, 0.09312630444765091, 0.09547866135835648, 0.09655723720788956, 0.08874928951263428], "cpearsonr": [0.7294760028707445, 0.7126945496949211, 0.7276905411406498, 0.726592677380399, 0.7437168820205696], "crmse": [0.08254937082529068, 0.09290164709091187, 0.09577484428882599, 0.0970689132809639, 0.08846715092658997]}