{"dpearsonr": [0.0740521391883548, 0.06707411280549398, 0.07002942942965977, 0.06768542287940868, 0.0988215156857556], "dspearmanr": [0.07183991518485078, 0.07577567204356153, 0.07004216950003911, 0.07150377373585053, 0.09408843734060429], "drmse": [0.014810355380177498, 0.017056869342923164, 0.01596210151910782, 0.016375668346881866, 0.014671793207526207], "cpearsonr": [0.7352127033751062, 0.7384051684899381, 0.7295344849751307, 0.7158399033899475, 0.721702673916425], "cspearmanr": [0.6914727455205821, 0.6887100945866922, 0.6861930637482703, 0.6787461584179144, 0.6736199953523955], "crmse": [0.015358544886112213, 0.017429839819669724, 0.015871686860919, 0.01637585461139679, 0.01476944237947464]}