{"dpearsonr": [0.05501293591336537, 0.09417207340090557, 0.06550183268925228, 0.06331633513683205, 0.06432926163547767], "dspearmanr": [0.0587104123622109, 0.10781666192962094, 0.07080759123467424, 0.06779843581713851, 0.06567465914813302], "drmse": [0.014858263544738293, 0.016046373173594475, 0.016191327944397926, 0.01574086956679821, 0.015185193158686161], "cpearsonr": [0.735534079216891, 0.7387408680991322, 0.7295652305787484, 0.7177083052287244, 0.7235218995544472], "cspearmanr": [0.691496230653901, 0.6880913382246943, 0.6853852027049986, 0.6793105060353332, 0.6760413700697538], "crmse": [0.015479087829589844, 0.016128918156027794, 0.016058029606938362, 0.015730496495962143, 0.015303394757211208]}