{"dpearsonr": [NaN, NaN, NaN, NaN, NaN], "drmse": [0.08347555249929428, 0.09048698097467422, 0.09516136348247528, 0.09662559628486633, 0.08666200190782547], "cpearsonr": [0.7294910763277026, 0.7128709015366257, 0.7277841636964426, 0.7263209150428432, 0.7438384504883483], "crmse": [0.08366751670837402, 0.09026814997196198, 0.0954587310552597, 0.09714031964540482, 0.08639339357614517]}