{"dpearsonr": [0.06840994738717612, 0.06042919502715853, 0.0674772968576095, 0.057846172355915375, 0.05462809760452228], "dspearmanr": [0.05936828499215623, 0.06526424139107749, 0.060157095662688405, 0.05346688513636228, 0.05301592939172442], "drmse": [0.01651223562657833, 0.016976049169898033, 0.016885817050933838, 0.017241928726434708, 0.018230324611067772], "cpearsonr": [0.7446081411223906, 0.7451117246014178, 0.7441753041207128, 0.7449960358061528, 0.7435272861664951], "cspearmanr": [0.7004013126978758, 0.7010950188299634, 0.6989288261447806, 0.7005526449657603, 0.7010688151712616], "crmse": [0.01639588549733162, 0.01683708280324936, 0.016758911311626434, 0.017130203545093536, 0.01803724095225334]}