{"dpearsonr": [NaN, NaN, NaN, NaN, NaN], "drmse": [0.08478500694036484, 0.0937405526638031, 0.09524516761302948, 0.09374361485242844, 0.08743337541818619], "cpearsonr": [0.7294338375636178, 0.7127230474540065, 0.7278230507597946, 0.7265237527560469, 0.743874003885612], "crmse": [0.08497118949890137, 0.093513123691082, 0.09554100036621094, 0.09424950927495956, 0.08716250956058502]}