{"dpearsonr": [0.08355279883190705, 0.08424584754777269, 0.10202030890854806, 0.07282887310112457, 0.07359404191584329], "dspearmanr": [0.09643656581787617, 0.07595004498343946, 0.1015215725242291, 0.07224719995727051, 0.07523715687884763], "drmse": [0.01698080636560917, 0.01710696332156658, 0.016931047663092613, 0.017667876556515694, 0.01788352243602276], "cpearsonr": [0.7359029819896166, 0.7383973298240574, 0.7396091422285085, 0.735474876161596, 0.7343310202873327], "cspearmanr": [0.6919405694839826, 0.6953896178874754, 0.6959954387989348, 0.6930059258958016, 0.6930683252123849], "crmse": [0.01685471087694168, 0.016924500465393066, 0.01685822382569313, 0.01752784103155136, 0.017696768045425415]}