{"dpearsonr": [0.17664082584870228, 0.13752373338905616, 0.13795482841273346, 0.17000972617663712, 0.17780716102882968], "dspearmanr": [0.15531953746031602, 0.13437577269963216, 0.1309793413690907, 0.16591220955904185, 0.15975216797829378], "drmse": [0.014083130285143852, 0.01635877415537834, 0.01740880124270916, 0.014533989131450653, 0.014224222861230373], "cpearsonr": [0.7425157990982392, 0.7466079983597422, 0.7323167822316096, 0.7263068101631669, 0.7306912292420027], "cspearmanr": [0.701223405067631, 0.6989622472584427, 0.6915757541195632, 0.6906056650598595, 0.6825742280501265], "crmse": [0.01465867180377245, 0.016420871019363403, 0.017310194671154022, 0.014531870372593403, 0.014390530996024609]}