{"dpearsonr": [0.062402701269615994, 0.07178834997631493, 0.07938240644737415, 0.06415186970337171, 0.09807692005883945], "dspearmanr": [0.06466736202862408, 0.07910845401652337, 0.114009356202902, 0.06840628714734338, 0.10230624472418788], "drmse": [0.014858975075185299, 0.016258779913187027, 0.016767071560025215, 0.016974162310361862, 0.01478549838066101], "cpearsonr": [0.73649290490109, 0.7383262312592663, 0.729960172836921, 0.7161649704521792, 0.7237537906972059], "cspearmanr": [0.691466424293109, 0.6874401591378709, 0.6862192814081522, 0.6793698516934054, 0.6756807709121566], "crmse": [0.015466312877833843, 0.01635660231113434, 0.01662440598011017, 0.016975490376353264, 0.014910622499883175]}