{"dpearsonr": [0.0648361552434743, 0.0789041070024056, 0.0777161433432734, 0.06397535858295801, 0.06556195147581151], "dspearmanr": [0.061767859688887476, 0.08628047704819002, 0.07885321448020315, 0.0727008284724637, 0.06547678057378653], "drmse": [0.01746603660285473, 0.01740548573434353, 0.01768149621784687, 0.017872607335448265, 0.017995648086071014], "cpearsonr": [0.7312749341035415, 0.7383729129565916, 0.7366502720389605, 0.7338259705336407, 0.7318812324504544], "cspearmanr": [0.6888783831599133, 0.6944594715750616, 0.6941274568683184, 0.6912121765525368, 0.689332248881803], "crmse": [0.017367612570524216, 0.017259370535612106, 0.01753946952521801, 0.017671553418040276, 0.01782440021634102]}