{"dpearsonr": [0.07008899924215103, 0.08874545485945835, 0.06110146885724644, 0.07664612746288287, 0.0735981852843172], "dspearmanr": [0.06973049203849281, 0.07804751558729642, 0.06091252491470489, 0.06959318309666244, 0.07026378805892206], "drmse": [0.017435071989893913, 0.017236538231372833, 0.017508577555418015, 0.01737917959690094, 0.016936929896473885], "cpearsonr": [0.7363922666485804, 0.7408974103604424, 0.7354426577241564, 0.7386790447828427, 0.7406114791493393], "cspearmanr": [0.6946669564650233, 0.698818451720308, 0.6917324256782008, 0.6968031462699501, 0.6979422422181432], "crmse": [0.01730540208518505, 0.01718060113489628, 0.0173520315438509, 0.01724541187286377, 0.01677406020462513]}