{"dpearsonr": [0.058470368051581206, 0.05178190558635075, 0.05350826982838449, 0.05678495445534583, 0.06538533833323197], "dspearmanr": [0.06198332356840763, 0.05023662157671107, 0.05957234976047579, 0.05870198577498148, 0.06845386826248928], "drmse": [0.017944050952792168, 0.01758759655058384, 0.017548300325870514, 0.019775256514549255, 0.01761956326663494], "cpearsonr": [0.7391850912557529, 0.7407497294257084, 0.7400442969871794, 0.7352283494369446, 0.7369593159271536], "cspearmanr": [0.6968936166125932, 0.6993629349655276, 0.6965410766506063, 0.694576898177686, 0.6963432836664839], "crmse": [0.017843157052993774, 0.017432190477848053, 0.017414819449186325, 0.01996365562081337, 0.017436739057302475]}