{"dpearsonr": [0.0011349792032463238, -0.008355303220804395, 0.012893530499185098, -0.020258570432742075, 0.001008415138477521], "drmse": [0.08626392483711243, 0.09269481897354126, 0.09966122359037399, 0.09683022648096085, 0.08696627616882324], "cpearsonr": [0.7296049559368801, 0.712796244038563, 0.7274812276166355, 0.726293132502786, 0.743873236850529], "crmse": [0.08645755797624588, 0.0924747884273529, 0.09996309131383896, 0.09734409302473068, 0.08669370412826538]}