{"dpearsonr": [0.1944247582698943, 0.14839511309458303, 0.1840685855332336, 0.22249304967361466, 0.12949024770077078], "dspearmanr": [0.15433640329491785, 0.13212960168655724, 0.15007521544914976, 0.16582268088913651, 0.10848926381382214], "drmse": [0.013389228843152523, 0.015912245959043503, 0.015069306828081608, 0.013948238454759121, 0.015443393029272556], "cpearsonr": [0.7476477923793371, 0.7416619870080003, 0.7363405442160088, 0.7274379803876804, 0.7297629295535415], "cspearmanr": [0.7043112272716189, 0.6954094199921959, 0.6958942991083039, 0.6894003009619628, 0.6818430374994219], "crmse": [0.013798385858535767, 0.01599014177918434, 0.015001914463937283, 0.013968117535114288, 0.015545936301350594]}