{"dpearsonr": [0.0706595338979873, 0.08238974634258059, 0.09020523358926634, 0.07481215105175824, 0.08904568445056396], "dspearmanr": [0.0742539360266345, 0.08007847442806475, 0.0884287642841048, 0.07756709741032924, 0.07477704778898925], "drmse": [0.01433388888835907, 0.016381170600652695, 0.01576179824769497, 0.015799060463905334, 0.01641109399497509], "cpearsonr": [0.7341411152579047, 0.7372555177738125, 0.7293673410223742, 0.7177225281181682, 0.7192736234557309], "cspearmanr": [0.6912435892668038, 0.6881852240452857, 0.685219269523942, 0.6797060629864645, 0.6737437873835778], "crmse": [0.014885811135172844, 0.01650581695139408, 0.015661604702472687, 0.01580871269106865, 0.016488544642925262]}