{"dpearsonr": [0.07113903169861983, 0.07202903139655294, 0.06672273857738024, 0.07155223119859755, 0.0773127645978091], "dspearmanr": [0.0684720637134712, 0.08830433994847367, 0.07730712197581259, 0.07001094971117007, 0.08293363900602713], "drmse": [0.014808209612965584, 0.01621171087026596, 0.016092339530587196, 0.015440582297742367, 0.01480076089501381], "cpearsonr": [0.7352897938084404, 0.737067922121919, 0.7302062573567889, 0.7173009040714565, 0.7239867209003402], "cspearmanr": [0.6913457396601195, 0.68705984045706, 0.6868033342985381, 0.6794214473633964, 0.6748865719651832], "crmse": [0.01542017050087452, 0.01632937416434288, 0.016010185703635216, 0.015429983846843243, 0.014907574281096458]}