{"dpearsonr": [0.05884748733469602, 0.06519295851721342, 0.06890622257201945, 0.05414983995247838, 0.054901206194165525], "dspearmanr": [0.06055378569282692, 0.06376128767384896, 0.059832630517564496, 0.05826561080646783, 0.06351344316142596], "drmse": [0.017205890268087387, 0.017932679504156113, 0.017108287662267685, 0.017227202653884888, 0.01694979891180992], "cpearsonr": [0.7461730823061855, 0.7461277578744481, 0.7441941201803041, 0.7462226003580764, 0.7457770652643048], "cspearmanr": [0.7019000440794333, 0.7028989104894406, 0.699199566476881, 0.7031396030215802, 0.7020588287020448], "crmse": [0.01702238991856575, 0.017736930400133133, 0.016947461292147636, 0.017055872827768326, 0.016819162294268608]}