{"dpearsonr": [NaN, NaN, NaN, NaN, NaN], "drmse": [0.08535820245742798, 0.0938938781619072, 0.09690546244382858, 0.09812583029270172, 0.08770836889743805], "cpearsonr": [0.7295809915236676, 0.7127765329532894, 0.7276334259528009, 0.7265362393673329, 0.743922370961072], "crmse": [0.08554934710264206, 0.09366993606090546, 0.09720472991466522, 0.09864810109138489, 0.08744361996650696]}