{"dpearsonr": [0.07453181492406842, 0.06650266992379099, 0.056983895863523204, 0.05989513239339296, 0.052200681778003244], "dspearmanr": [0.0671795957607468, 0.06817763633986008, 0.05443544860336042, 0.0725395823074459, 0.05871546392163626], "drmse": [0.017178421840071678, 0.016937226057052612, 0.017473263666033745, 0.016866255551576614, 0.017473798245191574], "cpearsonr": [0.7422908545849424, 0.7429458074400421, 0.7406316826101716, 0.7418062137719178, 0.7419686518137297], "cspearmanr": [0.6987354668688758, 0.699461963867336, 0.6966052642078335, 0.6968678618448861, 0.699257472099702], "crmse": [0.01705333963036537, 0.01680304855108261, 0.01732773147523403, 0.016717763617634773, 0.017355140298604965]}