{"dpearsonr": [0.050045378838059915, 0.08404549304300597, 0.0625201565243354, 0.04457549120913065, 0.06154825577963376], "dspearmanr": [0.05562736593787524, 0.08993043318904975, 0.06910905959111084, 0.05801131835527961, 0.05965627384591488], "drmse": [0.01727401651442051, 0.017396390438079834, 0.017310896888375282, 0.018784381449222565, 0.017524022608995438], "cpearsonr": [0.7383069549027543, 0.7379793164020149, 0.7413398647416353, 0.7408983355373218, 0.737726851767357], "cspearmanr": [0.6963051160841671, 0.6952452203840944, 0.6981055219874299, 0.6982508311763825, 0.6960055737714008], "crmse": [0.01720844767987728, 0.01730872318148613, 0.01719691790640354, 0.018618669360876083, 0.017409032210707664]}