{"dpearsonr": [NaN, NaN, NaN, NaN, NaN], "drmse": [0.08350371569395065, 0.08144360780715942, 0.08385728299617767, 0.08379087597131729, 0.08256334066390991], "cpearsonr": [0.7393720661123742, 0.7395674850546651, 0.7399815203138927, 0.7401389487714003, 0.7394258292321197], "crmse": [0.08415044099092484, 0.08207249641418457, 0.08448067307472229, 0.08442132920026779, 0.08321242034435272]}