{"dpearsonr": [0.0618109926201278, 0.04849178911999341, 0.06178694262692958, 0.05488479768307563, 0.06670501755924046], "dspearmanr": [0.06339564422770944, 0.056301982481136825, 0.06309888063299676, 0.05915081235231321, 0.06975230872386091], "drmse": [0.017995934933423996, 0.017349308356642723, 0.016925526782870293, 0.018212921917438507, 0.017326369881629944], "cpearsonr": [0.7435172791779554, 0.7457889609704301, 0.7454333468652364, 0.7453655631422453, 0.7444452671276801], "cspearmanr": [0.6984693357115668, 0.7022503978023237, 0.7002813953121387, 0.7015989910665469, 0.7005382316751896], "crmse": [0.018034838140010834, 0.017177613452076912, 0.016758229583501816, 0.018044844269752502, 0.017285285517573357]}