{"dpearsonr": [NaN, NaN, NaN, NaN, NaN], "drmse": [0.08274366706609726, 0.08355296403169632, 0.0811048150062561, 0.08264437317848206, 0.0854639932513237], "cpearsonr": [0.7394582408669794, 0.7396381419385866, 0.7400153905271185, 0.7401015551201667, 0.739566962929736], "crmse": [0.08339443802833557, 0.08418945968151093, 0.08171460032463074, 0.08327264338731766, 0.08612949401140213]}