{"dpearsonr": [0.18534760120242483, 0.1939560040170259, 0.17335842530941437, 0.17867872182289346, 0.20705815731904778], "dspearmanr": [0.15043036613760646, 0.17248722999407207, 0.16432898206522265, 0.150140251098392, 0.16357533085666917], "drmse": [0.01370688620954752, 0.015165815129876137, 0.015145822428166866, 0.014605795033276081, 0.01414054911583662], "cpearsonr": [0.7451086546595728, 0.7439318820790973, 0.7340583107597338, 0.7234480289032743, 0.731655039045882], "cspearmanr": [0.7031153120898914, 0.6942361630163236, 0.6934329622472478, 0.687928519902688, 0.6870833223659215], "crmse": [0.014064367860555649, 0.015254585072398186, 0.015082361176609993, 0.014655755832791328, 0.014216311275959015]}