{"dpearsonr": [0.097797283937788, 0.12988520037404044, 0.14863430064760824, 0.10437116598074385, 0.1286589916714083], "dspearmanr": [0.095266339073948, 0.12845271318188398, 0.13581221261066898, 0.10922848316547834, 0.10327091896402661], "drmse": [0.01525256596505642, 0.015873663127422333, 0.015206967480480671, 0.017272548750042915, 0.01462997030466795], "cpearsonr": [0.7375371936615698, 0.7430581890481726, 0.7327090974234111, 0.7191114075438305, 0.7285722816408291], "cspearmanr": [0.6947382505484389, 0.6923800118369613, 0.6915393550195872, 0.6823688978240622, 0.679538772921526], "crmse": [0.015635890886187553, 0.015903126448392868, 0.015208822675049305, 0.017281727865338326, 0.014790989458560944]}