{"dpearsonr": [0.08037654779330781, 0.07622997269494927, 0.07590853743477247, 0.051660828713869685, 0.05319011331670034], "dspearmanr": [0.08424533702306498, 0.07259956416537625, 0.07433139449832996, 0.05899826612851418, 0.05530663056309106], "drmse": [0.01735292375087738, 0.01708282344043255, 0.017065387219190598, 0.02030784636735916, 0.01787819154560566], "cpearsonr": [0.7379997905481595, 0.7357216566999225, 0.7420844266446386, 0.7319243842167893, 0.7382694822283303], "cspearmanr": [0.6941704345935241, 0.6941460639215488, 0.6973784183406292, 0.6898986180152052, 0.6951317180369725], "crmse": [0.01718597114086151, 0.016964439302682877, 0.01692771166563034, 0.020036090165376663, 0.01768321730196476]}