{"dpearsonr": [0.08915770781518977, 0.11812256422592249, 0.08888509488996939, 0.09256055884847078, 0.08949811229654475], "dspearmanr": [0.06832281707815194, 0.11672738646211117, 0.08672482107717251, 0.08135764823861888, 0.09354726580108488], "drmse": [0.015024599619209766, 0.01581514999270439, 0.01605924405157566, 0.01676325686275959, 0.01619267277419567], "cpearsonr": [0.7343807452158506, 0.7369548545223858, 0.7281371997363595, 0.7121381765190689, 0.7204636924135474], "cspearmanr": [0.6929414741334533, 0.6889008858618482, 0.6852105746046909, 0.679153883066131, 0.6720083478191282], "crmse": [0.015575955621898174, 0.015970075502991676, 0.015947135165333748, 0.01675124652683735, 0.016216035932302475]}