{"dpearsonr": [0.1120747152297538, 0.15605481086143055, 0.12554910025853405, 0.14033472465103478, 0.11240895465508369], "dspearmanr": [0.0994929860934067, 0.13180193761749182, 0.11847574453346438, 0.13336235111146844, 0.08944957260541718], "drmse": [0.014815736562013626, 0.0159506443887949, 0.01571851596236229, 0.0153123764321208, 0.01509631983935833], "cpearsonr": [0.7350238247686172, 0.739383126242515, 0.7271746590979093, 0.7271719224912067, 0.726808038064298], "cspearmanr": [0.6958623923622888, 0.6932844874330757, 0.6880257093606683, 0.6903192849390711, 0.6797866355800617], "crmse": [0.015225299634039402, 0.01601545140147209, 0.015640869736671448, 0.015371287241578102, 0.015191568993031979]}