{"dpearsonr": [0.07349216697481582, 0.0648751436112858, 0.07247741697401348, 0.0760766114419928, 0.08119497525554253], "dspearmanr": [0.0650237708872122, 0.08183282572462226, 0.07578048175707605, 0.08563972599702085, 0.09241055490730796], "drmse": [0.17099833488464355, 0.11686327308416367, 0.1368008553981781, 0.18311330676078796, 0.1412397027015686], "cpearsonr": [NaN, NaN, NaN, NaN, NaN], "cspearmanr": [NaN, NaN, NaN, NaN, NaN], "crmse": [0.17135493457317352, 0.1173158511519432, 0.137233167886734, 0.18498700857162476, 0.1413225531578064]}