{"dpearsonr": [NaN, NaN, NaN, NaN, NaN], "dspearmanr": [NaN, NaN, NaN, NaN, NaN], "drmse": [0.01643361896276474, 0.01616356521844864, 0.016125265508890152, 0.01610465906560421, 0.016243470832705498], "cpearsonr": [0.7461716239287588, 0.7465526941281174, 0.7462352809628258, 0.7467328829264348, 0.7468166691041855], "cspearmanr": [0.7017583842644729, 0.7020856586846286, 0.7035587748722226, 0.7025024691507085, 0.7017168087618386], "crmse": [0.016297366470098495, 0.016046833246946335, 0.016007687896490097, 0.01598747819662094, 0.0161201860755682]}