{"dpearsonr": [NaN, NaN, NaN, NaN, NaN], "dspearmanr": [NaN, NaN, NaN, NaN, NaN], "drmse": [0.017792901024222374, 0.015361332334578037, 0.013502701185643673, 0.013451173901557922, 0.01412491500377655], "cpearsonr": [0.7295075265394877, 0.7127945351293531, 0.7278982461898671, 0.7272551306410536, 0.7437822104384746], "cspearmanr": [0.6895933334183842, 0.6704413358136458, 0.6820131547006579, 0.6725260965369818, 0.7045196587996827], "crmse": [0.01805652678012848, 0.015456189401447773, 0.0135272815823555, 0.013470728881657124, 0.014413799159228802]}