{"dpearsonr": [0.11108054096402133, 0.10331237866500918, 0.07556460479537055, 0.07836216833807672, 0.07744781358683538], "dspearmanr": [0.10401539227500037, 0.11118347940933368, 0.08963662795371323, 0.08196803241572238, 0.08581589585059965], "drmse": [0.014068430289626122, 0.015491217374801636, 0.015062665566802025, 0.014728334732353687, 0.014433134347200394], "cpearsonr": [0.736097549758591, 0.737705939764453, 0.7308263364556142, 0.7181737088550681, 0.7235086139818939], "cspearmanr": [0.6922961838310446, 0.6879568801232139, 0.6870163301837507, 0.6800625929627285, 0.6749981416390317], "crmse": [0.01457873173058033, 0.01558064203709364, 0.014950968325138092, 0.014731498435139656, 0.014534763991832733]}