{"dpearsonr": [0.08874118516170226, 0.09445569705099319, 0.06970893656353427, 0.07420791746648328, 0.07469051796620926], "dspearmanr": [0.08439686130351402, 0.0867778154203272, 0.08790368261520506, 0.08224592367621121, 0.0830271142283301], "drmse": [0.016107870265841484, 0.01611081324517727, 0.016180358827114105, 0.016020800918340683, 0.016060929745435715], "cpearsonr": [0.746842410514544, 0.7470045382073368, 0.7463492703463146, 0.7470309840907219, 0.7469673389524071], "cspearmanr": [0.702119806794111, 0.7030000922219665, 0.7017777805932177, 0.7020337019037627, 0.702590522535527], "crmse": [0.01599985361099243, 0.01600937731564045, 0.016058778390288353, 0.01590738445520401, 0.015947585925459862]}