{"dpearsonr": [0.28716674669695047, 0.2985245610672921, 0.3232172319804424, 0.27133958093095384, 0.32583571996743765], "dspearmanr": [0.24633004947672663, 0.23383724281263318, 0.31369980298791533, 0.25287306341249555, 0.2792119482151429], "drmse": [0.012650543823838234, 0.014411847107112408, 0.013626821339130402, 0.013864653185009956, 0.012761691585183144], "cpearsonr": [0.7709514869153403, 0.7652585047646518, 0.7596510137146311, 0.7423676852465824, 0.7575220321035765], "cspearmanr": [0.7263367608654854, 0.7231953541137334, 0.7191916874381973, 0.7049077299005119, 0.7087991173297474], "crmse": [0.012986984103918076, 0.014419927261769772, 0.0136038139462471, 0.013962291181087494, 0.012826722115278244]}