{"dpearsonr": [0.2874726443729997, 0.2963542832686811, 0.32836863075726674, 0.26531315143101974, 0.3137708033661893], "dspearmanr": [0.228035555627271, 0.24775227591326604, 0.2921675947190139, 0.2654717992750333, 0.23648342732720637], "drmse": [0.013073917478322983, 0.013510473072528839, 0.012537362985312939, 0.014672967605292797, 0.01317794993519783], "cpearsonr": [0.7369457746969958, 0.7544236649764489, 0.7474074101507642, 0.7201265326799813, 0.7275632833884164], "cspearmanr": [0.6925655545510686, 0.7044477699146585, 0.703341431883593, 0.6815509706856965, 0.6763658444782694], "crmse": [0.013502510264515877, 0.013475395739078522, 0.012546882033348083, 0.014731131494045258, 0.013262013904750347]}