{"dpearsonr": [0.30332860057390026, 0.27214179881437284, 0.36936357217700466, 0.3310864142599029, 0.3650554079142596], "dspearmanr": [0.23706152119438842, 0.23714461329106098, 0.35030982283469414, 0.30536273191486407, 0.2776443641111778], "drmse": [0.01246229000389576, 0.014601386152207851, 0.01226169802248478, 0.01246887631714344, 0.012136384844779968], "cpearsonr": [0.7414542717727841, 0.7417909794742089, 0.7618524106372265, 0.7454657254091973, 0.7503105975143023], "cspearmanr": [0.6947441165635344, 0.6889407449080165, 0.7175229680134587, 0.7077716944415515, 0.6954008722650687], "crmse": [0.012878084555268288, 0.01456373743712902, 0.012263438664376736, 0.012551676481962204, 0.012230070307850838]}