{"dpearsonr": [0.28095959948461463, 0.26062862976732665, 0.28588003324953354, 0.272437959876408, 0.31759289705244015], "dspearmanr": [0.22521601576541206, 0.21550286461324364, 0.23070690054701384, 0.24197596813850636, 0.23194983565299634], "drmse": [0.01311144046485424, 0.013784481212496758, 0.01298525556921959, 0.01294745597988367, 0.01247499044984579], "cpearsonr": [0.7365530885112909, 0.7568738748621676, 0.749863712236899, 0.7385195896777228, 0.7393644198710865], "cspearmanr": [0.6921792142379283, 0.708148008706631, 0.705835400592202, 0.7013645233818496, 0.6900351227347755], "crmse": [0.013608242385089397, 0.013818182051181793, 0.012984166853129864, 0.013029148802161217, 0.012580635026097298]}