{"dpearsonr": [NaN, NaN, NaN, NaN, NaN], "drmse": [0.08504197746515274, 0.09258279204368591, 0.09824817627668381, 0.09673137217760086, 0.08832661062479019], "cpearsonr": [0.7295928733062178, 0.7128939528515401, 0.7278372609192433, 0.7266724535852267, 0.7434532004210207], "crmse": [0.085236094892025, 0.09236151725053787, 0.09854992479085922, 0.0972486138343811, 0.08805319666862488]}