{"dpearsonr": [NaN, NaN, NaN, NaN, NaN], "drmse": [0.08351147919893265, 0.08259476721286774, 0.08498262614011765, 0.08435018360614777, 0.0839422196149826], "cpearsonr": [0.7394835516466782, 0.7396776249736626, 0.740290238153571, 0.7403327244419898, 0.7396096442008987], "crmse": [0.08416341990232468, 0.0832294225692749, 0.08561073988676071, 0.08498118072748184, 0.08459809422492981]}