{"dpearsonr": [0.40086373249533286, 0.3994420797686958, 0.42210295071597886, 0.3709070252645096, 0.3813544035503885], "dspearmanr": [0.35698595971929875, 0.3583899143057587, 0.39471873561794374, 0.3638795337840985, 0.3163439758393652], "drmse": [0.011115694418549538, 0.01270932238548994, 0.011501617729663849, 0.012764684855937958, 0.01224034745246172], "cpearsonr": [0.7829404542118639, 0.7833700338261752, 0.7769919737197781, 0.7616743583335986, 0.7699334808403383], "cspearmanr": [0.741583195002589, 0.743026201907619, 0.736593884055906, 0.727701432232433, 0.7268352203290005], "crmse": [0.011514930985867977, 0.012680210173130035, 0.011502742767333984, 0.01285639964044094, 0.012299414724111557]}