{"dpearsonr": [NaN, NaN, NaN, NaN, NaN], "drmse": [0.08374560624361038, 0.08300034701824188, 0.0828976258635521, 0.08476391434669495, 0.08253301680088043], "cpearsonr": [0.739423021038541, 0.7397029575887041, 0.7402092273861444, 0.7402937694459556, 0.7396477040166622], "crmse": [0.08440065383911133, 0.08364153653383255, 0.08351629227399826, 0.08539476990699768, 0.08318457007408142]}