{"dpearsonr": [NaN, NaN, NaN, NaN, NaN], "drmse": [0.08526654541492462, 0.09300132095813751, 0.09593308717012405, 0.09717394411563873, 0.08684390783309937], "cpearsonr": [0.7295397979768862, 0.7127355873963896, 0.7275794345172027, 0.7264850531946813, 0.7436847910356345], "crmse": [0.08545801043510437, 0.0927814170718193, 0.09622865915298462, 0.09768558293581009, 0.0865752100944519]}