{"dpearsonr": [NaN, NaN, NaN, NaN, NaN], "drmse": [0.08749787509441376, 0.08515843003988266, 0.09120994806289673, 0.09192856401205063, 0.09672889113426208], "cpearsonr": [0.743409771414654, 0.7294616864108997, 0.7163979208645346, 0.7216039262310168, 0.7310881683313035], "crmse": [0.08779174089431763, 0.08529680967330933, 0.09083112329244614, 0.0920582041144371, 0.09703680127859116]}