{"dpearsonr": [0.09418878157142996, 0.07500965328635824, 0.06252463085948554, 0.06820251176786848, 0.09423209696375488], "dspearmanr": [0.08490664721929114, 0.07649519133800804, 0.08406613713730056, 0.07679583514725706, 0.09144461573760228], "drmse": [0.01608232967555523, 0.016204960644245148, 0.01625244878232479, 0.01614396832883358, 0.015958817675709724], "cpearsonr": [0.7468463929352763, 0.7468872925128501, 0.7463079895588417, 0.7471548854797389, 0.7468500502440206], "cspearmanr": [0.7020225612510781, 0.7024270875731161, 0.7007088126408786, 0.7021722475903048, 0.7024498197373765], "crmse": [0.015980497002601624, 0.016104860231280327, 0.01612723618745804, 0.016021866351366043, 0.015844576060771942]}