{"dpearsonr": [NaN, NaN, NaN, NaN, NaN], "dspearmanr": [NaN, NaN, NaN, NaN, NaN], "drmse": [0.01778155378997326, 0.015408774837851524, 0.01350474450737238, 0.013427174650132656, 0.014149644412100315], "cpearsonr": [0.7294774146380075, 0.7124451648377752, 0.7281963950151177, 0.7275020723695057, 0.7438918552472282], "cspearmanr": [0.6896598753309083, 0.670087071775092, 0.6821027157867209, 0.6730639280035492, 0.7044293677299313], "crmse": [0.018045766279101372, 0.015505324117839336, 0.01352925319224596, 0.013443420641124249, 0.014442168176174164]}