{"dpearsonr": [NaN, NaN, NaN, NaN, NaN], "dspearmanr": [NaN, NaN, NaN, NaN, NaN], "drmse": [0.016429586336016655, 0.01618773117661476, 0.016128240153193474, 0.016149215400218964, 0.016303276643157005], "cpearsonr": [0.7461245469758273, 0.746461490404063, 0.7460834122991422, 0.7466480530083038, 0.746781585869687], "cspearmanr": [0.7019499702795019, 0.701935370890023, 0.7034913363591152, 0.7018881796956713, 0.7015867996227022], "crmse": [0.016293473541736603, 0.016067447140812874, 0.01601097360253334, 0.016027260571718216, 0.01617623306810856]}