{"dpearsonr": [0.11471843273897134, 0.080747460868252, 0.06673557462516423, 0.06901381372142071, 0.06615705628435788], "dspearmanr": [0.1062881157624493, 0.07724626467536516, 0.09011453283039615, 0.08067933941838366, 0.06539301422514288], "drmse": [0.014025933109223843, 0.015534243546426296, 0.015100466087460518, 0.01474908459931612, 0.014438023790717125], "cpearsonr": [0.735918827872415, 0.7375349895394775, 0.7306221681064978, 0.7183004243430241, 0.723520762101667], "cspearmanr": [0.6921515422168687, 0.687467230753388, 0.6865812798186222, 0.6801624955524508, 0.6751748419471426], "crmse": [0.014544758945703506, 0.01559994462877512, 0.014986560679972172, 0.014748227782547474, 0.014557184651494026]}