{"dpearsonr": [NaN, NaN, NaN, NaN, NaN], "drmse": [0.08668319880962372, 0.08666414022445679, 0.08952001482248306, 0.09489024430513382, 0.0939735621213913], "cpearsonr": [0.7432633905049535, 0.7295233827230576, 0.7164358280884109, 0.7212498447224629, 0.7308822953898164], "crmse": [0.0869780108332634, 0.08679787069559097, 0.08915675431489944, 0.09502013772726059, 0.09427850693464279]}