{"dpearsonr": [0.08240003646563127, 0.06422314900547173, 0.05941983058589007, 0.05953346900689666, 0.07358500313848024], "dspearmanr": [0.08210833628768464, 0.0615120514370843, 0.0660683994991699, 0.06566400486147014, 0.071870549105149], "drmse": [0.01657499186694622, 0.01723276451230049, 0.01770004630088806, 0.019625147804617882, 0.016857074573636055], "cpearsonr": [0.7393385929600279, 0.7372439997122643, 0.7344950209236099, 0.7275165209850997, 0.7397195566962228], "cspearmanr": [0.6974374271772409, 0.6959712691766551, 0.6916612369785403, 0.6864597155082912, 0.6982476107791459], "crmse": [0.016500059515237808, 0.017148621380329132, 0.01752692088484764, 0.0193581935018301, 0.016790958121418953]}