{"dpearsonr": [0.09246315265049493, 0.12340731188988781, 0.07455669473784379, 0.06512472128675541, 0.0655728948014633], "dspearmanr": [0.07718209779452775, 0.11448077457733069, 0.08354651833181116, 0.08625351622219994, 0.06614137471155183], "drmse": [0.014659253880381584, 0.016157427802681923, 0.016920773312449455, 0.020483138039708138, 0.01516943983733654], "cpearsonr": [0.7247280955634591, 0.7295646830909837, 0.7191811092141174, 0.7062096357555355, 0.7142427931452167], "cspearmanr": [0.6860221230100746, 0.6834506694112242, 0.6794468373105398, 0.6730841997250497, 0.6705797785340517], "crmse": [0.015140515752136707, 0.016191933304071426, 0.016830531880259514, 0.020531008020043373, 0.015308741480112076]}