{"dpearsonr": [0.26264097951298565, 0.2659732423887998, 0.33864682534522667, 0.30092609556982275, 0.3073394252771314], "dspearmanr": [0.22295138830955777, 0.2198590052361106, 0.31983508369821684, 0.28384606585473543, 0.21992787907596206], "drmse": [0.01315800379961729, 0.01515161618590355, 0.013670421205461025, 0.01355877984315157, 0.01319634635001421], "cpearsonr": [0.7373353642008837, 0.7440646737121035, 0.7327760837147198, 0.7206152217183517, 0.7277222135426402], "cspearmanr": [0.6923730977759432, 0.6912431878196582, 0.6877981362283113, 0.6812464827446485, 0.676482413731553], "crmse": [0.013643666170537472, 0.01506108045578003, 0.01359571237117052, 0.013609844259917736, 0.013287777081131935]}