{"dpearsonr": [0.2217827077172369, 0.25895162647098524, 0.23743076010573663, 0.21640872054582933, 0.190038148345402], "drmse": [0.014759001322090626, 0.01556559931486845, 0.014764339663088322, 0.013627404347062111, 0.012548429891467094], "cpearsonr": [0.7437820060426731, 0.7303692649262672, 0.7165050544206757, 0.7215601089853142, 0.7309893989449385], "crmse": [0.014882485382258892, 0.01582239381968975, 0.014818296767771244, 0.013659405522048473, 0.012690730392932892]}