{"dpearsonr": [NaN, NaN, NaN, NaN, NaN], "dspearmanr": [NaN, NaN, NaN, NaN, NaN], "drmse": [0.017743028700351715, 0.015377319417893887, 0.013500496745109558, 0.01344000268727541, 0.01413215883076191], "cpearsonr": [0.7295772002934089, 0.7125556019402047, 0.728146663973857, 0.7272728639948215, 0.743822007323255], "cspearmanr": [0.6896509085728589, 0.6704796349439964, 0.6819572543340591, 0.673064089658868, 0.7042685227217265], "crmse": [0.018006566911935806, 0.015471391379833221, 0.013525941409170628, 0.013457771390676498, 0.014422732405364513]}