{"dpearsonr": [0.2825438209090124, 0.27916670503841384, 0.32210614300684753, 0.2893583596229173, 0.3146202318887194], "dspearmanr": [0.2307605314775074, 0.2187711045379969, 0.309948365333346, 0.2838065005059838, 0.25609614574863127], "drmse": [0.01306093018501997, 0.014521775767207146, 0.013545169495046139, 0.013737796805799007, 0.013124325312674046], "cpearsonr": [0.73615261172435, 0.7400994884121405, 0.7326436957311058, 0.7198212457228224, 0.7253605514377851], "cspearmanr": [0.6920545532271862, 0.6875157724900832, 0.6874890049501838, 0.680780954067209, 0.6752622692789785], "crmse": [0.013532603159546852, 0.01451305951923132, 0.013483546674251556, 0.013783064670860767, 0.01320065651088953]}