{"dpearsonr": [NaN, NaN, NaN, NaN, NaN], "drmse": [0.08924702554941177, 0.08568331599235535, 0.09248712658882141, 0.09498323500156403, 0.09682731330394745], "cpearsonr": [0.7433507439144698, 0.72943065911521, 0.7164048049384808, 0.721525896574642, 0.7309475286504187], "crmse": [0.08954399824142456, 0.08581950515508652, 0.09211315214633942, 0.09511330723762512, 0.09714021533727646]}