{"dpearsonr": [0.37670899035399863, 0.3944430618961614, 0.4451754094532096, 0.40156542930538053, 0.41933768983413766], "dspearmanr": [0.3264016865614103, 0.3508501411003002, 0.42293705872405013, 0.37183402321047404, 0.3718236820265691], "drmse": [0.011454517021775246, 0.012583416886627674, 0.011309923604130745, 0.011886968277394772, 0.011316107586026192], "cpearsonr": [0.785959067302977, 0.7836226595665075, 0.7788419413913119, 0.7623811139165863, 0.7751261294814811], "cspearmanr": [0.743874327584045, 0.743233448630114, 0.7389826871992888, 0.7268602211893879, 0.7300490721980498], "crmse": [0.011819806881248951, 0.012578162364661694, 0.011277653276920319, 0.011998618021607399, 0.011421546339988708]}