{"dpearsonr": [NaN, NaN, NaN, NaN, NaN], "drmse": [0.08769367635250092, 0.08677376806735992, 0.09176523983478546, 0.09472622722387314, 0.09668423980474472], "cpearsonr": [0.7431493577312038, 0.7294247158010843, 0.7163159618428624, 0.7212974963021823, 0.7308476751965395], "crmse": [0.08798980712890625, 0.08690457046031952, 0.09138871729373932, 0.0948558822274208, 0.09699138253927231]}