{"dpearsonr": [0.2771990390660858, 0.31057110658738696, 0.35936330909816544, 0.27774773781067497, 0.2920369137395833], "dspearmanr": [0.22022129701324572, 0.24805787746645455, 0.3292672946285204, 0.2651658904071939, 0.2354347965924346], "drmse": [0.013199616223573685, 0.014098034240305424, 0.012209936045110226, 0.013865132816135883, 0.013162990100681782], "cpearsonr": [0.7361107366157393, 0.739451785852241, 0.7555351485522954, 0.7203453576543053, 0.7258314227777873], "cspearmanr": [0.6920547904912112, 0.6875907516025475, 0.7108885391360492, 0.6815965435768869, 0.6754856175730315], "crmse": [0.013702290132641792, 0.014047493226826191, 0.012217164970934391, 0.013902150094509125, 0.013243027031421661]}