{"dpearsonr": [NaN, NaN, NaN, NaN, NaN], "drmse": [0.08309417217969894, 0.08961732685565948, 0.09590006619691849, 0.0948958545923233, 0.0873587429523468], "cpearsonr": [0.7295637207549522, 0.7127907871092627, 0.7277892207100481, 0.7264725939827649, 0.7436651033578278], "crmse": [0.08329086005687714, 0.08940690010786057, 0.09619650989770889, 0.09540785849094391, 0.08709011226892471]}