{"dpearsonr": [NaN, NaN, NaN, NaN, NaN], "drmse": [0.08157546073198318, 0.07984640449285507, 0.08287887275218964, 0.08269783854484558, 0.08302968740463257], "cpearsonr": [0.7393520595857697, 0.7396227320991475, 0.7402544124288717, 0.740255176542686, 0.7396323850444737], "crmse": [0.0822160467505455, 0.08046691864728928, 0.08350558578968048, 0.0833277702331543, 0.0836891308426857]}