{"dpearsonr": [0.09017675655722968, 0.1048194174715964, 0.12121912646111467, 0.1105630555545304, 0.08162011200404196], "dspearmanr": [0.07399350835753636, 0.09852979366606851, 0.1283613987646745, 0.09927108727133462, 0.07858092197663058], "drmse": [0.014043953269720078, 0.015385657548904419, 0.01495327614247799, 0.014738580211997032, 0.014382484368979931], "cpearsonr": [0.7355920793601249, 0.737479774465354, 0.7308579364149952, 0.718652482511677, 0.7233606996705989], "cspearmanr": [0.692184842458331, 0.6877183038596851, 0.6866275578585893, 0.6802804814203005, 0.6747959819280815], "crmse": [0.014600606635212898, 0.015468320809304714, 0.014840034767985344, 0.014757251366972923, 0.014499284327030182]}