{"dpearsonr": [NaN, NaN, NaN, NaN, NaN], "dspearmanr": [NaN, NaN, NaN, NaN, NaN], "drmse": [0.017767857760190964, 0.015373105183243752, 0.013490723446011543, 0.013462885282933712, 0.014131707139313221], "cpearsonr": [0.7295769081623957, 0.7126949431737197, 0.7283027616817869, 0.7271793834720668, 0.7438398315266566], "cspearmanr": [0.689777718808268, 0.6705371845187817, 0.6820765469437535, 0.6725620353292517, 0.704292571814179], "crmse": [0.018031887710094452, 0.01546824723482132, 0.01351526752114296, 0.013481859117746353, 0.014421679079532623]}