{"dpearsonr": [0.09009338639852378, 0.07323019044810154, 0.07985599342840616, 0.10660801852926095, 0.07141739323718799], "dspearmanr": [0.08580098718925976, 0.07275056568033167, 0.07643849531473547, 0.10029346258144309, 0.0762214833985977], "drmse": [0.01596509851515293, 0.016113057732582092, 0.016074413433670998, 0.01592058688402176, 0.015993069857358932], "cpearsonr": [0.7465666964666494, 0.7467128809638262, 0.7465673024504941, 0.7472541781973518, 0.747080507465997], "cspearmanr": [0.7019535846884135, 0.702689979352921, 0.7015893731737729, 0.7025044122893972, 0.7021854244577287], "crmse": [0.01588079333305359, 0.016004402190446854, 0.015963025391101837, 0.015805533155798912, 0.01588497869670391]}