{"dpearsonr": [NaN, NaN, NaN, NaN, NaN], "dspearmanr": [NaN, NaN, NaN, NaN, NaN], "drmse": [0.01641404815018177, 0.016171807423233986, 0.016122903674840927, 0.016121920198202133, 0.016263680532574654], "cpearsonr": [0.746262323079507, 0.7465812037305889, 0.7465069007474372, 0.7463881491454633, 0.7467592652233142], "cspearmanr": [0.7018357707553018, 0.7020799167865641, 0.7034616995282768, 0.7023269542505861, 0.7014660424713894], "crmse": [0.01627783477306366, 0.01605360396206379, 0.01600286178290844, 0.016004260629415512, 0.016139773651957512]}