{"dpearsonr": [0.40548311741336224, 0.4241909320407018, 0.4636842070912007, 0.40005092026867384, 0.4375318179815041], "dspearmanr": [0.35635278748751675, 0.3793822453594022, 0.4285888708949278, 0.3761800032614878, 0.381995617034291], "drmse": [0.011036133393645287, 0.012252108193933964, 0.011032168753445148, 0.011756189167499542, 0.011165001429617405], "cpearsonr": [0.7887572192594268, 0.7898260451870023, 0.7855031695873781, 0.7691467931680472, 0.7752482762437168], "cspearmanr": [0.7458269604207719, 0.7473028055487958, 0.7432020456043946, 0.7320811562091981, 0.7315214695216844], "crmse": [0.011489622294902802, 0.01223665103316307, 0.01102727372199297, 0.011893441900610924, 0.011266304180026054]}