{"dpearsonr": [NaN, NaN, NaN, NaN, NaN], "drmse": [0.08613123744726181, 0.08432496339082718, 0.0908532366156578, 0.0959983840584755, 0.0957740768790245], "cpearsonr": [0.7384974693506194, 0.7270837485331593, 0.7096287013829465, 0.7145771640410032, 0.7231105554122128], "crmse": [0.08641214668750763, 0.0844317078590393, 0.09048400074243546, 0.09612499922513962, 0.09607607126235962]}