{"dpearsonr": [0.40616858162012287, 0.43755532645450895, 0.458350855571171, 0.43208614912928195, 0.4337339929477736], "dspearmanr": [0.35852001150404894, 0.38996209008934307, 0.4280520836019928, 0.40072639668090393, 0.3740755461439678], "drmse": [0.01113564521074295, 0.012169494293630123, 0.011190720833837986, 0.011554776690900326, 0.011214345693588257], "cpearsonr": [0.7838048168806231, 0.7884144334173415, 0.7844299857723263, 0.7705207973402267, 0.7771691924267088], "cspearmanr": [0.7431364722192436, 0.7460551201524427, 0.7447570354109732, 0.7359616884931671, 0.7302197635866745], "crmse": [0.011583440005779266, 0.012194140814244747, 0.01120047364383936, 0.011729736812412739, 0.0112942298874259]}