{"dpearsonr": [NaN, NaN, NaN, NaN, NaN], "drmse": [0.08628863841295242, 0.08480866998434067, 0.09157009422779083, 0.09429264813661575, 0.09418537467718124], "cpearsonr": [0.7430382707191043, 0.7293889824393187, 0.7161648913724441, 0.7205356078606386, 0.7299357349455999], "crmse": [0.08658558130264282, 0.08493801951408386, 0.09119866043329239, 0.0944170281291008, 0.0944867953658104]}