{"dpearsonr": [0.3889034483132097, 0.3659197576942973, 0.38471398706117793, 0.37428079936502745, 0.3711237965816504], "dspearmanr": [0.3326885490455456, 0.3331174320808569, 0.3807565754889394, 0.342556859648934, 0.3296274334255116], "drmse": [0.011208418756723404, 0.01289600320160389, 0.011996174231171608, 0.012063891626894474, 0.011929492466151714], "cpearsonr": [0.7799445980870082, 0.7779752544595472, 0.7703805006629414, 0.7561878747298996, 0.7645845255844911], "cspearmanr": [0.7368226851466856, 0.7325416742349941, 0.727858898463572, 0.7197434543460531, 0.719040863726768], "crmse": [0.011643870733678341, 0.012879663147032261, 0.011992605403065681, 0.012094161473214626, 0.012012503109872341]}