{"dpearsonr": [0.08235467598406536, 0.05940828028435556, 0.08856374597812475, 0.07761463541785513, 0.0767246787980163], "dspearmanr": [0.0800904741723805, 0.05763682373793173, 0.08216547538423251, 0.07564399803760792, 0.06341133620520241], "drmse": [0.017165444791316986, 0.017792537808418274, 0.016508260741829872, 0.017063872888684273, 0.01727052591741085], "cpearsonr": [0.7322496958623756, 0.729225659293119, 0.7444197748004512, 0.7328154268399164, 0.7334408396434419], "cspearmanr": [0.6914030645497895, 0.6915058811978744, 0.7007108137555738, 0.6934067921734309, 0.6960560789578958], "crmse": [0.017090516164898872, 0.017765073105692863, 0.016512487083673477, 0.016968438401818275, 0.01716986671090126]}