{"dpearsonr": [0.3677895829590268, 0.33203567886846286, 0.3764655466421114, 0.34638818664573284, 0.35219466011860934], "dspearmanr": [0.31627912264669134, 0.29928184161431515, 0.3739344483721622, 0.3177264546157458, 0.31077919612454247], "drmse": [0.011479170061647892, 0.01330506894737482, 0.012183552607893944, 0.012389704585075378, 0.012115181423723698], "cpearsonr": [0.7760072466698662, 0.7719732842964956, 0.7658652660441653, 0.7521144470068246, 0.7629684382786939], "cspearmanr": [0.7336184792512327, 0.7262124512983626, 0.7242160077526478, 0.7158322169783156, 0.7161385260746808], "crmse": [0.011968553066253662, 0.013283141888678074, 0.012187373824417591, 0.012422183528542519, 0.012194166891276836]}