{"dpearsonr": [0.121347461325609, 0.10598178766321348, 0.06442967623657773, 0.08318426809713678, 0.08739604983527935], "dspearmanr": [0.11222685122974815, 0.10619499035797438, 0.06470453855870019, 0.08366078979307186, 0.07490521980959804], "drmse": [0.016280917450785637, 0.01666521281003952, 0.016685253009200096, 0.016584724187850952, 0.01683022826910019], "cpearsonr": [0.7398714275014967, 0.7343673108480682, 0.7394712051759679, 0.7401516992077524, 0.7338380338206806], "cspearmanr": [0.6971513269218175, 0.6942980899383365, 0.6969979462865039, 0.696135580287317, 0.694735674800616], "crmse": [0.01621660590171814, 0.016603069379925728, 0.016592375934123993, 0.016496164724230766, 0.01673789508640766]}