{"dpearsonr": [0.07278263790102558, 0.05297292258398351, 0.04201371537811529, 0.06392282229459073, 0.05538219374682577], "dspearmanr": [0.07288076700712572, 0.05352137088299665, 0.04553403159466679, 0.0674432125074712, 0.06282181961623766], "drmse": [0.018908686935901642, 0.01920771412551403, 0.019038893282413483, 0.018454644829034805, 0.020808164030313492], "cpearsonr": [0.709848383764988, 0.7166015598152903, 0.7186177213111247, 0.7218889881050027, 0.7002133287287806], "cspearmanr": [0.674179681497462, 0.681043154850977, 0.6806546466059616, 0.6840040568679426, 0.6695805300847354], "crmse": [0.018933827057480812, 0.019188016653060913, 0.0190401803702116, 0.018356388434767723, 0.0206359401345253]}