{"dpearsonr": [0.4030617118006573, 0.3644831812426168, 0.3980781802129637, 0.3911931419934011, 0.3883921838975888], "dspearmanr": [0.3555387069624428, 0.33922244868211004, 0.4014261246031645, 0.3693575829470816, 0.34057392241561596], "drmse": [0.011013303883373737, 0.012998952530324459, 0.011866982094943523, 0.011843770742416382, 0.011705954559147358], "cpearsonr": [0.7828535134821595, 0.7815778915080669, 0.7705596664262891, 0.7611451952810174, 0.7703297893150677], "cspearmanr": [0.7398180745256394, 0.735843157000985, 0.7297133766381019, 0.7247848049026429, 0.723474130227381], "crmse": [0.011455158703029156, 0.012964910827577114, 0.011861789971590042, 0.011901969090104103, 0.011788582429289818]}