{"dpearsonr": [0.07035288677521014, 0.04353922258051119, 0.04663136417461929, 0.05199144125313587, 0.05890111184622222], "dspearmanr": [0.07082239997419587, 0.054192087399199916, 0.04663665418185067, 0.05701990504086801, 0.05998624618719532], "drmse": [0.018464362248778343, 0.019735313951969147, 0.018615253269672394, 0.018242275342345238, 0.01967315562069416], "cpearsonr": [0.7173131495970623, 0.7049106050262898, 0.722483709672781, 0.7225051422684552, 0.7040250189070792], "cspearmanr": [0.6811860776522103, 0.6761742117724453, 0.684754910496314, 0.6862716730745371, 0.6742060978331492], "crmse": [0.018401704728603363, 0.019635161384940147, 0.018571222200989723, 0.01812586560845375, 0.01960662752389908]}