{"dpearsonr": [0.390307393816353, 0.3414973990356807, 0.3817789180418554, 0.366395989491286, 0.34788886602898705], "dspearmanr": [0.3455229337164557, 0.32931300697833377, 0.39169940822066335, 0.3524363012982456, 0.32177606684242643], "drmse": [0.011143453419208527, 0.013370584696531296, 0.012243452481925488, 0.012168585322797298, 0.012571055442094803], "cpearsonr": [0.778031335508536, 0.7761291573000217, 0.7663320840286983, 0.7556801294484288, 0.7628469539917496], "cspearmanr": [0.7347489797555672, 0.7316079710063558, 0.7256888375814767, 0.7189473948907108, 0.7172879832759872], "crmse": [0.011550530791282654, 0.013306421227753162, 0.012174338102340698, 0.01219889335334301, 0.01261289231479168]}