{"dpearsonr": [0.36659428404153893, 0.32473105555826787, 0.3508965440458569, 0.37383902415176673, 0.37535899042974685], "dspearmanr": [0.32861551578672527, 0.30719143461281334, 0.3738209991682534, 0.3555995875526398, 0.34074251520970206], "drmse": [0.011498931795358658, 0.013724316842854023, 0.012909559532999992, 0.012040410190820694, 0.01224500872194767], "cpearsonr": [0.7775186008952782, 0.7748101195582623, 0.7648592386007325, 0.7534301115464653, 0.7633922596341803], "cspearmanr": [0.7351992597832024, 0.7297296590264326, 0.7257342945423226, 0.7180464978821446, 0.7182621000371499], "crmse": [0.011906538158655167, 0.013658231124281883, 0.012849199585616589, 0.01210001204162836, 0.012294351123273373]}