{"dpearsonr": [0.10751981411077582, 0.09539909004306467, 0.10557258556048173, 0.1076871136031296, 0.1083994217823002], "dspearmanr": [0.10282827050354386, 0.0898136571620331, 0.09484893050969875, 0.09916290317832219, 0.10035903874647083], "drmse": [0.016479788348078728, 0.01658252812922001, 0.01632167398929596, 0.016323460265994072, 0.016343167051672935], "cpearsonr": [0.7384861736189308, 0.7415540881190252, 0.7416990421536126, 0.7412528858061112, 0.7399072850746296], "cspearmanr": [0.6961239758922989, 0.6995787168562901, 0.6995379957020477, 0.6982170528033277, 0.6980698189954998], "crmse": [0.01641404815018177, 0.016512827947735786, 0.01625393144786358, 0.01625226065516472, 0.016262194141745567]}