{"dpearsonr": [0.3484216362120485, 0.3298647191822734, 0.3271427634060143, 0.3627553093318387, 0.32543329341924554], "dspearmanr": [0.30745447204861287, 0.3125326805568481, 0.33829345248748394, 0.34391176887131314, 0.2935832287889208], "drmse": [0.011951091699302197, 0.013550886884331703, 0.012994354590773582, 0.012210669927299023, 0.012615500949323177], "cpearsonr": [0.7724160659557328, 0.7730970526655968, 0.7598337030118866, 0.753403778131647, 0.7604829815242359], "cspearmanr": [0.730562797718229, 0.7284775799184575, 0.7184188276083759, 0.717674273345428, 0.7149623648444914], "crmse": [0.012387417256832123, 0.0135316988453269, 0.012951460666954517, 0.012262661010026932, 0.012655045837163925]}