{"dpearsonr": [0.11186652696384085, 0.09447731878386813, 0.10265531811906199, 0.10954049801751213, 0.10429705511578216], "dspearmanr": [0.10998640332705513, 0.08705590805683794, 0.09294108504007599, 0.1041353028600109, 0.09771109393402766], "drmse": [0.01627899333834648, 0.016495684161782265, 0.01638133078813553, 0.016283875331282616, 0.016504909843206406], "cpearsonr": [0.7409670356310623, 0.7407478617267738, 0.7409921672920591, 0.7421430713386766, 0.7390497847952145], "cspearmanr": [0.697449161516212, 0.6999425079334001, 0.6970354780957206, 0.6989243531543149, 0.6962862520117601], "crmse": [0.016203060746192932, 0.016433360055088997, 0.016293033957481384, 0.016203653067350388, 0.016398238018155098]}