{"dpearsonr": [0.3520994695822405, 0.31953172841991584, 0.34491004531162966, 0.36498217127854954, 0.3454914587583169], "dspearmanr": [0.31741809547451844, 0.31370442115939273, 0.3565312450708272, 0.341578991445466, 0.3146468739868865], "drmse": [0.011613593436777592, 0.013445339165627956, 0.012969153001904488, 0.012166174128651619, 0.012430166825652122], "cpearsonr": [0.7756297475076678, 0.7738409523231501, 0.7626062599425829, 0.7545229534257194, 0.7601668927735746], "cspearmanr": [0.7313233894655405, 0.7281899429888903, 0.7233711470999055, 0.7177212482222414, 0.7168188049360634], "crmse": [0.012095965445041656, 0.013419289141893387, 0.01288220752030611, 0.012206053361296654, 0.01249753963202238]}