{"dpearsonr": [0.3215288833648101, 0.33239975708838826, 0.3243516373070551, 0.31758853329885206, 0.3275514719698043], "dspearmanr": [0.2725005055601268, 0.2992291515984429, 0.33815406486441174, 0.29672025281299397, 0.281401753145477], "drmse": [0.012112757191061974, 0.01339253131300211, 0.012806974351406097, 0.0125834746286273, 0.012526923790574074], "cpearsonr": [0.7658266880313688, 0.7698954858725818, 0.7613758459621647, 0.748366553026125, 0.7555823164839981], "cspearmanr": [0.7237917672876396, 0.7239072139301639, 0.7198024936932567, 0.7116558579297623, 0.7092218719770015], "crmse": [0.01253904215991497, 0.01335976179689169, 0.012819679453969002, 0.012613868340849876, 0.012581844814121723]}