{"dpearsonr": [0.09646021369648475, 0.08819408188760189, 0.10443160856089283, 0.09922401744793001, 0.1031945769016602], "dspearmanr": [0.08471147994218643, 0.07829560411004755, 0.09384536653353573, 0.09224348635334918, 0.09570982554942463], "drmse": [0.0164137315005064, 0.016608726233243942, 0.01632830500602722, 0.01623583398759365, 0.01627863384783268], "cpearsonr": [0.7405268054552716, 0.7379331554418073, 0.7428373113725278, 0.7411259814110479, 0.738674380490255], "cspearmanr": [0.6977702103359895, 0.6965796581990676, 0.700400938405192, 0.6970477895442089, 0.696966989478866], "crmse": [0.01636837236583233, 0.016507728025317192, 0.016257982701063156, 0.016165561974048615, 0.01619274914264679]}