{"dpearsonr": [0.32784578507505097, 0.30004200877086423, 0.34815835624478203, 0.33075150161179384, 0.2920712781627724], "dspearmanr": [0.28120126538981416, 0.26624166246497183, 0.3400975144999977, 0.30086949167423443, 0.2525514611295422], "drmse": [0.011927954852581024, 0.013616623356938362, 0.012517714872956276, 0.012597091495990753, 0.012869150377810001], "cpearsonr": [0.7696846824761711, 0.7658651817304273, 0.7599757519677205, 0.746816675083827, 0.7493048871094473], "cspearmanr": [0.7276613255920026, 0.7180346240916637, 0.7185010627337302, 0.7108081479885279, 0.7039697609946584], "crmse": [0.01239361334592104, 0.01361113041639328, 0.012512899935245514, 0.012632650323212147, 0.012964804656803608]}