{"dpearsonr": [0.37064441883318133, 0.3524118753968702, 0.303366181187641, 0.36086186551742827, 0.3716770968894845], "dspearmanr": [0.3327663301447734, 0.3232023990790759, 0.36129682138041563, 0.33610603060652244, 0.3396894201873066], "drmse": [0.011475869454443455, 0.013100571930408478, 0.01361319050192833, 0.012332657352089882, 0.012184067629277706], "cpearsonr": [0.7756790396291087, 0.7712934467777111, 0.7606245442077595, 0.7558212120149211, 0.7626297699444978], "cspearmanr": [0.7320091247659759, 0.7244298358875803, 0.7210362756445138, 0.7206294473600057, 0.7183357458969294], "crmse": [0.011940996162593365, 0.013089342974126339, 0.013557251542806625, 0.012394759804010391, 0.012238411232829094]}