{"dpearsonr": [0.09589602828870436, 0.07485435044826044, 0.11303832025049607, 0.09219157498132105, 0.09075774727478264], "dspearmanr": [0.08826208869513619, 0.06369540049745562, 0.10371236101722561, 0.08772459011393532, 0.08001833740422792], "drmse": [0.016377286985516548, 0.01683332584798336, 0.016182297840714455, 0.016261400654911995, 0.016714179888367653], "cpearsonr": [0.7409484338525107, 0.7370193166797835, 0.7429338391821884, 0.7416050239915277, 0.7354974125385554], "cspearmanr": [0.6965403011558992, 0.6960688234254747, 0.6989132967053225, 0.6984241779641774, 0.6936706741865066], "crmse": [0.016335297375917435, 0.016734935343265533, 0.01612568274140358, 0.016200954094529152, 0.016593007370829582]}