{"dpearsonr": [0.37135184392722265, 0.3296070406078348, 0.36164324867375003, 0.3713257919789626, 0.3594577881454645], "dspearmanr": [0.3304954387079482, 0.3216361550954641, 0.3716373533393699, 0.33860045750741463, 0.32480204671692425], "drmse": [0.01152464747428894, 0.013415870256721973, 0.012643544934689999, 0.012096239253878593, 0.012323465198278427], "cpearsonr": [0.7765506806255629, 0.775491754380738, 0.7655052025548615, 0.7546901797280186, 0.7650079382453596], "cspearmanr": [0.7349466002265846, 0.7311240222146619, 0.7265132243199444, 0.720341501802784, 0.7179282742887925], "crmse": [0.011958952993154526, 0.013380669057369232, 0.012586500495672226, 0.012147804722189903, 0.012389757670462132]}