{"dpearsonr": [0.37929618428790257, 0.3624939013791143, 0.3886509014693957, 0.3630314481560071, 0.38253272715618664], "dspearmanr": [0.3322024931932076, 0.33311682707959556, 0.3918792184422761, 0.3411692228921228, 0.34010813609952334], "drmse": [0.011259244754910469, 0.013038338162004948, 0.012073947116732597, 0.012176319025456905, 0.011963535100221634], "cpearsonr": [0.7805108506490571, 0.7787064492568477, 0.7698419395663156, 0.7548619650781535, 0.7647873815400561], "cspearmanr": [0.7376387319798029, 0.7322245760583328, 0.7281571238073731, 0.7185208367358892, 0.7202186806571902], "crmse": [0.011714398860931396, 0.01299311313778162, 0.012067200616002083, 0.012209828943014145, 0.012036561034619808]}