{"dpearsonr": [0.11190785481414514, 0.11243634645509676, 0.10739051967411432, 0.10739266330293279, 0.11155117521167729], "dspearmanr": [0.10475763740039876, 0.1034601136786469, 0.09611837080837791, 0.10077347111087202, 0.1005061556769314], "drmse": [0.0162783395498991, 0.016345275565981865, 0.01634114794433117, 0.016287419945001602, 0.016161024570465088], "cpearsonr": [0.7400802435860891, 0.7438559395372277, 0.7440422347130908, 0.7428669761057016, 0.741348262795977], "cspearmanr": [0.6969752177743832, 0.7029133973798183, 0.701786322265267, 0.7003052619667499, 0.6993438121958822], "crmse": [0.016246195882558823, 0.016262197867035866, 0.01622394099831581, 0.01621166616678238, 0.016136053949594498]}