{"dpearsonr": [0.06021189800367854, 0.07117063869380433, 0.07199364468707255, 0.07890423150229785, 0.09611647147010957], "dspearmanr": [0.05777522714108319, 0.06633714615623165, 0.06679247226463772, 0.07781205306111191, 0.08445232748678483], "drmse": [0.01768594980239868, 0.01718001253902912, 0.01716029644012451, 0.01706702634692192, 0.017568405717611313], "cpearsonr": [0.7252379829286251, 0.7345565392450221, 0.735773105808363, 0.7299406082287992, 0.7254258219061918], "cspearmanr": [0.6848044823376006, 0.6954337690781597, 0.6939201111179424, 0.6901875527224083, 0.6864354170436628], "crmse": [0.017568903043866158, 0.01712576113641262, 0.01708790846168995, 0.016967225819826126, 0.017455244436860085]}