{"dpearsonr": [0.05941595839860079, 0.06434941062757345, 0.05892582874406129, 0.1006924325255565, 0.07218248883325074], "dspearmanr": [0.0635424938510363, 0.06104794789200865, 0.06497732369913213, 0.09086039166095428, 0.06527684667443433], "drmse": [0.018205435946583748, 0.017869286239147186, 0.017457598820328712, 0.017313271760940552, 0.01800653524696827], "cpearsonr": [0.7264183404816253, 0.7242425476054857, 0.7332284434632887, 0.7206598751320628, 0.7166319974585252], "cspearmanr": [0.6876719437924843, 0.6877191743372072, 0.6935975860777666, 0.6822397708189101, 0.6808136757676821], "crmse": [0.01807895116508007, 0.017870748415589333, 0.01736864633858204, 0.01724504493176937, 0.0178963765501976]}