{"dpearsonr": [0.26430876967548017, 0.24934590002966248, 0.3152375037154707, 0.322427093008871, 0.2658227179048178], "dspearmanr": [0.2354202932375486, 0.22124925686791516, 0.29471189384071694, 0.2898658641868526, 0.22450623975028575], "drmse": [0.012630823068320751, 0.014315836131572723, 0.012975212186574936, 0.01268940418958664, 0.013263920322060585], "cpearsonr": [0.757795236541547, 0.7562426498176038, 0.7516821404419103, 0.7413122848162248, 0.7398736549472545], "cspearmanr": [0.7152145594653695, 0.7080076535708866, 0.7083139382832848, 0.7033383856096924, 0.6931752649116825], "crmse": [0.01314154639840126, 0.014334099367260933, 0.012964353896677494, 0.012728547677397728, 0.013368282467126846]}