{"dpearsonr": [0.09987857403677687, 0.09750883528551357, 0.11198957790485756, 0.09726107579731007, 0.08427384714065042], "dspearmanr": [0.08851184197179378, 0.09119032270051171, 0.10184389405826916, 0.09661320249489114, 0.07942078237790386], "drmse": [0.016231602057814598, 0.016382398083806038, 0.016390260308980942, 0.016301166266202927, 0.016569528728723526], "cpearsonr": [0.743317971558855, 0.7408640632276963, 0.7419534200132987, 0.7425444548704757, 0.7375264096121324], "cspearmanr": [0.7002581426021997, 0.6992663697493099, 0.6981332785397588, 0.6996076136376816, 0.6951537134875352], "crmse": [0.016174854710698128, 0.01635633409023285, 0.016302574425935745, 0.01622503250837326, 0.0164877288043499]}