{"dpearsonr": [0.0754663254675341, 0.07522767221117853, 0.08998819775380343, 0.0986147280093366, 0.10073902490611036], "dspearmanr": [0.06623853101178705, 0.06256181503284484, 0.08502399899054204, 0.09133932233561848, 0.0889704220338183], "drmse": [0.01681050844490528, 0.01705506630241871, 0.0164483729749918, 0.016311142593622208, 0.01648491621017456], "cpearsonr": [0.7395229508201973, 0.7337745846300693, 0.7402512574981029, 0.7428421019319515, 0.7381192953333218], "cspearmanr": [0.6972180118936734, 0.692358759452921, 0.6965630408013724, 0.7006723027430316, 0.696735813330226], "crmse": [0.016680466011166573, 0.01694664917886257, 0.016370989382267, 0.016246778890490532, 0.01639879122376442]}