{"dpearsonr": [0.33946921231478294, 0.31369968100831325, 0.354689668549287, 0.3592544222503236, 0.33763857544071463], "dspearmanr": [0.2887781441312346, 0.27969548767592145, 0.348211239535092, 0.3299711965335107, 0.2995911770315646], "drmse": [0.011848506517708302, 0.013493896462023258, 0.012391608208417892, 0.012162135913968086, 0.012415783479809761], "cpearsonr": [0.7721398909243323, 0.7691855430572139, 0.7635745460874427, 0.7533677071889554, 0.7580199781372888], "cspearmanr": [0.7294836616499114, 0.7211954216431181, 0.7217240258968994, 0.7167022925682028, 0.7133403602815546], "crmse": [0.012366349808871746, 0.013497480191290379, 0.012380118481814861, 0.012210953049361706, 0.01249252911657095]}