{"dpearsonr": [0.06746559111361806, 0.05103826934541696, 0.07418962183954442, 0.06116495970234074, 0.09895229851703924], "dspearmanr": [0.06074867010296899, 0.05433769085989115, 0.07479228993760198, 0.05770057284643471, 0.08885924752308678], "drmse": [0.01893812045454979, 0.018856633454561234, 0.017872387543320656, 0.017736272886395454, 0.017963942140340805], "cpearsonr": [0.7109574246136533, 0.7129806558599852, 0.7249328206555222, 0.7211090742512075, 0.7206616205831353], "cspearmanr": [0.6731042787810403, 0.6770788092043507, 0.6861446135668008, 0.6841861304157034, 0.6860186613294948], "crmse": [0.018875956535339355, 0.018749529495835304, 0.017787495627999306, 0.01769372634589672, 0.017903968691825867]}