{"dpearsonr": [0.4197251596229243, 0.40554272017250914, 0.4657385654320551, 0.41872696266436044, 0.4196986662308556], "dspearmanr": [0.3644263482315854, 0.3672711872951814, 0.43759915831830676, 0.37932493831147834, 0.3628465265393605], "drmse": [0.010853936895728111, 0.012363849207758904, 0.010930517688393593, 0.011569797061383724, 0.011351040564477444], "cpearsonr": [0.7864668201528358, 0.7907365168725795, 0.7832731975033639, 0.7641140380367096, 0.7751210624241812], "cspearmanr": [0.7453455268727728, 0.747099382855296, 0.7430344029501817, 0.729982379713486, 0.729513392281711], "crmse": [0.011208437383174896, 0.012337184511125088, 0.010905508883297443, 0.011669025756418705, 0.011467618867754936]}