{"dpearsonr": [NaN, NaN, NaN, NaN, NaN], "drmse": [0.08502409607172012, 0.08444302529096603, 0.09281858056783676, 0.09527266770601273, 0.09337899088859558], "cpearsonr": [0.7357178709321635, 0.7259861114987255, 0.7123954384901223, 0.7140545328598781, 0.7163341756735827], "crmse": [0.08530133962631226, 0.08454325795173645, 0.09243544936180115, 0.09539885818958282, 0.09368138015270233]}