{"dpearsonr": [NaN, NaN, NaN, NaN, NaN], "drmse": [0.08637923747301102, 0.0868077203631401, 0.09034376591444016, 0.09369514882564545, 0.09521642327308655], "cpearsonr": [0.7392622448905769, 0.72704541343474, 0.7025377884068738, 0.7137676797493924, 0.7225924086456432], "crmse": [0.08666561543941498, 0.08691245317459106, 0.08997152745723724, 0.09382322430610657, 0.09550783038139343]}