{"dpearsonr": [0.4183403017867817, 0.40617455127913515, 0.4323087638351578, 0.3987237506276537, 0.44253394882752545], "dspearmanr": [0.38322926599434426, 0.3618742895819504, 0.4051840615311388, 0.3628985838250756, 0.38057335559841315], "drmse": [0.010863175615668297, 0.012254485860466957, 0.011429980397224426, 0.011768316850066185, 0.010993266478180885], "cpearsonr": [0.7891602947594722, 0.7871017223241981, 0.7814381699055086, 0.7676416188380647, 0.7771850351888115], "cspearmanr": [0.746899932600441, 0.7467507246209012, 0.7448009721547093, 0.729680153953929, 0.7315256865732719], "crmse": [0.011255228891968727, 0.012252695858478546, 0.01139215286821127, 0.011856368742883205, 0.011047468520700932]}