{"dpearsonr": [0.2516931244691573, 0.2971842074137723, 0.3312828872614782, 0.2662289518703212, 0.30681261376899144], "dspearmanr": [0.20233730860625573, 0.24475443553564075, 0.29926181992974, 0.2484178844950427, 0.21383040886297514], "drmse": [0.013444085605442524, 0.01434516254812479, 0.012474803254008293, 0.014153609052300453, 0.012643786147236824], "cpearsonr": [0.7409679048007128, 0.7440865857475496, 0.7503255791869811, 0.7298215117776757, 0.736924182865885], "cspearmanr": [0.6948025181350596, 0.6904945901190811, 0.7068840524360327, 0.6900052212517759, 0.6868249580589356], "crmse": [0.013847796246409416, 0.014289110898971558, 0.012500441633164883, 0.014251554384827614, 0.012736369855701923]}