{"dpearsonr": [NaN, NaN, NaN, NaN, NaN], "dspearmanr": [NaN, NaN, NaN, NaN, NaN], "drmse": [0.01780368760228157, 0.015365795232355595, 0.013543047942221165, 0.013447877950966358, 0.014142341911792755], "cpearsonr": [0.7295888968550954, 0.7126533775737558, 0.7281364859131101, 0.727053281521704, 0.7438682925169346], "cspearmanr": [0.6897069439597697, 0.6704818119724062, 0.6817885277324913, 0.6723507397227603, 0.7042280188947916], "crmse": [0.018066927790641785, 0.015459821559488773, 0.013570069335401058, 0.013467228040099144, 0.01443291176110506]}