{"dpearsonr": [NaN, NaN, NaN, NaN, NaN], "drmse": [0.08604967594146729, 0.08475782722234726, 0.09240444004535675, 0.09371886402368546, 0.09766938537359238], "cpearsonr": [0.7429807150374557, 0.7295021397356268, 0.716018004265072, 0.7207860186803812, 0.730229766865907], "crmse": [0.0863432064652443, 0.08488750457763672, 0.09203002601861954, 0.09384655952453613, 0.0979747325181961]}