{"dpearsonr": [NaN, NaN, NaN, NaN, NaN], "drmse": [0.08490222692489624, 0.09230665117502213, 0.0963558554649353, 0.09711820632219315, 0.08873391151428223], "cpearsonr": [0.7295689952053181, 0.713035990705615, 0.7278657208437282, 0.7267972982605111, 0.743560621825783], "crmse": [0.08509526401758194, 0.09208914637565613, 0.09665320813655853, 0.09763206541538239, 0.08846095204353333]}