{"dpearsonr": [NaN, NaN, NaN, NaN, NaN], "drmse": [0.08337509632110596, 0.08235424011945724, 0.08327483385801315, 0.0847083255648613, 0.08433554321527481], "cpearsonr": [0.7394442577035334, 0.7396581059660396, 0.7402658909371307, 0.7402863351042417, 0.7396925877725905], "crmse": [0.08402962982654572, 0.08299237489700317, 0.08389682322740555, 0.08534388989210129, 0.08500345796346664]}