{"dpearsonr": [NaN, NaN, NaN, NaN, NaN], "drmse": [0.0882144644856453, 0.08665555715560913, 0.09172846376895905, 0.09287934750318527, 0.09651891887187958], "cpearsonr": [0.7433277059268555, 0.7294113563228016, 0.7163217265426842, 0.7214609375550952, 0.7311243529149711], "crmse": [0.08851069211959839, 0.0867907851934433, 0.091352678835392, 0.09300772845745087, 0.09682679176330566]}