{"dpearsonr": [NaN, NaN, NaN, NaN, NaN], "drmse": [0.08946435898542404, 0.0861147791147232, 0.0904022678732872, 0.09497293829917908, 0.09865016490221024], "cpearsonr": [0.7434247968890693, 0.7294258226291985, 0.7163973206795761, 0.7213824078484705, 0.7311461651520155], "crmse": [0.08976298570632935, 0.0862463042140007, 0.09003040939569473, 0.09510238468647003, 0.09895451366901398]}