{"dpearsonr": [NaN, NaN, NaN, NaN, NaN], "drmse": [0.08739946037530899, 0.0859600380063057, 0.09275558590888977, 0.0949280634522438, 0.09515605121850967], "cpearsonr": [0.74339023113078, 0.7294872717895428, 0.7164785714617394, 0.7214184474587141, 0.7310383869857319], "crmse": [0.08769585192203522, 0.08609539270401001, 0.09237724542617798, 0.09505973756313324, 0.09546369314193726]}