{"dpearsonr": [NaN, NaN, NaN, NaN, NaN], "drmse": [0.08665184676647186, 0.08603386580944061, 0.09118158370256424, 0.09363291412591934, 0.09692350029945374], "cpearsonr": [0.7355621790133956, 0.726500794204888, 0.7095585162029188, 0.7125332760467361, 0.7229205825928898], "crmse": [0.08693104982376099, 0.08613519370555878, 0.09080859273672104, 0.09376034885644913, 0.09722556918859482]}