{"dpearsonr": [0.3897481111632873, 0.3982426727512443, 0.43860010518635, 0.4015699193078368, 0.4262117347444851], "dspearmanr": [0.34980971098742275, 0.3600274799016427, 0.4074987080766533, 0.3713808437326191, 0.36725888141821533], "drmse": [0.011174486950039864, 0.012663081288337708, 0.011376463808119297, 0.011888133361935616, 0.011473478749394417], "cpearsonr": [0.7847784168853679, 0.7889381120503477, 0.7860194208914545, 0.766834990457557, 0.7753417463651192], "cspearmanr": [0.742551264140427, 0.747387823902226, 0.7463485725345398, 0.7329443787576425, 0.7304992187504176], "crmse": [0.011580102145671844, 0.012629538774490356, 0.011358620598912239, 0.012036778964102268, 0.01158114429563284]}