{"dpearsonr": [0.3951900497929949, 0.3923055333471599, 0.418529405335253, 0.4011345065419873, 0.4062891643464378], "dspearmanr": [0.3510071435878891, 0.3590492810638403, 0.3935319150231954, 0.3754105647567932, 0.3498036845226388], "drmse": [0.011391601525247097, 0.01251148246228695, 0.011465447023510933, 0.01182052493095398, 0.011698463931679726], "cpearsonr": [0.7836367967273689, 0.7898385100306811, 0.7778640288302061, 0.7661418853570245, 0.777445210136368], "cspearmanr": [0.7419282153609167, 0.7493568758098622, 0.7414209439319013, 0.7343963877028903, 0.7300806916655413], "crmse": [0.011842590756714344, 0.012492370791733265, 0.011429257690906525, 0.011991587467491627, 0.011793441139161587]}