{"dpearsonr": [0.21740627869685136, 0.24335439377410006, 0.26705166690339555, 0.24388051853210188, 0.29330542302021834], "dspearmanr": [0.1929064156872471, 0.22999879044823257, 0.23622163949698652, 0.21401854594369862, 0.24849177236068573], "drmse": [0.014772068709135056, 0.0167811568826437, 0.013792404904961586, 0.014704074710607529, 0.013524794019758701], "cpearsonr": [0.7657100005958829, 0.766639269050354, 0.7686915279915814, 0.7513575167157447, 0.7543211828829873], "cspearmanr": [0.7237475475161546, 0.7226284918235161, 0.7272868558829537, 0.716099892475214, 0.7129545447175509], "crmse": [0.015460526570677757, 0.016736380755901337, 0.013832044787704945, 0.014718337915837765, 0.013577843084931374]}