{"dpearsonr": [0.4299400490179086, 0.4093301837921682, 0.46334048786167037, 0.4120861986439971, 0.43568915928147056], "dspearmanr": [0.3695343885054387, 0.3577113178708611, 0.42638309627317456, 0.37361399634559284, 0.38622564275678856], "drmse": [0.010869775898754597, 0.012684565968811512, 0.01109960675239563, 0.011648749932646751, 0.01129463966935873], "cpearsonr": [0.7878136031720199, 0.787736606418201, 0.7844892149949017, 0.7693070242144856, 0.7769833108859092], "cspearmanr": [0.7459450891335193, 0.7458534852124342, 0.7430972593800488, 0.7332199678795441, 0.7325686909897529], "crmse": [0.01121471542865038, 0.012678736820816994, 0.011076374910771847, 0.011786846444010735, 0.011381987482309341]}