{"dpearsonr": [0.08854738786535839, 0.08208147971010041, 0.1384466107025863, 0.11711683452758383, 0.07629924009370333], "dspearmanr": [0.07468128079377445, 0.07753951116053992, 0.1310493954729645, 0.10125695663276642, 0.0773585462025608], "drmse": [0.014143774285912514, 0.015548275783658028, 0.01481479499489069, 0.014729957096278667, 0.01440401840955019], "cpearsonr": [0.7367999532918996, 0.7380279921951496, 0.7306449694057042, 0.7201173196930919, 0.7244084688390181], "cspearmanr": [0.6919217206072704, 0.6881688841746076, 0.6869036956937549, 0.6824908134353869, 0.6758423799877624], "crmse": [0.014681380242109299, 0.0156650822609663, 0.014707379043102264, 0.014745780266821384, 0.014500809833407402]}