{"dpearsonr": [NaN, NaN, NaN, NaN, NaN], "drmse": [0.08635608851909637, 0.08784101158380508, 0.09091443568468094, 0.0906013771891594, 0.0948861762881279], "cpearsonr": [0.739343747751815, 0.7271643974228884, 0.7061250805493121, 0.7106407290670902, 0.7149066097150384], "crmse": [0.086637943983078, 0.08794510364532471, 0.09054397791624069, 0.09072424471378326, 0.09517912566661835]}