{"dpearsonr": [0.23360143553435872, 0.2862822005406819, 0.3397148925117126, 0.2856286386954572, 0.28089166605289567], "dspearmanr": [0.20223064075473596, 0.23783169346690267, 0.3005339304470654, 0.27967947993072667, 0.22175929563391544], "drmse": [0.013227734714746475, 0.014700089581310749, 0.01250282023102045, 0.013417777605354786, 0.013430667109787464], "cpearsonr": [0.7371034088211212, 0.7400970108924438, 0.7484919187206112, 0.7257885647995466, 0.7294711526471681], "cspearmanr": [0.6921152527527409, 0.6877257571689472, 0.7058499705889154, 0.686279488929739, 0.6777387856050314], "crmse": [0.013686412945389748, 0.014688551425933838, 0.01251211017370224, 0.013540255837142467, 0.013494870625436306]}