{"dpearsonr": [0.36903641079468164, 0.39437559119404525, 0.4217492487958669, 0.4201850569432382, 0.4030417643072261], "dspearmanr": [0.32825537293685975, 0.3522996781851781, 0.40443084489363135, 0.3972797398949175, 0.3414974402889745], "drmse": [0.01151629164814949, 0.012865972705185413, 0.011560787446796894, 0.011556246317923069, 0.011512071825563908], "cpearsonr": [0.7810779123461468, 0.7798509548882054, 0.7793759060928641, 0.7649672144570774, 0.7739344917249708], "cspearmanr": [0.7396236045816081, 0.740051295789864, 0.738629304332897, 0.7300544933334011, 0.7258279056295908], "crmse": [0.011880956590175629, 0.012869401834905148, 0.011541302315890789, 0.011645813472568989, 0.011600762605667114]}