{"dpearsonr": [NaN, NaN, NaN, NaN, NaN], "dspearmanr": [NaN, NaN, NaN, NaN, NaN], "drmse": [0.01777002029120922, 0.015368413180112839, 0.01348152756690979, 0.013451088219881058, 0.014129046350717545], "cpearsonr": [0.7295644946892755, 0.712745280048348, 0.7284902707213178, 0.7272934874626172, 0.7438771175240103], "cspearmanr": [0.689631448600039, 0.6703530961481516, 0.6821941492937681, 0.6728286773820791, 0.7043785646154914], "crmse": [0.018033204600214958, 0.015464256517589092, 0.013506950810551643, 0.013469303026795387, 0.014420765452086926]}