{"dpearsonr": [0.2560464355227799, 0.28945008941892525, 0.30960458425722753, 0.25886808825473595, 0.3051474300984584], "dspearmanr": [0.21613048226923307, 0.2403656268606787, 0.29264397698961175, 0.2457318387895567, 0.23100507897085445], "drmse": [0.01283069234341383, 0.014395168051123619, 0.013235309161245823, 0.013871477916836739, 0.013020499609410763], "cpearsonr": [0.7366142936534286, 0.7408249863812008, 0.7402642363664076, 0.7202785295674847, 0.725651904721834], "cspearmanr": [0.6920278335013353, 0.6886681210720748, 0.6932994351798036, 0.6815753076344846, 0.6753934836335889], "crmse": [0.01330834161490202, 0.01432803738862276, 0.013244173489511013, 0.013913908042013645, 0.013112588785588741]}