{"dpearsonr": [NaN, NaN, NaN, NaN, NaN], "drmse": [0.08955661207437515, 0.0864643082022667, 0.09256118535995483, 0.09687374532222748, 0.09634977579116821], "cpearsonr": [0.7433437811534879, 0.7294779415009816, 0.7164041500765047, 0.7214080525087393, 0.7310989406477494], "crmse": [0.08985511213541031, 0.08659881353378296, 0.09217993170022964, 0.09700445830821991, 0.0966571792960167]}