{"dpearsonr": [NaN, NaN, NaN, NaN, NaN], "drmse": [0.0886736661195755, 0.08296432346105576, 0.08985040336847305, 0.09263519942760468, 0.09623018652200699], "cpearsonr": [0.7431563678737508, 0.7295427968435138, 0.7163082905982543, 0.7212531519331454, 0.7309011522532751], "crmse": [0.0889691710472107, 0.08310297876596451, 0.0894814133644104, 0.09276445209980011, 0.09653423726558685]}