{"dpearsonr": [0.31879546658106045, 0.25276300362078497, 0.3381077922022195, 0.31060643607491156, 0.2900663151665243], "dspearmanr": [0.2582034339024848, 0.20489771539364104, 0.31113853499381755, 0.2776554286164339, 0.22945464905477947], "drmse": [0.012038874439895153, 0.01389179565012455, 0.012546890415251255, 0.012762267142534256, 0.013038587756454945], "cpearsonr": [0.7528220387370704, 0.7560704389303976, 0.7493407157627806, 0.7381342897800682, 0.7307747270311798], "cspearmanr": [0.7072273131011132, 0.7067520146739431, 0.7073062633248964, 0.7015300585140439, 0.6787140124611858], "crmse": [0.012456631287932396, 0.013918664306402206, 0.01255804579705, 0.012819425202906132, 0.0131377549842]}