{"dpearsonr": [0.2780511987595457, 0.2613472885488777, 0.2633158207583482, 0.2684729772962801, 0.2865278488538145], "dspearmanr": [0.2567808184408033, 0.2084182253808585, 0.27921665843629434, 0.2750733755061854, 0.22410488367092976], "drmse": [0.012738064862787724, 0.015082910656929016, 0.01456710696220398, 0.014859648421406746, 0.013170512393116951], "cpearsonr": [0.7646032120475054, 0.7591445127701392, 0.7572440194828871, 0.7424742213194261, 0.7498549856234101], "cspearmanr": [0.7237112931071943, 0.7165404240038111, 0.7164113043853858, 0.7068895122060729, 0.7034360150239556], "crmse": [0.013097668997943401, 0.015116309747099876, 0.014464838430285454, 0.014916718006134033, 0.013230343349277973]}