{"dpearsonr": [-0.0030189886183826517, 0.01102769485792722, 0.007388737954424274, 0.00027199831769486805, -0.0033227496378265588], "drmse": [0.09003974497318268, 0.0990716889500618, 0.10337149351835251, 0.10428085923194885, 0.09031916409730911], "cpearsonr": [0.7292451431226068, 0.7124616080030025, 0.7275846534379113, 0.7257433714222294, 0.7403552556686402], "crmse": [0.0902373194694519, 0.09888628125190735, 0.10367965698242188, 0.10483423620462418, 0.08990053087472916]}