{"dpearsonr": [0.003979273047983438, 0.008627024057200871, 0.008482399186785228, 0.0178392441105787, 0.003703353292877568], "drmse": [0.08865290880203247, 0.0890018492937088, 0.08985775709152222, 0.09104985743761063, 0.08656951040029526], "cpearsonr": [0.7387278425218496, 0.7387177143547091, 0.7394385569989065, 0.7396842857605942, 0.7391091180220416], "crmse": [0.08938083052635193, 0.0897173210978508, 0.09054990857839584, 0.09172568470239639, 0.08724957704544067]}