{"dpearsonr": [0.2899647466020674, 0.28678129731918933, 0.32776025493623895, 0.2564831395216867, 0.2792116682068207], "dspearmanr": [0.23953317113919154, 0.23553963453994403, 0.31576593378693757, 0.2419472229271996, 0.2342245641687651], "drmse": [0.012867753393948078, 0.015072830021381378, 0.013139056041836739, 0.014108085073530674, 0.014215085655450821], "cpearsonr": [0.7427499861072593, 0.7431169371500187, 0.7356190278189003, 0.7240228144102692, 0.7318383494215315], "cspearmanr": [0.6954191706579155, 0.6901057478242855, 0.6894319480962772, 0.6840247781160409, 0.6800688534587657], "crmse": [0.013245168142020702, 0.015065866522490978, 0.013111335225403309, 0.014181814156472683, 0.014255795627832413]}