{"pearsonr": [0.05489164891262348, 0.036428559195992076, 0.061989409736903096, 0.041162228840596275, 0.016866781929106126], "spearmanr": [0.10979874064534707, 0.11149424745035026, 0.10282649218245206, 0.034576164923765654, 0.07598421713825906], "r2": [-11.299228920380314, -15.321430071404883, -13.897933416601333, -14.320406750245786, -7.918551822136514], "rmse": [0.7410756485040512, 0.8536949346902665, 0.8156176488429081, 0.8271013851855437, 0.6310601703611295]}