{"pearsonr": [0.04603580632435371, 0.03906504952317857, -0.023517534826714655, 0.006112645752729966, -0.05018933642689244], "spearmanr": [0.040182542865599684, 0.08611352885050876, -0.13623847145037024, -0.01785679793732566, -0.05297364254754793], "r2": [-7.045732562206917, -9.824738263452609, -12.805028083437215, -13.14311596861525, -7.155533494500515], "rmse": [0.599385726436941, 0.6952360802358303, 0.7851312208765813, 0.7946870784761929, 0.603461805943133]}