{"pearsonr": [0.05659081251008351, 0.07020276636772048, 0.061614930250136056, 0.013087947026556449, 0.0716046793144459], "spearmanr": [0.09950889458595721, 0.09873715118754078, 0.08694780306710181, 0.04417670919758894, 0.07645659627099], "r2": [-6.621047380092023, -6.096516263251901, -5.846661030647205, -15.098660079049953, -9.853341455126968], "rmse": [0.5833523222697041, 0.5629193810365163, 0.5529209095867315, 0.8478489086364717, 0.6961540170523038]}