{"pearsonr": [0.05059699914274034, 0.06860627678535318, 0.044440738884121554, 0.012747179264747032, 0.06593073616401973], "spearmanr": [0.12235811539387548, 0.1086816413982398, 0.07494492444537844, 0.0665728008140537, 0.11083471135919529], "r2": [-13.835872554999687, -10.769469998498078, -11.655115457393086, -14.012637702169888, -6.679882243503945], "rmse": [0.8139170519233792, 0.7249399831200725, 0.7517209538184787, 0.8187514879244734, 0.5855997474676913]}