{"pearsonr": [0.13785123506332433, 0.18063848897054177, 0.09106144417251902, -0.012633312026549139, -0.08138318683445808], "spearmanr": [0.11528272627577636, 0.17440744049370796, 0.12766979702134756, 0.03334516224777751, -0.09776298221898452], "r2": [-6.875764271581245, -10.969033220216005, -14.117342011090557, -17.35944757953531, -8.949920904814174], "rmse": [0.6261414815214498, 0.7338422602829437, 0.8415158610652451, 0.860909145716667, 0.6549369456363536]}