{"pearsonr": [0.16810814901763896, 0.2188060489915253, 0.01392025210168663, 0.035129921746660416, 0.09404794950842059], "spearmanr": [0.1830542435952483, 0.17757327026473432, 0.017140000245155943, 0.09207808085601081, -0.08788898644034729], "r2": [-10.836266406633673, -16.718505132892304, -15.235156823818016, -18.779669484049606, -9.815326870622524], "rmse": [0.7675973873197731, 0.8928668960167917, 0.8720729802776412, 0.8935873907456091, 0.6828251372835474]}