{"pearsonr": [0.12060398692195617, 0.17270149329077963, 0.018723137847950804, -0.09820268462996515, -0.09081793414057593], "spearmanr": [0.12176675941848197, 0.16823147750584416, 0.05208041186341668, -0.09134481817206037, 0.09156667642181253], "r2": [-13.185640417801373, -11.96234531303881, -12.936069934123744, -18.40896248305332, -8.409023013438322], "rmse": [0.8403314073522474, 0.7636862571175677, 0.8079690876994708, 0.8851740570738917, 0.6368863503869603]}