{"pearsonr": [-0.003256300932009384, 0.018230755819721004, 0.0010891406654827249, -0.029945054810674276, 0.06349519461304379], "spearmanr": [0.11913835998789822, 0.09886675640384768, 0.10197695620290624, -0.09177783335124731, 0.08810968133957292], "r2": [-12.724816896063558, -12.402114274087245, -10.591066215899406, -12.13227453280336, -12.870015146024823], "rmse": [0.7828469788079252, 0.7735889517310688, 0.7194246160309591, 0.765761586760316, 0.7869770506849023]}