{"pearsonr": [-0.006645278358821742, -0.02986450887313351, 0.006883811412544305, 8.084713705156866e-05, 0.004826857442589232], "spearmanr": [0.10712556347877265, 0.023391799069201417, 0.0664642892530398, 0.02791705126225131, 0.08922239054258833], "r2": [-18.417374959838607, -11.993146491662644, -9.62430036837352, -10.22515676090988, -7.185582097177923], "rmse": [0.9311483088613313, 0.7616944089122225, 0.688769282749452, 0.7079780736276367, 0.6045724942921026]}