{"pearsonr": [0.06774313207552041, 0.12198282662307726, 0.07761429234462079, 0.02046102295320194, 0.1046430292964154], "spearmanr": [0.04459000595156784, 0.11778555148325667, 0.0853065196239968, 0.2352035939106117, 0.08580880622482995], "r2": [-6.478866476870486, -7.018032251726204, -6.885956623760524, -19.716118835704055, -11.998605140866884], "rmse": [0.6101603913176503, 0.6006300844067066, 0.6077875206917953, 0.9144957964710785, 0.7485797100814876]}