{"pearsonr": [-0.002370551223320724, 0.09601120233740022, 0.0915735326176258, 0.025698135947680244, 0.09082492062629606], "spearmanr": [-0.05350237945110578, 0.06996368233797857, 0.15394107891912986, -0.01801788619124064, 0.16966678779386082], "r2": [-17.41188030084158, -13.245016376433806, -10.840292102314868, -13.813625919762544, -8.983024036203465], "rmse": [0.9573598136309182, 0.8005798561948975, 0.7447419114701584, 0.7733181502780344, 0.6560255201747096]}