{"pearsonr": [0.05930017889550202, 0.22712733116624875, 0.11075616506516776, 0.02063279602183287, 0.12461311006387471], "spearmanr": [0.058927014523552916, 0.2299370973173311, 0.09306409130816505, 0.15892507000141623, 0.09170823786495681], "r2": [-12.15710251844766, -13.67296402773528, -11.840127976203597, -16.135537746330836, -15.368343118886909], "rmse": [0.8092938710680921, 0.8125163490275323, 0.7755490370448299, 0.8317185461245462, 0.8400246610071644]}