{"dpearsonr": [0.0032639452065141433, -0.03318485689453839, 0.01487711998498812, -0.0006599121182732526, 0.012050185538938996], "drmse": [0.09089737385511398, 0.09994662553071976, 0.10370857268571854, 0.10226500779390335, 0.09463625401258469], "cpearsonr": [0.7294218305317166, 0.711360494580684, 0.7291999784373109, 0.726030955113386, 0.7411581237727747], "crmse": [0.09111255407333374, 0.09964023530483246, 0.10403271019458771, 0.10275841504335403, 0.09424949437379837]}