{"dpearsonr": [0.016226215642989993, -0.04230913916372623, 0.024280762119055763, 0.001990395989628548, 0.005022546954324755], "drmse": [0.08870375156402588, 0.09557683020830154, 0.103920117020607, 0.10121776908636093, 0.09298544377088547], "cpearsonr": [0.7272853013235979, 0.7100205108194124, 0.7278559346529018, 0.725977254130088, 0.7377382304260314], "crmse": [0.08888644725084305, 0.09527277201414108, 0.10426121205091476, 0.10179466009140015, 0.09255668520927429]}