{"dpearsonr": [-9.826438769707883e-05, -0.0008412293137140597, 0.003368969167857415, 0.002233195763968089, -0.0034889549432189615], "drmse": [0.08766423165798187, 0.09925916790962219, 0.1039329469203949, 0.10195805877447128, 0.09466010332107544], "cpearsonr": [0.7281497531223334, 0.7122312251055353, 0.7276584622195341, 0.7271335945422303, 0.7396522006660959], "crmse": [0.08781085163354874, 0.09898177534341812, 0.10424594581127167, 0.10257185250520706, 0.09423991292715073]}