{"dpearsonr": [0.008633045313261159, 0.00895414964243555, 0.010225912619594654, 0.013833847304546232, 0.007538545901174984], "drmse": [0.08852791786193848, 0.08965961635112762, 0.088853619992733, 0.08652105927467346, 0.0883031040430069], "cpearsonr": [0.7386343207979003, 0.7388029142652407, 0.7385613460609369, 0.7395216036071514, 0.7456635912778384], "crmse": [0.08923155069351196, 0.09036988765001297, 0.08954133093357086, 0.08715134859085083, 0.08897525817155838]}