{"dpearsonr": [-0.012198035004620881, -0.023960086817740055, 0.008578305197028025, 0.0006750938099625292, 0.006452987594004961], "drmse": [0.08805117011070251, 0.09987927228212357, 0.10115435719490051, 0.10149843990802765, 0.09273415058851242], "cpearsonr": [0.727215425739084, 0.711000779462731, 0.7277644844119449, 0.725863096924179, 0.7336488918670405], "crmse": [0.08821915090084076, 0.0996052697300911, 0.10149475932121277, 0.102108895778656, 0.09232638776302338]}