{"dpearsonr": [0.032663806575229576, 0.030107042304372836, 0.02054648322217761, 0.021295928184844257, 0.01523552188714634], "drmse": [0.08644145727157593, 0.08870751410722733, 0.09056688100099564, 0.08913819491863251, 0.09104374051094055], "cpearsonr": [0.7390130993636502, 0.7390655450335887, 0.7318560481286579, 0.7397716385665233, 0.7456365108425264], "crmse": [0.08713424205780029, 0.08936519175767899, 0.09119626134634018, 0.08980394154787064, 0.09174273908138275]}