{"dpearsonr": [-0.00011984991114528853, -0.009347681873931294, 0.004911165175578954, -0.012884440037074755, 0.004073891234208357], "drmse": [0.08962110430002213, 0.09972076863050461, 0.1018989235162735, 0.09914389997720718, 0.09151056408882141], "cpearsonr": [0.7287461043114724, 0.7105399345335437, 0.7276629777745034, 0.7236473341217653, 0.7403157988795881], "crmse": [0.08986575156450272, 0.09941183775663376, 0.10221873223781586, 0.09964877367019653, 0.09116701781749725]}