{"dpearsonr": [0.032350783130087844, 0.026347532496268793, 0.020931951208271307, 0.006573357542181111, 0.021725079782831704], "drmse": [0.08747027069330215, 0.08742315322160721, 0.08849482238292694, 0.09003766626119614, 0.08804825693368912], "cpearsonr": [0.7388994319252405, 0.7387598193216387, 0.7317121027161467, 0.7462422689419015, 0.7384075846597864], "crmse": [0.08818155527114868, 0.08808524161577225, 0.08911223709583282, 0.09070241451263428, 0.08871579170227051]}