{"dpearsonr": [0.005849252231374152, 0.010773357154686834, -0.0015949019054565176, 0.00041021326492437626, -0.0010259041170306558], "drmse": [0.08668813109397888, 0.08919606357812881, 0.09027399122714996, 0.08872105181217194, 0.09077436476945877], "cpearsonr": [0.7371918473437151, 0.7379975339613375, 0.7380452516634551, 0.7385396092157518, 0.738150474588822], "crmse": [0.08742623031139374, 0.08991193771362305, 0.09101635217666626, 0.08947333693504333, 0.09150531142950058]}