{"dpearsonr": [0.0031264612316005275, -0.0014387870748355856, -0.0014601014024482268, -0.001213069093271513, -0.0016302138236308098], "drmse": [0.08878514915704727, 0.0923822671175003, 0.0893058329820633, 0.0896812379360199, 0.08899977058172226], "cpearsonr": [0.7386224936257745, 0.7461483625766044, 0.7450497575045695, 0.7461020944478258, 0.7386356261908313], "crmse": [0.08948379755020142, 0.09310229867696762, 0.08995682001113892, 0.09035209566354752, 0.08964767307043076]}