{"dpearsonr": [0.010899082449327562, -0.015089491986367451, 0.023333832272215173, 0.0027041699055855148, -0.0021388682733699035], "drmse": [0.08797416090965271, 0.1001933142542839, 0.10253841429948807, 0.10288265347480774, 0.08983688801527023], "cpearsonr": [0.7300836119971303, 0.7111826253510519, 0.7280766710294395, 0.7245482099629258, 0.740216953310595], "crmse": [0.08821951597929001, 0.09991432726383209, 0.10283654183149338, 0.10339700430631638, 0.08938490599393845]}