{"dpearsonr": [0.01651105523579747, 0.022468056565347068, 0.013740100988565674, 0.009670579253258317, 0.00032879169004416215], "drmse": [0.08470180630683899, 0.08841238915920258, 0.08884164690971375, 0.09022491425275803, 0.08651283383369446], "cpearsonr": [0.7383513152712667, 0.7391221105564221, 0.7391571949294667, 0.7466368821038931, 0.7386598957074756], "crmse": [0.08538781106472015, 0.08907438814640045, 0.08951611071825027, 0.0909467339515686, 0.08720558881759644]}