{"dpearsonr": [-0.0279150054501682, 0.004095521134807544, -0.005404811056543798, -0.0026405254754990103, 0.009970668976202303], "drmse": [0.08732035011053085, 0.09864974021911621, 0.10422547906637192, 0.10249809920787811, 0.09410188347101212], "cpearsonr": [0.7275952275764554, 0.7115633644875959, 0.7267744533555774, 0.7269398597076635, 0.7336130559607562], "crmse": [0.08749276399612427, 0.09841260313987732, 0.10455188900232315, 0.10309076309204102, 0.09367407113313675]}