{"dpearsonr": [0.03335533792149752, 0.034735935033519454, 0.027435340470281556, 0.010994134350945652, 0.013696488966303377], "drmse": [0.08608411997556686, 0.09010709822177887, 0.08915594220161438, 0.08997298777103424, 0.08775950968265533], "cpearsonr": [0.7385983511620751, 0.7392657885806513, 0.7391135540632786, 0.7468546754077416, 0.7391607139021691], "crmse": [0.08674613386392593, 0.0907786637544632, 0.0897945836186409, 0.09065261483192444, 0.08846208453178406]}