{"dpearsonr": [0.01192838022491251, -0.028274399690080623, 0.002629660327241084, -0.001769053072948597, 0.005950470516630827], "drmse": [0.08992940932512283, 0.10012935101985931, 0.10269299149513245, 0.10210617631673813, 0.09370657056570053], "cpearsonr": [0.729159808879512, 0.7105653679103161, 0.7279274670524818, 0.7253880620166145, 0.7391624660544491], "crmse": [0.09019111841917038, 0.09984903782606125, 0.10300655663013458, 0.10261284559965134, 0.0933307632803917]}