{"dpearsonr": [0.0032406135803154383, 0.00312025903544997, 0.0013919600520041018, 0.0048065425460473415, -0.003026436506679488], "drmse": [0.0887940526008606, 0.09018758684396744, 0.08980469405651093, 0.0892617329955101, 0.09054331481456757], "cpearsonr": [0.7385303300364542, 0.7455860094352147, 0.7462332418162124, 0.7464939671022709, 0.7383879869505428], "crmse": [0.08952646702528, 0.09092118591070175, 0.09048579633235931, 0.08990531414747238, 0.09121070057153702]}