{"dpearsonr": [0.00012831233522980423, -0.0015575167496149481, 0.0029243536935351427, -0.005953131764627582, -0.006745320309983211], "drmse": [0.08958449214696884, 0.08951462805271149, 0.090706467628479, 0.09130126982927322, 0.08860871195793152], "cpearsonr": [0.7374181950145403, 0.73790728219267, 0.7376105021206738, 0.7384695433514006, 0.7448824981178442], "crmse": [0.09030866622924805, 0.09027644246816635, 0.09141943603754044, 0.0919974073767662, 0.08931782096624374]}