{"dpearsonr": [0.011518784400780772, -0.02455814525211249, 0.011751963919024626, -0.008540061901586375, 0.004926331123803579], "drmse": [0.09052886813879013, 0.09929309040307999, 0.10357591509819031, 0.1042935699224472, 0.0918978750705719], "cpearsonr": [0.7293564617203271, 0.7102204347174801, 0.7292079632223463, 0.7248653809975396, 0.7393684810125422], "crmse": [0.09075368195772171, 0.09900254011154175, 0.10391129553318024, 0.10480430722236633, 0.09149947762489319]}