{"dpearsonr": [-0.0041514940235999505, -0.001908925686247602, 0.011278931777836452, 0.009468036687242058, 0.0070774367074212625], "drmse": [0.08686032891273499, 0.1001308262348175, 0.1024099662899971, 0.10378447920084, 0.0898442417383194], "cpearsonr": [0.7276927974935146, 0.7117280499556988, 0.7278802465873593, 0.727702106644645, 0.7366709803687316], "crmse": [0.08708001673221588, 0.09990816563367844, 0.1027342677116394, 0.10439485311508179, 0.08942527323961258]}