{"dpearsonr": [0.015361238097935355, 0.01551325722208866, 0.011611638190627448, 0.007017761510562138, 0.008762453570938746], "drmse": [0.08773906528949738, 0.08564174920320511, 0.09050007164478302, 0.08803607523441315, 0.08985912054777145], "cpearsonr": [0.7379375876080986, 0.73116482512428, 0.7382068083111857, 0.7385201544825055, 0.7383402327773616], "crmse": [0.08841201663017273, 0.08629817515611649, 0.09115204215049744, 0.0887083113193512, 0.09056346863508224]}