{"dpearsonr": [0.0069775700295109525, -0.019545411607741033, 0.018860563963890017, 0.009648886661053362, -0.0037970422339615884], "drmse": [0.08993688970804214, 0.10275691002607346, 0.10288271307945251, 0.10288047045469284, 0.09296926856040955], "cpearsonr": [0.729461142187353, 0.7116344499994247, 0.7285794323027609, 0.7269831622954391, 0.7398698580160011], "crmse": [0.09014678001403809, 0.10248781740665436, 0.1032223254442215, 0.10342207551002502, 0.09251386672258377]}