{"dpearsonr": [0.0007473602890504155, -0.006060116789333762, -0.007467895986776382, -0.0044318453623987284, 0.001439944622618279], "drmse": [0.0855216383934021, 0.09840071946382523, 0.10215442627668381, 0.10337633639574051, 0.0901443213224411], "cpearsonr": [0.7267812654900313, 0.7110891126588932, 0.7270269497035105, 0.7257630244475455, 0.7393643903404087], "crmse": [0.0857093334197998, 0.09811657667160034, 0.10248710215091705, 0.10394115746021271, 0.08978026360273361]}