{"dpearsonr": [0.010836255354934085, 0.00834036830825714, 0.013233995855395126, 0.009191242663435668, 0.0009462147285538027], "drmse": [0.08994157612323761, 0.08978840708732605, 0.09027396887540817, 0.08927149325609207, 0.09059827774763107], "cpearsonr": [0.738617058474585, 0.7389317823526964, 0.7393360167063185, 0.7394531212743225, 0.7458948362599507], "crmse": [0.09067574143409729, 0.09052874892950058, 0.09096841514110565, 0.08995664864778519, 0.09128950536251068]}