{"dpearsonr": [0.00114431090610141, 0.018772055438787818, -0.01943798636670186, -0.0037627884295863808, 0.003432476039696982], "drmse": [0.08853176981210709, 0.09743335843086243, 0.10192607343196869, 0.10343753546476364, 0.0905781015753746], "cpearsonr": [0.7281535048492159, 0.7121829175869457, 0.7266852324043613, 0.7266644742883036, 0.7327377675298306], "crmse": [0.08870205283164978, 0.09718920290470123, 0.10222878307104111, 0.1040382832288742, 0.09018519520759583]}