{"dpearsonr": [0.0014348866997525387, 0.002322583934296066, -0.0029587019600677647, -0.0026927854472419137, -0.007275631473888472], "drmse": [0.08690022677183151, 0.08991895616054535, 0.08923966437578201, 0.08970803767442703, 0.08665303140878677], "cpearsonr": [0.7382120467131894, 0.7316729939652042, 0.7314431746164214, 0.7323023755550493, 0.7387546674868353], "crmse": [0.08763239532709122, 0.0906638652086258, 0.08994203805923462, 0.09039255976676941, 0.08734263479709625]}