{"dpearsonr": [0.017352008230784668, 0.017108039521684704, 0.005821302941864289, 0.0034290518249083845, 0.006884695632135037], "drmse": [0.08685474842786789, 0.0895945355296135, 0.08739002048969269, 0.08834387362003326, 0.09008587896823883], "cpearsonr": [0.7379855061138538, 0.7384484878044759, 0.7385069645633742, 0.7461208160088921, 0.7371873743920523], "crmse": [0.08753325045108795, 0.09023492783308029, 0.08802862465381622, 0.08900532871484756, 0.09075424075126648]}