{"dpearsonr": [NaN, NaN, NaN, NaN, NaN], "drmse": [0.08679092675447464, 0.08538064360618591, 0.09264738112688065, 0.09322135895490646, 0.09904414415359497], "cpearsonr": [0.7395006031860353, 0.7243880211567615, 0.712802495756996, 0.7077960793912915, 0.7241328784157556], "crmse": [0.08707582205533981, 0.08547676354646683, 0.09227125346660614, 0.093349389731884, 0.09934689849615097]}