{"dpearsonr": [0.0757335524185814, 0.11353298018511897, 0.05564127816548787, 0.08264493349963929, 0.08815116778346142], "dspearmanr": [0.08404094114007642, 0.10970579809270446, 0.05912639577072271, 0.07241615419483591, 0.10023111058601683], "drmse": [0.015603412874042988, 0.01645471341907978, 0.017550015822052956, 0.01637645997107029, 0.015701238065958023], "cpearsonr": [0.7300528482000815, 0.734267474780992, 0.7224438176501761, 0.7130909285074053, 0.7182878297956866], "cspearmanr": [0.6910826579089598, 0.6861101102365145, 0.6857435856921255, 0.679176670910554, 0.6736403000160385], "crmse": [0.016143517568707466, 0.016499381512403488, 0.017518606036901474, 0.016346406191587448, 0.015777401626110077]}