{"dpearsonr": [0.04056946174525689, 0.06221346249096228, 0.048205344735132855, 0.045647679629881775, 0.049569085257538656], "dspearmanr": [0.05166011192661091, 0.06899828169430097, 0.05272838492628905, 0.05301924027092151, 0.06258461186538998], "drmse": [0.01772301085293293, 0.017590753734111786, 0.01808025687932968, 0.017426149919629097, 0.018563905730843544], "cpearsonr": [0.7416997468887647, 0.7408280863011736, 0.7365628203519144, 0.7405340430170444, 0.7413366151196579], "cspearmanr": [0.7017202371639683, 0.6988009100203169, 0.695662259933713, 0.7002136551405199, 0.700594667615391], "crmse": [0.017586711794137955, 0.017423277720808983, 0.01786072552204132, 0.01726512610912323, 0.01836332678794861]}