{"dpearsonr": [0.06840311228044653, 0.0730642859564111, 0.06927870139408444, 0.07501411711836384, 0.057719739595127495], "dspearmanr": [0.07499859963620671, 0.07789485326291941, 0.07342260174713233, 0.07176195610123731, 0.06706568841129976], "drmse": [0.015455789864063263, 0.016978317871689796, 0.016614969819784164, 0.01593516394495964, 0.01901938021183014], "cpearsonr": [0.7305576226889295, 0.731760276418796, 0.7228250424037647, 0.7136739845211636, 0.7141880520435708], "cspearmanr": [0.6902533207158279, 0.6865871877545571, 0.6850852126562818, 0.6787372013873645, 0.6722111759216435], "crmse": [0.015958821401000023, 0.01705849915742874, 0.016525832936167717, 0.015929576009511948, 0.018997609615325928]}