{"dpearsonr": [0.05234038400897322, 0.061221685360277764, 0.06550768936666206, 0.06524074298458557, 0.057788153454368336], "dspearmanr": [0.061927427414848316, 0.06980979053257827, 0.06376276418411346, 0.07658546764503965, 0.0599658264947845], "drmse": [0.017839975655078888, 0.017270805314183235, 0.01741330698132515, 0.016918852925300598, 0.019270844757556915], "cpearsonr": [0.7407021923853069, 0.7420878206763631, 0.7409634027066093, 0.7415851417822168, 0.7408724780674801], "cspearmanr": [0.6997751181633027, 0.7015801063248633, 0.7001457060004032, 0.7003232481690688, 0.7006149054882383], "crmse": [0.01767907105386257, 0.0171388890594244, 0.017268404364585876, 0.01678415946662426, 0.01909806579351425]}