{"dpearsonr": [0.1033449450262976, 0.08764290178160856, 0.08509553744259754, 0.08110682184557634, 0.08096628674955617], "dspearmanr": [0.10338638683115246, 0.08092997714278874, 0.0868391525402411, 0.08490015924735644, 0.07681328823966045], "drmse": [0.016183551400899887, 0.016222244128584862, 0.016141146421432495, 0.016028648242354393, 0.01601800136268139], "cpearsonr": [0.7467877483809513, 0.7468544604974432, 0.7464742958357262, 0.7470112424302694, 0.7469624109062949], "cspearmanr": [0.70247817305599, 0.7029760984714677, 0.701324636285549, 0.701903270810241, 0.7023842714725615], "crmse": [0.016089363023638725, 0.01610683836042881, 0.0160196665674448, 0.015918247401714325, 0.01590757817029953]}