{"dpearsonr": [NaN, NaN, NaN, NaN, NaN], "dspearmanr": [NaN, NaN, NaN, NaN, NaN], "drmse": [0.017745448276400566, 0.015377265401184559, 0.013526303693652153, 0.013450798578560352, 0.01413111574947834], "cpearsonr": [0.7296059847459967, 0.7126212968349085, 0.7278908776072022, 0.7273591928371466, 0.743814093550317], "cspearmanr": [0.6895969117614129, 0.6703124753127055, 0.6817460091573928, 0.672573953964981, 0.704065230450831], "crmse": [0.018009686842560768, 0.015473681502044201, 0.01355215348303318, 0.013469439931213856, 0.014420409686863422]}