{"dpearsonr": [0.13746045067612442, 0.07419351896561337, 0.08821291539156403, 0.08227615626580738, 0.08094457006338106], "dspearmanr": [0.09859783465401827, 0.07528382667570986, 0.08322023007335916, 0.09711731095614247, 0.08215143690496086], "drmse": [0.013896376825869083, 0.015504526905715466, 0.015057404525578022, 0.014694543555378914, 0.014357133768498898], "cpearsonr": [0.7365048394448375, 0.7378245232854314, 0.7306580163766873, 0.7184081851856061, 0.7239963792633324], "cspearmanr": [0.69232000181555, 0.6878280314374332, 0.6868306225872637, 0.6800850789813773, 0.6749555395502724], "crmse": [0.014380530454218388, 0.015585976652801037, 0.014946693554520607, 0.014698607847094536, 0.014469083398580551]}