{"dpearsonr": [NaN, NaN, NaN, NaN, NaN], "dspearmanr": [NaN, NaN, NaN, NaN, NaN], "drmse": [0.016390379518270493, 0.016179051250219345, 0.016069697216153145, 0.016117142513394356, 0.01627012901008129], "cpearsonr": [0.7463432970415114, 0.7465692018758272, 0.7466346546427775, 0.7466375849628443, 0.7465634705635772], "cspearmanr": [0.7017835091430172, 0.7021318097892446, 0.7030217052814082, 0.7023534697925603, 0.701114238468285], "crmse": [0.01625635288655758, 0.016060687601566315, 0.015952276065945625, 0.015997527167201042, 0.016146546229720116]}