{"dpearsonr": [0.07573071116723648, 0.10488093918780388, 0.07123629840695199, 0.07745934684093822, 0.08516503763603306], "dspearmanr": [0.0652501693746723, 0.1038785582549236, 0.07878398696719816, 0.07203144427727769, 0.08236212551695413], "drmse": [0.015263309702277184, 0.016866737976670265, 0.016838448122143745, 0.0165031086653471, 0.01609358936548233], "cpearsonr": [0.7248768120889456, 0.7244668139709056, 0.7183913584734505, 0.7067198395818953, 0.7085643170732404], "cspearmanr": [0.685452809181857, 0.6796426332986975, 0.6783917586737436, 0.6708810042435339, 0.6650024729378418], "crmse": [0.015732966363430023, 0.016902253031730652, 0.01673315465450287, 0.01651482656598091, 0.01624249666929245]}