{"dpearsonr": [0.07069017911030676, 0.08683424307386217, 0.07117089695696964, 0.07857377724151128, 0.08512702004272026], "dspearmanr": [0.06741141147337565, 0.09231099508410068, 0.08574296780536493, 0.08230649839324838, 0.08524099990044033], "drmse": [0.01593504287302494, 0.017399318516254425, 0.01668376661837101, 0.016734184697270393, 0.01576433703303337], "cpearsonr": [0.7159030606888254, 0.7234266547735605, 0.7189519081053029, 0.7017856185516073, 0.710110110750017], "cspearmanr": [0.6780046898683038, 0.6806627783519329, 0.6782706496452284, 0.6710319152438986, 0.6656484062371497], "crmse": [0.016419533640146255, 0.017542747780680656, 0.016574427485466003, 0.01672009751200676, 0.015877656638622284]}