{"dpearsonr": [0.05512836607966407, 0.041730907604575665, 0.04477401901446153, 0.05360580108933234, 0.05775571080724143], "dspearmanr": [0.05985155660908385, 0.04826639712492352, 0.05341032154592537, 0.05783574799281106, 0.058583273406645785], "drmse": [0.0178793016821146, 0.017824441194534302, 0.01858271285891533, 0.018142204731702805, 0.017480632290244102], "cpearsonr": [0.7280659317720586, 0.7321226759935872, 0.7325895127707578, 0.7324568115421931, 0.7336307007160172], "cspearmanr": [0.6879580753867184, 0.6916516844840442, 0.6910280482571309, 0.6927897267032477, 0.691992936986173], "crmse": [0.01770324818789959, 0.017630957067012787, 0.01834678277373314, 0.017917344346642494, 0.017359526827931404]}