{"dpearsonr": [0.05318838768990732, 0.05523736214190722, 0.0561276058896139, 0.04778647501148809, 0.045157954517269436], "dspearmanr": [0.049884784050360176, 0.0584051020843251, 0.06539361471236496, 0.06065083899536912, 0.056708318381729364], "drmse": [0.017506157979369164, 0.017505135387182236, 0.018288690596818924, 0.01821545884013176, 0.017782272771000862], "cpearsonr": [0.7325576504768773, 0.7303837153397875, 0.7315096890723163, 0.7300362145772799, 0.734832614221614], "cspearmanr": [0.6921718599197362, 0.6903029453501571, 0.6890377072652155, 0.6894738412183576, 0.694640068427815], "crmse": [0.01738858036696911, 0.01736120879650116, 0.01807326264679432, 0.017987186089158058, 0.01758173480629921]}