{"dpearsonr": [0.33212284565052547, 0.3375642447868771, 0.3570513981813455, 0.3300300851174152, 0.3661762181929291], "dspearmanr": [0.2734570716213848, 0.3188684142409842, 0.336749162837904, 0.3039336472549999, 0.2943741604743549], "drmse": [0.011947931721806526, 0.013197698630392551, 0.012307661585509777, 0.012508469633758068, 0.011966503225266933], "cpearsonr": [0.7576043307281365, 0.7651204820609754, 0.756323856970142, 0.7491116812165021, 0.7527119617154734], "cspearmanr": [0.7112322154711157, 0.7164685268746891, 0.7108356860731673, 0.7110357440851685, 0.7002579183467605], "crmse": [0.012399009428918362, 0.01317246351391077, 0.012310625985264778, 0.01256194431334734, 0.012042410671710968]}