{"dpearsonr": [0.3649699892113607, 0.3288341028527477, 0.20043856896835063, 0.2238967483680411, 0.24672914767762769], "dspearmanr": [0.32848268192519137, 0.2852903396457909, 0.17019371778987497, 0.23144361350829895, 0.20825537731385746], "drmse": [0.015966664999723434, 0.014160786755383015, 0.01316166203469038, 0.01308437716215849, 0.013851799070835114], "cpearsonr": [0.7308305398224313, 0.7136531712479703, 0.7288250340248651, 0.7278383455478734, 0.7439156823286647], "cspearmanr": [0.6896817231864918, 0.6704663613290118, 0.6821543465043549, 0.6727320737468346, 0.7044060679860428], "crmse": [0.016207683831453323, 0.014228859916329384, 0.013195344246923923, 0.01307302713394165, 0.014103601686656475]}