{"dpearsonr": [NaN, NaN, NaN, NaN, NaN], "drmse": [0.08231283724308014, 0.09136815369129181, 0.09517227858304977, 0.0963839665055275, 0.08680488914251328], "cpearsonr": [0.7295919400984536, 0.7129255649239546, 0.7279450906823283, 0.7268285412185006, 0.7436837600052963], "crmse": [0.0825103297829628, 0.09114935994148254, 0.09546709060668945, 0.09689992666244507, 0.0865391418337822]}