{"dpearsonr": [NaN, NaN, NaN, NaN, NaN], "drmse": [0.08459988981485367, 0.09210893511772156, 0.09718935936689377, 0.09322299063205719, 0.08714725077152252], "cpearsonr": [0.7295349125391744, 0.7129355605136974, 0.7279423451961567, 0.7268495081950744, 0.7436386802793009], "crmse": [0.08479589223861694, 0.09189001470804214, 0.09748876094818115, 0.0937243103981018, 0.0868782326579094]}