{"dpearsonr": [NaN, NaN, NaN, NaN, NaN], "drmse": [0.08078204095363617, 0.08146245777606964, 0.08220775425434113, 0.08404969424009323, 0.08249301463365555], "cpearsonr": [0.7395902690064979, 0.73976800383928, 0.7403534457791864, 0.7403771455455892, 0.7397241616449326], "crmse": [0.081415556371212, 0.08208747208118439, 0.0828283354640007, 0.08468159288167953, 0.08314917981624603]}