{"dpearsonr": [NaN, NaN, NaN, NaN, NaN], "drmse": [0.08307158201932907, 0.08215600997209549, 0.08404158800840378, 0.08117703348398209, 0.08281645178794861], "cpearsonr": [0.7394673778377227, 0.7398026301523944, 0.7401619479242089, 0.740369479915621, 0.7397185367983546], "crmse": [0.08372136950492859, 0.0827852189540863, 0.08467214554548264, 0.08179354667663574, 0.08347219228744507]}