{"dpearsonr": [0.2609980295626012, 0.29018281231755805, 0.32994440275718645, 0.26261789620450665, 0.2842765007206723], "dspearmanr": [0.21326792867851033, 0.23435080121766563, 0.31620880749830815, 0.25477992078662104, 0.2137411910326177], "drmse": [0.013313541188836098, 0.014579765498638153, 0.013573425821959972, 0.014146758243441582, 0.013286668807268143], "cpearsonr": [0.7365006047266256, 0.7397090571472044, 0.7328389158127679, 0.7195363382326478, 0.7261545166203042], "cspearmanr": [0.6921084603619442, 0.6878792182031077, 0.6874452991019209, 0.6812058553051412, 0.6755893987610939], "crmse": [0.013805544003844261, 0.014549382962286472, 0.013521455228328705, 0.014162801206111908, 0.01338118128478527]}