{"dpearsonr": [NaN, NaN, NaN, NaN, NaN], "drmse": [0.0869981199502945, 0.0865800604224205, 0.09235722571611404, 0.09474361687898636, 0.09625337272882462], "cpearsonr": [0.7432825694721039, 0.7293500223962238, 0.7163807430177028, 0.7213323788394101, 0.7310159139611742], "crmse": [0.08729273080825806, 0.08671487122774124, 0.09197967499494553, 0.09487226605415344, 0.09655947238206863]}