{"dpearsonr": [0.4164130631515221, 0.41536521563932516, 0.4139145511915686, 0.41230677555818174, 0.42483526594098525], "dspearmanr": [0.35609349526649064, 0.36851132091425587, 0.3937687578284287, 0.3854260212981413, 0.36725091259335624], "drmse": [0.01111022662371397, 0.012236006557941437, 0.011951519176363945, 0.01180244144052267, 0.011262734420597553], "cpearsonr": [0.787084186330684, 0.790250857744972, 0.7806362360734295, 0.7699987022711521, 0.7777669723146052], "cspearmanr": [0.7441772178375615, 0.746019792400769, 0.7436533032157742, 0.7336508454850141, 0.7327960653021693], "crmse": [0.011468477547168732, 0.012242639437317848, 0.011955955065786839, 0.011904476210474968, 0.01134248822927475]}