{"dpearsonr": [NaN, NaN, NaN, NaN, NaN], "dspearmanr": [NaN, NaN, NaN, NaN, NaN], "drmse": [0.017754292115569115, 0.015363152138888836, 0.01349195372313261, 0.013440240174531937, 0.014133721590042114], "cpearsonr": [0.7295506733403626, 0.7126821122789112, 0.7282729620347648, 0.7274886479134188, 0.7439061767684876], "cspearmanr": [0.6897140913462811, 0.6706215620457124, 0.6821088220876228, 0.673217472498678, 0.7044770325261608], "crmse": [0.01801689714193344, 0.01545676775276661, 0.013516206294298172, 0.013459483161568642, 0.014423070475459099]}