{"dpearsonr": [NaN, NaN, NaN, NaN, NaN], "dspearmanr": [NaN, NaN, NaN, NaN, NaN], "drmse": [0.01639391854405403, 0.01617119461297989, 0.01612454652786255, 0.016101602464914322, 0.01627418026328087], "cpearsonr": [0.7462990004332604, 0.7463703195594971, 0.7463071322703377, 0.7470507935519762, 0.7467784623491469], "cspearmanr": [0.7018118473196425, 0.7021867950855821, 0.7030791886535931, 0.702225307123607, 0.7016513767779109], "crmse": [0.016259144991636276, 0.01605207845568657, 0.016005242243409157, 0.015982234850525856, 0.016149703413248062]}