{"dpearsonr": [0.08688375328311243, 0.06341694492286593, 0.06829034401192338, 0.08827476649378539, 0.08394867075003508], "dspearmanr": [0.08520962874720844, 0.0673237727870179, 0.06853472693632472, 0.0870556929177849, 0.08751045499022427], "drmse": [0.016137562692165375, 0.01623857021331787, 0.016193076968193054, 0.01598367467522621, 0.015976356342434883], "cpearsonr": [0.7469134236436517, 0.7465249425442007, 0.7460357295255008, 0.7468585818482107, 0.7468356494921188], "cspearmanr": [0.7020794115083897, 0.7027078143171466, 0.7006995429137514, 0.7019865856756855, 0.7019162162148347], "crmse": [0.016026413068175316, 0.016132935881614685, 0.016082556918263435, 0.015880392864346504, 0.01587015762925148]}