{"dpearsonr": [0.10836678638114913, 0.10468534660896482, 0.09660027833022188, 0.10895579061534194, 0.09180877351738326], "dspearmanr": [0.10448744560761583, 0.10403809629104588, 0.1010823450212253, 0.10295597175070964, 0.07210162125764154], "drmse": [0.014135320670902729, 0.01541157066822052, 0.015086335130035877, 0.014704909175634384, 0.014347447082400322], "cpearsonr": [0.7358961951293628, 0.7370502501036658, 0.7306700271928444, 0.7184429227216513, 0.7234491699176011], "cspearmanr": [0.6919414615979176, 0.687587403391618, 0.6858857877348726, 0.6801474431081864, 0.6747386007979098], "crmse": [0.014629187062382698, 0.015499015338718891, 0.014985684305429459, 0.014725671149790287, 0.014468355104327202]}