{"dpearsonr": [0.03090334216932474, -0.03587385060007223, 0.005721040259877725, 0.015712307578212615, -0.0045180888869462785], "drmse": [0.021210983395576477, 0.026171546429395676, 0.106913261115551, 0.10516897588968277, 0.0831761434674263], "cpearsonr": [0.7210777914256388, 0.7061612667242194, 0.7056553239844653, 0.709711522667372, 0.7303054695562758], "crmse": [0.0215131975710392, 0.026164652779698372, 0.1073579266667366, 0.10577741265296936, 0.08264447748661041]}