{"dpearsonr": [-0.048606897120800414, -0.04880995684045144, -0.018321074328186793, -0.017478056055342653, -0.015734657714544718], "drmse": [0.02683231048285961, 0.026415647938847542, 0.08876127004623413, 0.08260887116193771, 0.07877378910779953], "cpearsonr": [0.72209916101103, 0.7229624185885947, 0.7200627810260233, 0.724425166432657, 0.7333423391666851], "crmse": [0.02717987261712551, 0.026735039427876472, 0.08963122963905334, 0.0835292637348175, 0.07951147854328156]}