{"dpearsonr": [0.08959398805097771, 0.09552176341799733, 0.11619862891625027, 0.10126168831345024, 0.08257328335561022], "dspearmanr": [0.08685076841075708, 0.0754293598471432, 0.11438114832716742, 0.08802080125579283, 0.07109749432287948], "drmse": [0.016871733590960503, 0.01621546968817711, 0.016146520152688026, 0.016039498150348663, 0.016089310869574547], "cpearsonr": [0.7465485849675519, 0.7467650130056365, 0.7463738875051852, 0.7473655170527274, 0.7470318358758438], "cspearmanr": [0.7023520103826021, 0.7030478580040169, 0.7014714281499985, 0.7024796654669132, 0.7021730330997773], "crmse": [0.016760222613811493, 0.016090743243694305, 0.016023296862840652, 0.015911897644400597, 0.015967564657330513]}