{"dpearsonr": [0.007695280158604833, -0.007546641228203552, 0.009718937725082168, 0.014976467664576188, -0.003172273648290997], "drmse": [0.08000577241182327, 0.09674087911844254, 0.10565449297428131, 0.10919224470853806, 0.08909354358911514], "cpearsonr": [0.7162218009570331, 0.7058517514717288, 0.7170137348148108, 0.7179311072946014, 0.7338335780442033], "crmse": [0.08019692450761795, 0.09656108170747757, 0.1060984879732132, 0.1098904237151146, 0.08861517906188965]}