{"dpearsonr": [0.0010733705017441921, -0.006597060729075856, 0.009036865939947644, 0.01517778525623902, -0.002736904485182818], "drmse": [0.08693389594554901, 0.09470094740390778, 0.10345228016376495, 0.10962279886007309, 0.0886356309056282], "cpearsonr": [0.7142996339516454, 0.7017071748592101, 0.7188608648608378, 0.7137952784614467, 0.7317898587734645], "crmse": [0.08709821850061417, 0.09454771876335144, 0.1038849949836731, 0.11030863225460052, 0.08813198655843735]}