{"dpearsonr": [NaN, NaN, NaN, NaN, NaN], "dspearmanr": [NaN, NaN, NaN, NaN, NaN], "drmse": [0.01775587722659111, 0.01537496130913496, 0.013507681898772717, 0.013438845053315163, 0.01413894072175026], "cpearsonr": [0.7295684448690065, 0.7126935455837738, 0.7278696747322748, 0.7272188983169312, 0.743765813254508], "cspearmanr": [0.6898063317077877, 0.6705165253126497, 0.6818160402689014, 0.6724653599588005, 0.7045912393090545], "crmse": [0.01802004687488079, 0.015470161102712154, 0.013532445766031742, 0.013456488959491253, 0.01443086564540863]}