{"dpearsonr": [NaN, NaN, 0.05474552232593458, NaN, NaN], "dspearmanr": [NaN, NaN, 0.066923832476252, NaN, NaN], "drmse": [0.017789853736758232, 0.015376842580735683, 0.013490772806107998, 0.013430881313979626, 0.01414160430431366], "cpearsonr": [0.7295832234563246, 0.7126005500791266, 0.7282537203327657, 0.7271700625818629, 0.7437365474190974], "cspearmanr": [0.6896865681482279, 0.6702659144641003, 0.6820515574276618, 0.6723120007269477, 0.704574670167943], "crmse": [0.018053721636533737, 0.015471994876861572, 0.013514324091374874, 0.013446744531393051, 0.014432890340685844]}