{"dpearsonr": [0.010065692257568449, -0.005346387110846814, 0.006915119176067864, 0.017024853916096098, -0.0030959205025566767], "drmse": [0.02136991173028946, 0.09820543974637985, 0.10720868408679962, 0.10877728462219238, 0.0879993736743927], "cpearsonr": [0.7221833188858857, 0.7012303947756022, 0.7114503548578172, 0.7065593483989496, 0.7291827258380897], "crmse": [0.021715370938181877, 0.09806112945079803, 0.10762044787406921, 0.10942503809928894, 0.0873887836933136]}