{"dpearsonr": [NaN, NaN, NaN, NaN, NaN], "dspearmanr": [NaN, NaN, NaN, NaN, NaN], "drmse": [0.017753036692738533, 0.01540831383317709, 0.013516413047909737, 0.013438462279736996, 0.014132515527307987], "cpearsonr": [0.7295226570215357, 0.712421232403292, 0.7281664889291211, 0.7273089950014434, 0.7437481210306819], "cspearmanr": [0.6894830922903527, 0.6702712961909625, 0.6820389987902672, 0.6727120761292181, 0.7044705295118959], "crmse": [0.018015973269939423, 0.015504127368330956, 0.01354172546416521, 0.013455075211822987, 0.014421110972762108]}