{"dpearsonr": [0.05803189643028829, 0.08587238962228029, 0.056374073379811526, 0.05032303678031123, 0.07486055237227822], "dspearmanr": [0.05680441415767774, 0.08619262616823055, 0.07213992785477796, 0.05631201121831673, 0.07090299857038106], "drmse": [0.016137920320034027, 0.01617138832807541, 0.016167720779776573, 0.01611674390733242, 0.016052575781941414], "cpearsonr": [0.746940073675756, 0.7468625694574956, 0.7464837758692267, 0.7472303403059689, 0.7470672558492036], "cspearmanr": [0.7024275672602613, 0.7030894100790629, 0.7013656130836198, 0.7023615319395052, 0.7023079134772616], "crmse": [0.016019197180867195, 0.016049936413764954, 0.016049964353442192, 0.015993410721421242, 0.015931259840726852]}