{"dpearsonr": [NaN, NaN, NaN, NaN, NaN], "dspearmanr": [NaN, NaN, NaN, NaN, NaN], "drmse": [0.016401326283812523, 0.016184426844120026, 0.016073836013674736, 0.016145043075084686, 0.016256317496299744], "cpearsonr": [0.746362305622166, 0.7461891387146959, 0.7466695514873665, 0.7465650678932565, 0.7468141909425292], "cspearmanr": [0.7018220767485125, 0.7022608680420538, 0.7033817044845652, 0.7020606029678164, 0.7018974267963596], "crmse": [0.016265323385596275, 0.016067104414105415, 0.015956558287143707, 0.016022784635424614, 0.016132419928908348]}