{"dpearsonr": [NaN, NaN, NaN, NaN, NaN], "dspearmanr": [NaN, NaN, NaN, NaN, NaN], "drmse": [0.01779893785715103, 0.01537296548485756, 0.01348627358675003, 0.013429205864667892, 0.014132067561149597], "cpearsonr": [0.7296094392757971, 0.7127556240703273, 0.7280535278228512, 0.7274694304022833, 0.7438364165002331], "cspearmanr": [0.6896931218746599, 0.6702905297052439, 0.6820496702102474, 0.673137935765821, 0.7040846637402705], "crmse": [0.01806313544511795, 0.01546698808670044, 0.013510160148143768, 0.013445217162370682, 0.014422565698623657]}