{"dpearsonr": [0.010866709841291325, -0.014093053979896965, 0.006607931647612425, 0.014270522087283133, -0.004737006784674936], "drmse": [0.02127455174922943, 0.09702187031507492, 0.107785664498806, 0.10540474951267242, 0.08144158869981766], "cpearsonr": [0.7222458435256298, 0.6919783329750056, 0.7061161183410318, 0.7087429034148222, 0.7285459468817281], "crmse": [0.02161877602338791, 0.09686415642499924, 0.1081802248954773, 0.10599784553050995, 0.0808253288269043]}