{"dpearsonr": [0.017143666715034353, -0.02084530318825077, 0.001514685138738356, 0.02233149674421237, -0.0044284507799919], "drmse": [0.02174271084368229, 0.08718128502368927, 0.10236423462629318, 0.10697725415229797, 0.08610755205154419], "cpearsonr": [0.722121077814033, 0.7002104432533391, 0.7138270234084743, 0.7146124637351075, 0.730441172063023], "crmse": [0.022045210003852844, 0.08707467466592789, 0.10282449424266815, 0.10761576145887375, 0.08553216606378555]}