{"dpearsonr": [0.06417023704849284, 0.061045037485919114, 0.08383312824506438, 0.07688199865444661, 0.07003127238651131], "dspearmanr": [0.06852432864786899, 0.06331398353596382, 0.08647632914304683, 0.08432143607520054, 0.06823416851581868], "drmse": [0.01406022533774376, 0.015570081770420074, 0.01504853181540966, 0.014768010005354881, 0.01436716876924038], "cpearsonr": [0.7352611299094333, 0.7370190031710412, 0.7308261465405036, 0.7183442970921027, 0.7232722306406991], "cspearmanr": [0.691953342584281, 0.687565275582078, 0.6872738499274159, 0.6808051597238126, 0.6748784913742589], "crmse": [0.014640632085502148, 0.015665240585803986, 0.014932765625417233, 0.014760402962565422, 0.014478903263807297]}