{"dpearsonr": [-0.06188588734236455, -0.06036290681640385, -0.05963993462633914, -0.05962630197000846, -0.007350656692180307], "drmse": [0.024387624114751816, 0.02395952306687832, 0.024368613958358765, 0.02556147426366806, 0.016932256519794464], "cpearsonr": [0.7201726042427903, 0.7200054111719852, 0.7177083760188496, 0.7145023597133074, 0.7387023127544473], "crmse": [0.02418210729956627, 0.023939425125718117, 0.024487260729074478, 0.025763634592294693, 0.01678178645670414]}