{"dpearsonr": [0.0966482921314177, 0.08762187415194296, 0.11782583064170941, 0.04978890122882206, 0.08794294148030701], "dspearmanr": [0.08797378652677519, 0.07285613955848723, 0.11589355965819936, 0.04687141992008393, 0.08272719147493163], "drmse": [0.016243254765868187, 0.016128456220030785, 0.016060447320342064, 0.01620248146355152, 0.015976447612047195], "cpearsonr": [0.7467152218829802, 0.7471416069777108, 0.746648402511455, 0.7472072103907812, 0.7470394485884144], "cspearmanr": [0.7024016827026297, 0.703272257394024, 0.701600666621836, 0.7024865905852723, 0.702122356054533], "crmse": [0.016134388744831085, 0.01600741408765316, 0.015936411917209625, 0.016100497916340828, 0.01586546003818512]}