{"dpearsonr": [NaN, NaN, 0.06799463257826158, NaN, NaN], "dspearmanr": [NaN, NaN, 0.06629043700506697, NaN, NaN], "drmse": [0.016401516273617744, 0.016162734478712082, 0.01608429104089737, 0.01613859459757805, 0.016279060393571854], "cpearsonr": [0.7463610958125467, 0.7465589639542896, 0.7467826556457386, 0.7466100505778009, 0.7466863813161007], "cspearmanr": [0.7018695660733313, 0.702223479820247, 0.7032609367022836, 0.7021726528219175, 0.7018376081187371], "crmse": [0.01626690663397312, 0.01604386419057846, 0.015965308994054794, 0.016017580404877663, 0.016153838485479355]}