{"dpearsonr": [0.06132276034879458, 0.050501851350653, 0.06571773269754153, 0.047169563808674375, 0.05289735757521171], "dspearmanr": [0.057434971266088805, 0.04903397998281096, 0.05964652441909276, 0.04617280621069573, 0.05904067670387738], "drmse": [0.01614557020366192, 0.01627018302679062, 0.01620919071137905, 0.01617223024368286, 0.016138292849063873], "cpearsonr": [0.7468261639280809, 0.7467073302643702, 0.7465330647670095, 0.7470550809765553, 0.7467883280438112], "cspearmanr": [0.7024395718598487, 0.7028366898286775, 0.7015142846055417, 0.7021264007878464, 0.7021023114900514], "crmse": [0.016026921570301056, 0.01614571176469326, 0.01607690006494522, 0.016049472615122795, 0.016016395762562752]}