{"dpearsonr": [0.10745895002752717, 0.057787373471838197, 0.11516043665769067, 0.08069646986895258, 0.08959803909076065], "dspearmanr": [0.10793928804298944, 0.06819269880281179, 0.10730599046129564, 0.08569537698747579, 0.08486293970875429], "drmse": [0.01412026584148407, 0.015538661740720272, 0.01505608856678009, 0.014763192273676395, 0.014309361577033997], "cpearsonr": [0.7355282076067384, 0.7372383028702538, 0.7305214153070871, 0.7184551372965475, 0.7235649760763199], "cspearmanr": [0.6918216315369043, 0.687516692346988, 0.6873489069097722, 0.6807041583628338, 0.6751753462080566], "crmse": [0.014613032341003418, 0.015639925375580788, 0.014940219931304455, 0.014756099320948124, 0.014427264221012592]}