{"dpearsonr": [0.10229908845110312, 0.07118582045457017, 0.06661799256303871, 0.07727413412263524, 0.07191001555784284], "dspearmanr": [0.10225752560343271, 0.08237610930143059, 0.06307542366637259, 0.0738466675050612, 0.06659595294779296], "drmse": [0.01415762584656477, 0.015557956881821156, 0.015091273933649063, 0.014709193259477615, 0.014348858967423439], "cpearsonr": [0.7354201532551738, 0.7371635862449811, 0.7306280202882313, 0.7185412689146856, 0.7234802282653094], "cspearmanr": [0.6919055276629666, 0.6875674083653893, 0.6869991047790267, 0.6807702715407032, 0.6750615056750249], "crmse": [0.014666781760752201, 0.015658728778362274, 0.014973528683185577, 0.014710948802530766, 0.014465135522186756]}