{"dpearsonr": [-0.04883784572467705, -0.010137130286769987, -0.009600683984297304, -0.009668305955334319, -0.013004753411213819], "drmse": [0.027110105380415916, 0.08690688759088516, 0.08913972973823547, 0.08958124369382858, 0.08198495209217072], "cpearsonr": [0.7244042640222972, 0.7252871322278011, 0.721843127566838, 0.7214133531224259, 0.7329307797600135], "crmse": [0.02750546671450138, 0.08784866333007812, 0.09006678313016891, 0.09049055725336075, 0.08268170058727264]}