{"dpearsonr": [0.09565705285176242, 0.09073163925667706, 0.13107275950439115, 0.05889159490193953, 0.08729734461428383], "dspearmanr": [0.10319311345511799, 0.09653933337408975, 0.12437984588221315, 0.055210427089825174, 0.06549132118432555], "drmse": [0.014448614791035652, 0.015524657443165779, 0.01490543968975544, 0.0147711131721735, 0.014308330602943897], "cpearsonr": [0.7356071478052937, 0.7373140890621016, 0.7308486198005362, 0.718515084502955, 0.7235919449301013], "cspearmanr": [0.6920195161615283, 0.687560332228834, 0.686895520517393, 0.680505909327428, 0.6751770358387259], "crmse": [0.014960415661334991, 0.015616615302860737, 0.01479560136795044, 0.014764614403247833, 0.014417416416108608]}