{"dpearsonr": [0.07337138649236455, 0.0642208551068275, 0.08925610474122694, 0.0580505250861132, 0.07534778430503906], "dspearmanr": [0.0798448495887536, 0.06284415835766118, 0.0993460508015857, 0.05905628274581266, 0.06965238672355677], "drmse": [0.014049995690584183, 0.015532247722148895, 0.015083820559084415, 0.014776726253330708, 0.014315836131572723], "cpearsonr": [0.7353645967973538, 0.7371730112850755, 0.7306938027000305, 0.7185546524677285, 0.7234281259031803], "cspearmanr": [0.6920312923330506, 0.6873605382562495, 0.6870583930324251, 0.6805796249037419, 0.6750495090051316], "crmse": [0.014636368490755558, 0.01563412696123123, 0.014969132840633392, 0.014770297333598137, 0.014444227330386639]}