{"dpearsonr": [0.05976566408159607, 0.10036897881512606, 0.04089996654206119, 0.05726943591599741, 0.06062727098650801], "dspearmanr": [0.05552165427589277, 0.07991769767330974, 0.04591345179693212, 0.057586771576053415, 0.0624871941676337], "drmse": [0.016933748498558998, 0.016182946041226387, 0.016434445977211, 0.016106486320495605, 0.016112864017486572], "cpearsonr": [0.7463624699940583, 0.7470414823761531, 0.7459504319336664, 0.7471417333079196, 0.7469250769413581], "cspearmanr": [0.7025369542791825, 0.7034411047240395, 0.7017501701047688, 0.7019933523986529, 0.7021535512363557], "crmse": [0.016754943877458572, 0.016058485954999924, 0.01628200337290764, 0.015973294153809547, 0.01598472334444523]}