{"dpearsonr": [0.09184771289606516, 0.09106539950067669, 0.11480507930665279, 0.12779952649383566, 0.0757772089554465], "dspearmanr": [0.08549710923894162, 0.08444776639631651, 0.11246016605659359, 0.09739747891114361, 0.0717925955744708], "drmse": [0.014618710614740849, 0.015490848571062088, 0.01502823457121849, 0.014597385190427303, 0.014349971897900105], "cpearsonr": [0.7360408083372556, 0.7371578140644156, 0.7304520747182502, 0.7186958514840035, 0.7233374094162772], "cspearmanr": [0.6919818474802414, 0.6873330678896091, 0.6869981464915574, 0.6807920491500329, 0.6750017540650504], "crmse": [0.015090267173945904, 0.015582642517983913, 0.014911532402038574, 0.01460354309529066, 0.014459946192800999]}