{"dpearsonr": [0.06909062560695999, 0.09233006769973653, 0.12490346821524065, 0.0999333084858299, 0.07803499645201016], "dspearmanr": [0.07624281683004087, 0.09147440774339176, 0.1191072544021923, 0.09255821648884051, 0.0686492316795555], "drmse": [0.014037986285984516, 0.015460658818483353, 0.01492910087108612, 0.014707046560943127, 0.014336109161376953], "cpearsonr": [0.7352374697335887, 0.7371596299047027, 0.7310863857296838, 0.7184733075285308, 0.7234469782007202], "cspearmanr": [0.6918945168444829, 0.6874908195611859, 0.6871270111714965, 0.6806860283874299, 0.6751224052769963], "crmse": [0.014619115740060806, 0.015570570714771748, 0.014813468791544437, 0.014703706838190556, 0.014453819021582603]}