{"dpearsonr": [NaN, NaN, NaN, NaN, 0.06400078075723123], "dspearmanr": [NaN, NaN, NaN, NaN, 0.04847679870945027], "drmse": [0.016431886702775955, 0.0161886103451252, 0.016098808497190475, 0.0161620881408453, 0.01627442054450512], "cpearsonr": [0.7462372866315343, 0.7463144661061456, 0.7467992700204024, 0.746563421842669, 0.7468750678132691], "cspearmanr": [0.7017425831421539, 0.7019536365560743, 0.7037150953889172, 0.7023475840441452, 0.702142102498295], "crmse": [0.016295714303851128, 0.016068466007709503, 0.015979759395122528, 0.01603926531970501, 0.016149096190929413]}