{"dpearsonr": [-0.046840860850941704, -0.03225091300719309, -0.021831079500759683, -0.019179143266797292, -0.014877148618699909], "drmse": [0.027786916121840477, 0.07532709091901779, 0.08247368782758713, 0.08371260017156601, 0.08052922785282135], "cpearsonr": [0.7233441100354222, 0.7232705529626108, 0.7262710454818921, 0.7260851089097476, 0.7321261503802708], "crmse": [0.028293589130043983, 0.07628167420625687, 0.0833902508020401, 0.08465884625911713, 0.08131956309080124]}