{"dpearsonr": [0.1044936444496044, 0.07278950252542266, 0.10320269011048276, 0.1176702793938571, 0.09956378673869049], "dspearmanr": [0.10009297453370007, 0.07093192335283281, 0.09551697266793342, 0.09524562892885653, 0.08238975508839486], "drmse": [0.01436874270439148, 0.015509284101426601, 0.015004514716565609, 0.01465746108442545, 0.014315390028059483], "cpearsonr": [0.7357351528133476, 0.7372265650867232, 0.7307691706042309, 0.718612943647282, 0.7233171563606176], "cspearmanr": [0.6919972716428262, 0.6871397053134048, 0.6874084178336138, 0.6806031283150491, 0.6750512866618584], "crmse": [0.014855642803013325, 0.015609548427164555, 0.014897279441356659, 0.01466595008969307, 0.014441410079598427]}