{"dpearsonr": [-0.017168242968500752, -0.010844265314153822, -0.010041655904763924, -0.009917664190627852, -0.013375418737790317], "drmse": [0.08176248520612717, 0.08554241061210632, 0.0859544649720192, 0.08596651256084442, 0.0831359401345253], "cpearsonr": [0.7231407343671978, 0.7291436392084496, 0.7295375562833768, 0.7311455976350373, 0.7340248451498933], "crmse": [0.08267519623041153, 0.08640091121196747, 0.08681517094373703, 0.08687622845172882, 0.08393621444702148]}