{"dpearsonr": [-0.009976964220310943, -0.010494424630248156, -0.01046189072182068, -0.010276377046164041, -0.013323120803661812], "drmse": [0.08761793375015259, 0.08305100351572037, 0.08291281759738922, 0.0869135782122612, 0.08266699314117432], "cpearsonr": [0.7235434798129381, 0.7249260020958399, 0.7292745855125345, 0.7284950497014042, 0.7334722178490392], "crmse": [0.0884895995259285, 0.0839303731918335, 0.08386050909757614, 0.08780621737241745, 0.08344650268554688]}