{"dpearsonr": [-0.01103495957524957, -0.011144856765881409, -0.01040012754246321, -0.01918747446787809, -0.013546904357116184], "drmse": [0.08096899092197418, 0.08210651576519012, 0.08958260715007782, 0.07841161638498306, 0.0817616805434227], "cpearsonr": [0.7271646305971736, 0.7282433992986487, 0.7275842734315456, 0.7326296039717015, 0.7401625410178716], "crmse": [0.0818372517824173, 0.08299650996923447, 0.09042804688215256, 0.07938016206026077, 0.0825478807091713]}