{"dpearsonr": [0.07614356634956942, 0.10158477224584275, 0.0916560601871534, 0.11067561366627571, 0.051576944158676995], "dspearmanr": [0.07555696583721647, 0.10872204234110219, 0.09733226406126505, 0.09068869393728671, 0.054777778796111135], "drmse": [0.014033215120434761, 0.01547758188098669, 0.015071617439389229, 0.014688488095998764, 0.014368640258908272], "cpearsonr": [0.7352744756310531, 0.7372398056638213, 0.7307770392468457, 0.718448715153352, 0.7235291180873722], "cspearmanr": [0.6919475308749848, 0.6873258309172137, 0.6871105240518827, 0.6802770706771353, 0.6752313601253719], "crmse": [0.014618007466197014, 0.015573670156300068, 0.014957820996642113, 0.014685017988085747, 0.014476435258984566]}