{"dpearsonr": [0.02265946707636999, -0.00776086815737786, 0.010933486146504088, 0.017501319830202432, -0.004426627012709308], "drmse": [0.02129816822707653, 0.10162296146154404, 0.10350360721349716, 0.10577043890953064, 0.08422842621803284], "cpearsonr": [0.7226648846001803, 0.7028180976074014, 0.7142831709459783, 0.7136939284136156, 0.7309586895828735], "crmse": [0.02166534587740898, 0.10144592076539993, 0.10398444533348083, 0.1063874363899231, 0.08363431692123413]}