{"dpearsonr": [-0.04671010825424181, -0.009430898636027977, -0.01225707721727436, -0.015086157301575157, -0.013763129166510244], "drmse": [0.026774877682328224, 0.09035366773605347, 0.0847681537270546, 0.08467143774032593, 0.07956156879663467], "cpearsonr": [0.7245379676624718, 0.7269577639381771, 0.731689452660056, 0.7268092958638235, 0.7333312728351004], "crmse": [0.02713777683675289, 0.091184101998806, 0.08566125482320786, 0.08561111986637115, 0.08025173842906952]}