{"dpearsonr": [0.09699946018771499, 0.05255964424931226, 0.11540685835627457, 0.06363502555550798, 0.09714086600548139], "dspearmanr": [0.08359763687026535, 0.056912888574822164, 0.11090179847140767, 0.06737550381687529, 0.09564639001096091], "drmse": [0.016193147748708725, 0.01621587574481964, 0.016188856214284897, 0.016178790479898453, 0.016031427308917046], "cpearsonr": [0.7469305188726837, 0.7469077451250518, 0.7464958626929719, 0.7472058513842379, 0.7470700710746682], "cspearmanr": [0.7025802261903097, 0.7030058894331309, 0.7018884871382598, 0.7023695873238888, 0.7021455845408121], "crmse": [0.016093986108899117, 0.016089146956801414, 0.0160624161362648, 0.01605500467121601, 0.015910038724541664]}