{"dpearsonr": [NaN, NaN, NaN, NaN, NaN], "dspearmanr": [NaN, NaN, NaN, NaN, NaN], "drmse": [0.017737414687871933, 0.015390594489872456, 0.013483147136867046, 0.013437910936772823, 0.014135724864900112], "cpearsonr": [0.7295142438760898, 0.7125583944079286, 0.7284557338524839, 0.7273441125493519, 0.7437805761298707], "cspearmanr": [0.6896687187337799, 0.6702250157668223, 0.6820651758598695, 0.6723816167927177, 0.7039409631707157], "crmse": [0.018001200631260872, 0.015485530719161034, 0.013507474213838577, 0.013455907814204693, 0.01442527025938034]}