{"dpearsonr": [0.008082201967261886, -0.009304094731302828, 0.009789562228578515, 0.016844412748037378, -9.655272625644541e-05], "drmse": [0.02178407460451126, 0.09600554406642914, 0.10275347530841827, 0.10333670675754547, 0.08988268673419952], "cpearsonr": [0.7221058383357789, 0.7017754832208122, 0.7130734539721285, 0.7170282389042829, 0.728708598574392], "crmse": [0.022135362029075623, 0.09584930539131165, 0.10318976640701294, 0.10392528772354126, 0.08923837542533875]}