{"dpearsonr": [NaN, NaN, NaN, NaN, NaN], "dspearmanr": [NaN, NaN, NaN, NaN, NaN], "drmse": [0.016422806307673454, 0.016169022768735886, 0.016086284071207047, 0.016062835231423378, 0.016281988471746445], "cpearsonr": [0.7464320976314461, 0.7465510134952971, 0.7455167439704706, 0.7462083310712836, 0.7468272159157884], "cspearmanr": [0.7018483610250082, 0.7020329932480778, 0.7032280951365419, 0.702431444336478, 0.7016399274420817], "crmse": [0.016285378485918045, 0.01605093479156494, 0.015981758013367653, 0.015955405309796333, 0.016155892983078957]}