{"dpearsonr": [-0.0006480318765951858, -0.02742185667308689, 0.002273722830813965, 0.00812083677126596, -0.003235907864526151], "drmse": [0.02158759906888008, 0.030627435073256493, 0.10410011559724808, 0.04089688882231712, 0.08598794788122177], "cpearsonr": [0.7247181747699177, 0.7080262239777044, 0.7029424804765034, 0.7211059142479044, 0.7256458946409903], "crmse": [0.021940087899565697, 0.030665365979075432, 0.10448896139860153, 0.0411035381257534, 0.08525261282920837]}