{"dpearsonr": [-0.041363638512078554, -0.04095677177661788, -0.015748910160489373, -0.04115955732589849, -0.01320540499154841], "drmse": [0.025885064154863358, 0.026740366593003273, 0.08684893697500229, 0.02684091404080391, 0.07939495146274567], "cpearsonr": [0.7294551408397144, 0.7294946310042583, 0.7115825684123298, 0.7309488487819135, 0.7339452960652428], "crmse": [0.02609984017908573, 0.0269863810390234, 0.08776000887155533, 0.027105797082185745, 0.0800107941031456]}