{"dpearsonr": [0.08680560645678262, 0.048075646989213724, 0.06801980078852685, 0.08254224375097366, 0.08174187359494851], "dspearmanr": [0.07416176651431386, 0.04533072209001373, 0.07783810678323907, 0.06959931135217107, 0.08314148445030323], "drmse": [0.016151918098330498, 0.016269098967313766, 0.01622319035232067, 0.016068780794739723, 0.016078783199191093], "cpearsonr": [0.7467658114634574, 0.7469118620273341, 0.7464953814214114, 0.7471200478155242, 0.7470802874469659], "cspearmanr": [0.7021396602628797, 0.7033472102974262, 0.701253138822874, 0.7025078159139728, 0.702156316268622], "crmse": [0.016040561720728874, 0.016147231683135033, 0.01609829068183899, 0.015953633934259415, 0.01595827378332615]}