{"dpearsonr": [0.04161686026525821, 0.07638999494681523, 0.10102475712406782, 0.046269981598265335, 0.037340079467540865], "dspearmanr": [0.04031989347400413, 0.07096060967627427, 0.09722675650228106, 0.048270009670444286, 0.04013054962372531], "drmse": [0.016220349818468094, 0.016527729108929634, 0.016116874292492867, 0.01613200269639492, 0.016147451475262642], "cpearsonr": [0.7454786190055837, 0.7465142067233255, 0.7464980374567665, 0.7472186757918404, 0.7468689437173365], "cspearmanr": [0.7027729487917473, 0.7028641647240406, 0.7014345406323402, 0.7026485424289761, 0.7022046257457507], "crmse": [0.01610620506107807, 0.01640079729259014, 0.015990085899829865, 0.016004929319024086, 0.016028668731451035]}