{"dpearsonr": [0.0433634069553236, 0.05787365085827909, 0.04297655679681107, 0.04939580548846201, 0.05689220541763491], "dspearmanr": [0.04147825618952972, 0.04937525576507323, 0.04585549065895103, 0.04314454668403336, 0.06057472635412839], "drmse": [0.016180388629436493, 0.016234688460826874, 0.01622932031750679, 0.016162540763616562, 0.01615450158715248], "cpearsonr": [0.7469172150560814, 0.746654866748666, 0.746582997355235, 0.7469787835070201, 0.746853450239388], "cspearmanr": [0.7024305396761836, 0.7031440717954618, 0.7016880560907951, 0.7021125343678005, 0.7020408971881151], "crmse": [0.016057776287198067, 0.01611630991101265, 0.016108158975839615, 0.01604803279042244, 0.016035933047533035]}