{"dpearsonr": [NaN, NaN, NaN, NaN, NaN], "dspearmanr": [NaN, NaN, NaN, NaN, NaN], "drmse": [0.01777319796383381, 0.015374017879366875, 0.013686125166714191, 0.013576919212937355, 0.014143092557787895], "cpearsonr": [0.7295368285521606, 0.7127487956851172, 0.7280341929524828, 0.7271358597295938, 0.7437755633231271], "cspearmanr": [0.689703770750795, 0.6703830751434859, 0.6820821809861225, 0.6717064985596389, 0.704419733940386], "crmse": [0.01803641952574253, 0.015468833968043327, 0.01371654774993658, 0.013602711260318756, 0.014434481039643288]}