{"dpearsonr": [NaN, NaN, NaN, NaN, NaN], "dspearmanr": [NaN, NaN, NaN, NaN, NaN], "drmse": [0.016442950814962387, 0.01617077924311161, 0.0161445252597332, 0.016148267313838005, 0.01627197675406933], "cpearsonr": [0.7463232386937428, 0.7465616622491741, 0.7461635932717998, 0.7466459424179056, 0.7466228866619099], "cspearmanr": [0.7019120303078318, 0.7022905351206874, 0.7033583068364736, 0.702268700117064, 0.7008030920684225], "crmse": [0.01630500890314579, 0.01605120673775673, 0.01602412387728691, 0.016026077792048454, 0.016148794442415237]}