{"dpearsonr": [NaN, NaN, NaN, NaN, NaN], "dspearmanr": [NaN, NaN, NaN, NaN, NaN], "drmse": [0.017796309664845467, 0.015375574119389057, 0.013493976555764675, 0.013462335802614689, 0.014135892502963543], "cpearsonr": [0.7295927760813217, 0.7126443624797405, 0.7275248864574126, 0.7271387996278855, 0.7439804291359543], "cspearmanr": [0.6895031116024993, 0.6704891772571798, 0.6816117600691709, 0.6726647396207096, 0.704538929313351], "crmse": [0.018060222268104553, 0.015470453538000584, 0.013516738079488277, 0.013480285182595253, 0.014427542686462402]}