{"dpearsonr": [7.552166516077911e-05, -0.005328341528519369, 0.0063597370473378505, 0.016358983523295505, -0.00043110996014083006], "drmse": [0.08098025619983673, 0.09346520155668259, 0.10403504967689514, 0.10764054208993912, 0.08766593784093857], "cpearsonr": [0.7192372052987299, 0.7053130107299657, 0.720504977194312, 0.7204292998192545, 0.7335018071576794], "crmse": [0.08117849379777908, 0.09330445528030396, 0.1044367253780365, 0.1082896888256073, 0.08713819831609726]}