{"dpearsonr": [NaN, NaN, NaN, NaN, NaN], "dspearmanr": [NaN, NaN, NaN, NaN, NaN], "drmse": [0.017800303176045418, 0.015377487987279892, 0.013486671261489391, 0.013467997312545776, 0.014136683195829391], "cpearsonr": [0.7294318060192821, 0.7126540436515493, 0.7281845248820742, 0.7270527837525407, 0.7438786832968279], "cspearmanr": [0.6896403927070435, 0.6704261185742098, 0.6822048856139566, 0.6725007718274609, 0.7043488348813324], "crmse": [0.018065527081489563, 0.015473415143787861, 0.013509673066437244, 0.013488401658833027, 0.014425989240407944]}