{"dpearsonr": [0.07620832881335027, 0.0672710478651399, 0.07729247558720709, 0.08664733601480147, 0.06930951948751651], "dspearmanr": [0.06771996304676389, 0.06294767426018413, 0.10526713585425033, 0.05840776010714979, 0.06981660530333524], "drmse": [0.016181321814656258, 0.0162576362490654, 0.016224678605794907, 0.016058623790740967, 0.016031846404075623], "cpearsonr": [0.7465785474520331, 0.7466804771152993, 0.7465474376067517, 0.7472241418047058, 0.7470694853132862], "cspearmanr": [0.7024611436172168, 0.702922277165082, 0.7013736496189671, 0.7022832342459291, 0.7019694928297876], "crmse": [0.016060279682278633, 0.01613568514585495, 0.016099238768219948, 0.015942944213747978, 0.01591048762202263]}