{"dpearsonr": [0.10681984732194826, 0.09058448739688013, 0.07869221999798624, 0.06263603861336732, 0.09919172845061935], "dspearmanr": [0.09269713674350116, 0.07420295200703003, 0.08094932736783221, 0.06918856630516251, 0.08734790753986331], "drmse": [0.014197001233696938, 0.015765398740768433, 0.015051715075969696, 0.014929057098925114, 0.014306033961474895], "cpearsonr": [0.7353720281355148, 0.7376774351829719, 0.7308302027310698, 0.7186037307326631, 0.7235958163372777], "cspearmanr": [0.6919755394978157, 0.6875887217167667, 0.6871884127871004, 0.6806408621848903, 0.6753078775180825], "crmse": [0.014663798734545708, 0.015768611803650856, 0.014934325590729713, 0.014930111356079578, 0.014419685117900372]}