{"dpearsonr": [-0.010570534846453707, -0.011427191708390794, -0.010828817798356895, -0.010943545938439402, -0.010964846176229327], "drmse": [0.0823303833603859, 0.08175741881132126, 0.08464278280735016, 0.0843910276889801, 0.0818844884634018], "cpearsonr": [0.7294154876906925, 0.7280190359878227, 0.729632850482623, 0.7332067250101449, 0.7333579639657408], "crmse": [0.08319436013698578, 0.08262800425291061, 0.08552498370409012, 0.08531878143548965, 0.08262881636619568]}