{"dpearsonr": [-0.05068144466583553, -0.05283785437597439, -0.03236319433091379, -0.01766584607354404, -0.015056703081436243], "drmse": [0.026734139770269394, 0.02638695389032364, 0.07923384010791779, 0.0900707021355629, 0.08166322857141495], "cpearsonr": [0.7229970838928437, 0.7219322432412598, 0.721944091729707, 0.7209382708118315, 0.7290914064085388], "crmse": [0.02710247039794922, 0.026693962514400482, 0.0801570788025856, 0.09105193614959717, 0.08241859078407288]}