{"dpearsonr": [0.05701604693834997, 0.07141683585369346, 0.07076109732961477, 0.05123455395178937, 0.05519627856205313], "dspearmanr": [0.07180884471934738, 0.0780411134240599, 0.07804203957022432, 0.06217229559021159, 0.06846576560130445], "drmse": [0.01641620323061943, 0.01616179384291172, 0.01615767367184162, 0.016077572479844093, 0.01629505679011345], "cpearsonr": [0.7462466146835742, 0.7465206873082046, 0.7462271697244504, 0.7460843865211935, 0.746567159314285], "cspearmanr": [0.7018609755303546, 0.7021592037155389, 0.7032444284170035, 0.7020402003171314, 0.7012754055235018], "crmse": [0.016281044110655785, 0.016042664647102356, 0.016034448519349098, 0.015969447791576385, 0.016168570145964622]}