{"dpearsonr": [0.06357077053886104, 0.1116139344915963, 0.12616987705374932, 0.07591851362556133, 0.07337993376463335], "dspearmanr": [0.06499577762105065, 0.1116733898107629, 0.13054982717018868, 0.07304278554971973, 0.0770867946673193], "drmse": [0.01412045955657959, 0.01595469005405903, 0.01497314590960741, 0.01472987700253725, 0.014371974393725395], "cpearsonr": [0.7349790592807546, 0.7377755305938938, 0.7306336482064013, 0.718574190501007, 0.7233213188943065], "cspearmanr": [0.6920866432238427, 0.6872481469191173, 0.6872013559138473, 0.6809060722755805, 0.6749987971950557], "crmse": [0.014700551517307758, 0.015971103683114052, 0.01485725212842226, 0.014724922366440296, 0.014479480683803558]}