{"dpearsonr": [0.07066929582324342, NaN, NaN, 0.0714455926207504, NaN], "dspearmanr": [0.05451125066623758, NaN, NaN, 0.050554708307239946, NaN], "drmse": [0.0163827296346426, 0.016173318028450012, 0.01612790860235691, 0.01612323895096779, 0.016268564388155937], "cpearsonr": [0.7462710516851353, 0.7464875181211987, 0.7464930190865962, 0.7467408119792448, 0.7467254386854597], "cspearmanr": [0.701893083494685, 0.7020325575029346, 0.7034611336322195, 0.7022478320494877, 0.7011840693332041], "crmse": [0.016250096261501312, 0.01605295203626156, 0.0160080436617136, 0.01600206457078457, 0.016144707798957825]}