{"dpearsonr": [0.0585095748626719, 0.06352808893056348, 0.08798413804195865, 0.050904186041141844, 0.06848155470575401], "dspearmanr": [0.057421760844314315, 0.0545392900552643, 0.10411567209172737, 0.04716764457815494, 0.07048822742428948], "drmse": [0.01618640124797821, 0.016297558322548866, 0.01620449498295784, 0.016164788976311684, 0.01604626327753067], "cpearsonr": [0.7464885350068867, 0.7468040083681692, 0.7466611511288176, 0.7470830007897236, 0.747084808826771], "cspearmanr": [0.7023054501754807, 0.7028445631281206, 0.7016963924606433, 0.7021291373578373, 0.702148096246483], "crmse": [0.016065003350377083, 0.01617172732949257, 0.01608082838356495, 0.01604280062019825, 0.015931524336338043]}