{"dpearsonr": [0.045285547678395696, 0.05127635118089468, 0.07574442173332185, 0.043054893164823534, 0.06822146329545363], "dspearmanr": [0.04698834860427285, 0.05073219612832516, 0.07553228952703221, 0.04564592212673931, 0.06893553126237853], "drmse": [0.016176311299204826, 0.016330024227499962, 0.016154903918504715, 0.01617909036576748, 0.016121355816721916], "cpearsonr": [0.7461572453106793, 0.746651238915029, 0.7465680741271985, 0.7470239910137725, 0.7468764595984742], "cspearmanr": [0.7020854502381506, 0.7031772442806482, 0.7016399865398855, 0.7023853612782535, 0.70213377442037], "crmse": [0.01605891063809395, 0.016201311722397804, 0.016025668010115623, 0.01605668105185032, 0.016000058501958847]}