{"dpearsonr": [-0.05023754142402045, -0.016337623316341473, -0.01252758189030628, -0.016829636469830444, -0.015350930896168543], "drmse": [0.026640871539711952, 0.08516757190227509, 0.09001334756612778, 0.08533105254173279, 0.07680768519639969], "cpearsonr": [0.7254432825331371, 0.7165130903865131, 0.7162247995376133, 0.7219462794708674, 0.7340008095291728], "crmse": [0.026937032118439674, 0.08609551936388016, 0.09091463685035706, 0.08628683537244797, 0.07752268016338348]}