{"dpearsonr": [NaN, NaN, NaN, NaN, NaN], "dspearmanr": [NaN, NaN, NaN, NaN, NaN], "drmse": [0.01644217036664486, 0.016185861080884933, 0.016159119084477425, 0.01606404408812523, 0.016279596835374832], "cpearsonr": [0.7461103454427286, 0.7466062213693656, 0.7460748005288126, 0.7470982824791512, 0.746730238152693], "cspearmanr": [0.7017349192986078, 0.7022955748755882, 0.703524489659594, 0.702133407302207, 0.7017044857033309], "crmse": [0.016305847093462944, 0.016065947711467743, 0.01603871025145054, 0.01594761200249195, 0.01615462452173233]}