{"dpearsonr": [NaN, NaN, NaN, NaN, NaN], "dspearmanr": [NaN, NaN, NaN, NaN, NaN], "drmse": [0.016438867896795273, 0.016159310936927795, 0.016161015257239342, 0.016127103939652443, 0.016281429678201675], "cpearsonr": [0.746424495478118, 0.7464760332371966, 0.7459861010155843, 0.7463640050208401, 0.7467747833242773], "cspearmanr": [0.7019014986759298, 0.7021347235794859, 0.7029561332146429, 0.7022879323286996, 0.7016751678998585], "crmse": [0.016301264986395836, 0.016042200848460197, 0.016038691624999046, 0.01600820943713188, 0.016155490651726723]}