{"dpearsonr": [0.07332970900005319, 0.06297486421160076, 0.08501815648208721, 0.09715081893630914, 0.06366226294344102], "dspearmanr": [0.05894217251900553, 0.061824152470711345, 0.07197342165915925, 0.08659101169736617, 0.07404162946490607], "drmse": [0.016594231128692627, 0.016278572380542755, 0.01612435095012188, 0.016021689400076866, 0.016130853444337845], "cpearsonr": [0.7467419145978085, 0.7467120557960609, 0.7464630293964, 0.7472073853078591, 0.7468782419410127], "cspearmanr": [0.7023879587354713, 0.7027820707422788, 0.7011023847487375, 0.702130843623259, 0.7021711639475164], "crmse": [0.01646578684449196, 0.016153888776898384, 0.016003895550966263, 0.015909936279058456, 0.016013124957680702]}