{"dpearsonr": [0.06642799724151732, 0.07194775496420476, 0.10143929393672214, 0.09503899975366152, 0.09175586710392244], "dspearmanr": [0.07126917128271279, 0.06208701103888392, 0.10105601896692581, 0.09310894745169469, 0.07367938358289934], "drmse": [0.014041625894606113, 0.015555353835225105, 0.015077570453286171, 0.014758550561964512, 0.01433816272765398], "cpearsonr": [0.7352379853287399, 0.737111790700382, 0.7307224730205517, 0.718501833179338, 0.7234115371067801], "cspearmanr": [0.6920832767621006, 0.6874917010984828, 0.6871182002605998, 0.6809020306957453, 0.6750729575165627], "crmse": [0.014625050127506256, 0.015655409544706345, 0.014963118359446526, 0.014751605689525604, 0.014462297782301903]}