{"dpearsonr": [-0.04625005450397409, -0.01191845922858554, -0.017166854717934357, -0.015645366525738714, -0.010926736988686262], "drmse": [0.0273146815598011, 0.08462461084127426, 0.08391217142343521, 0.08185090869665146, 0.08350611478090286], "cpearsonr": [0.7243817313232411, 0.7257439059185048, 0.7246228518465911, 0.7287301661873914, 0.7326012192042873], "crmse": [0.027717700228095055, 0.0855574980378151, 0.08481324464082718, 0.08279503136873245, 0.08420540392398834]}