{"dpearsonr": [0.11245234330494912, 0.06822736362958252, 0.12575927699634307, 0.10776276718830273, 0.07320307382676829], "dspearmanr": [0.10047044650855494, 0.06809970343802635, 0.1210819354438169, 0.08929627754597716, 0.06846358063220967], "drmse": [0.014142843894660473, 0.01554447878152132, 0.014932937920093536, 0.014637568965554237, 0.014389432966709137], "cpearsonr": [0.7358364134821935, 0.7371636892507134, 0.7307260469551385, 0.7187870611871492, 0.7232193737261693], "cspearmanr": [0.6918196622147565, 0.6874238314788407, 0.6867732946265473, 0.6810299292940651, 0.6750558951902983], "crmse": [0.0146368108689785, 0.01564634218811989, 0.014812900684773922, 0.014639085158705711, 0.014496324583888054]}