{"dpearsonr": [0.078909345983642, 0.0686958548322491, 0.09190253707385315, 0.07518905439344277, 0.08109483384057725], "dspearmanr": [0.07804271547541342, 0.06537843145828041, 0.1013116381596078, 0.07046603035575984, 0.08600058763377039], "drmse": [0.014037435874342918, 0.01553311012685299, 0.015044287778437138, 0.014766857028007507, 0.014398111961781979], "cpearsonr": [0.7352709055966316, 0.7371718598323135, 0.7307967888025276, 0.71843941038273, 0.723252609060142], "cspearmanr": [0.691899204177639, 0.6873688624354264, 0.6871252865923992, 0.6805590126971903, 0.6749275867401978], "crmse": [0.014618773013353348, 0.015633709728717804, 0.014937015250325203, 0.014760331250727177, 0.0145039651542902]}