{"dpearsonr": [0.06866607652811714, 0.11173852309159052, 0.08316358129351142, 0.0867901817912877, 0.09401602207291804], "dspearmanr": [0.06428699817158012, 0.11232416109730294, 0.08106526934370892, 0.08321006160776147, 0.06998653406436595], "drmse": [0.017762020230293274, 0.015361669473350048, 0.013473751954734325, 0.01356632448732853, 0.014180799946188927], "cpearsonr": [0.7295087742094796, 0.7125647664394259, 0.7280088952485525, 0.7272447218601596, 0.7439169918560583], "cspearmanr": [0.6896360115361626, 0.6704998013187269, 0.6815748662196123, 0.6724705569166912, 0.7042106114440034], "crmse": [0.018025534227490425, 0.015458296053111553, 0.013495833612978458, 0.013590765185654163, 0.014475778676569462]}