{"dpearsonr": [0.016821964173998706, -0.040834510553469, 0.0060494523529513525, 0.01490696342839039, -0.004026284445916713], "drmse": [0.02149766869843006, 0.024474797770380974, 0.10000819712877274, 0.11014927178621292, 0.08601921051740646], "cpearsonr": [0.7200764144074964, 0.7052680745418565, 0.709544392119398, 0.7064692710655791, 0.7277450070174991], "crmse": [0.02179190330207348, 0.024505162611603737, 0.10051102191209793, 0.11082081496715546, 0.08549648523330688]}