{"dpearsonr": [0.021475558062171173, -0.06523505567431334, 0.002561990227127608, -0.010574954512442857, 0.02066979132923439], "drmse": [0.025783687829971313, 0.01925780437886715, 0.02400164119899273, 0.03783639147877693, 0.015154602937400341], "cpearsonr": [0.714522336936527, 0.6975321857619614, 0.7125674236536924, 0.7157307393608668, 0.7388170707981716], "crmse": [0.0260638315230608, 0.019354261457920074, 0.02424759790301323, 0.038016922771930695, 0.01550100464373827]}