{"dpearsonr": [0.08962962602740275, 0.07258473214361762, 0.0631850785464697, 0.048178898593638435, 0.06318334182636733], "dspearmanr": [0.08238565713143897, 0.0625553737083562, 0.0683781735095444, 0.05735373768193645, 0.06483139153847972], "drmse": [0.016425685957074165, 0.016252638772130013, 0.01616903580725193, 0.016150908544659615, 0.01604682207107544], "cpearsonr": [0.7467562075850553, 0.746947733238589, 0.7465261309651914, 0.7471844167131013, 0.7470719444535412], "cspearmanr": [0.7026668499175033, 0.7029825069485891, 0.7015244046538847, 0.7023109843572126, 0.7021452525768127], "crmse": [0.01630481891334057, 0.01612386479973793, 0.016064222902059555, 0.01603068597614765, 0.01593497395515442]}