{"dpearsonr": [0.005854453347682266, -0.011003463449762397, 0.007457273044741319, 0.015206466959750208, -0.004090722104563687], "drmse": [0.07937410473823547, 0.09338207542896271, 0.10769374668598175, 0.10346513241529465, 0.08670174330472946], "cpearsonr": [0.7162888483607542, 0.7050788298944156, 0.7157832147487901, 0.720505051605895, 0.7326808504671721], "crmse": [0.07959610968828201, 0.0932101234793663, 0.10810413956642151, 0.10403366386890411, 0.08622423559427261]}