{"dpearsonr": [0.00543592759986596, -0.010484970586385948, 0.014764874302880353, 0.0024656946253445926, -0.00260442943775999], "drmse": [0.09319168329238892, 0.10170795023441315, 0.10377322137355804, 0.1042366623878479, 0.09240967780351639], "cpearsonr": [0.729437225801084, 0.7120449521946628, 0.7274539183830248, 0.7254185218225108, 0.739621026877348], "crmse": [0.09338279068470001, 0.10151591151952744, 0.10410255193710327, 0.10478135198354721, 0.0919567123055458]}