{"dpearsonr": [0.002851892694827481, 0.009547484474651589, 0.005913586654291267, 0.004638984225539686, -0.006152110756181339], "drmse": [0.09208182990550995, 0.09163244068622589, 0.09043660759925842, 0.09095695614814758, 0.08845974504947662], "cpearsonr": [0.7387715700665307, 0.738723802406458, 0.738953669531676, 0.7391079064483205, 0.7455742038388209], "crmse": [0.0928177610039711, 0.092384934425354, 0.09117056429386139, 0.09166239202022552, 0.08916369080543518]}