{"dpearsonr": [0.062092672837850825, 0.053995877971784845, 0.06730176922246055, 0.061841761903406685, 0.060200180493210735], "dspearmanr": [0.06444410198152004, 0.056190051083684446, 0.06978147600241139, 0.06579286549448704, 0.06543455279273819], "drmse": [0.016304321587085724, 0.01635744795203209, 0.0163420382887125, 0.016259988769888878, 0.016191165894269943], "cpearsonr": [0.7463081713264961, 0.7460588873421834, 0.7463883263118067, 0.746602839883663, 0.7469602358303942], "cspearmanr": [0.7025511135033876, 0.7027229176303533, 0.7015515169033014, 0.702250215939206, 0.7023002942481062], "crmse": [0.016196560114622116, 0.01624043844640255, 0.01623058132827282, 0.016129599884152412, 0.016088534146547318]}