{"dpearsonr": [0.15931431243292787, 0.16958635814261433, 0.16853382191553143, 0.17679410809297258, 0.07891691723177137], "dspearmanr": [0.1350649332746754, 0.1448646676882518, 0.16859643572426142, 0.17063771694884236, 0.08482103622919744], "drmse": [0.013544219546020031, 0.014989325776696205, 0.014530409127473831, 0.014122916385531425, 0.014641057699918747], "cpearsonr": [0.7409578112869338, 0.7425440854740719, 0.7355594992341229, 0.7250537170514872, 0.7255301688904761], "cspearmanr": [0.6969884671666331, 0.692811649479636, 0.6895665953574323, 0.6864336247559174, 0.6776309663226736], "crmse": [0.014115079306066036, 0.015060102567076683, 0.014452539384365082, 0.014116114005446434, 0.014753133058547974]}