{"dpearsonr": [0.05667303674932454, 0.05656565990889758, 0.0639365865490994, 0.06268297594154328, 0.07015580198409468], "dspearmanr": [0.06053464217681016, 0.0566645626803717, 0.06068185486196044, 0.06003772637024425, 0.07574391510614646], "drmse": [0.01628895476460457, 0.01658238098025322, 0.016450583934783936, 0.016250086948275566, 0.016158031299710274], "cpearsonr": [0.7469726025900819, 0.7462433106435271, 0.7456717955491586, 0.7464037443468933, 0.7462784338725978], "cspearmanr": [0.7025585330021729, 0.7030512193642461, 0.700552513180344, 0.7019474252866111, 0.7020689341468755], "crmse": [0.0161743201315403, 0.01645875722169876, 0.016342025250196457, 0.0161433182656765, 0.01607000082731247]}