{"dpearsonr": [0.05890022329318923, 0.07097130144107898, 0.06926997322906317, 0.07783680487399991, 0.07233615056973451], "dspearmanr": [0.06378093551347298, 0.06840836021702727, 0.07767616377836424, 0.07691917776119024, 0.07445301576457458], "drmse": [0.01687837764620781, 0.016820307821035385, 0.016724519431591034, 0.016586190089583397, 0.016782736405730247], "cpearsonr": [0.7344507142156323, 0.7342969918584638, 0.7373565223576531, 0.7380812285808434, 0.7357020502463096], "cspearmanr": [0.6918397513737665, 0.6945627990609913, 0.6943485243884152, 0.6960562658017979, 0.6932230206629331], "crmse": [0.0168056171387434, 0.016780218109488487, 0.016620950773358345, 0.01653580740094185, 0.01667143777012825]}