{"dpearsonr": [0.07277793641680107, 0.08831082708120336, 0.07160125586768501, 0.0922189035662825, 0.07693608136168117], "dspearmanr": [0.0731648121292182, 0.086035144272516, 0.07000930514035335, 0.09364463234620836, 0.07967193161891081], "drmse": [0.01615206152200699, 0.016207870095968246, 0.016265157610177994, 0.015968242660164833, 0.016262881457805634], "cpearsonr": [0.7445399866124198, 0.7451393200860188, 0.7430021542655716, 0.7449789785614319, 0.7452824718134818], "cspearmanr": [0.7013623346102555, 0.7014899663639603, 0.6984135998694767, 0.7006440048655296, 0.7012601001936538], "crmse": [0.016079353168606758, 0.01611790806055069, 0.01618562825024128, 0.015923505648970604, 0.016165761277079582]}