{"dpearsonr": [0.06316224609543408, 0.08325050821963036, 0.0758862711108726, 0.07783875137747275, 0.06720059636696953], "dspearmanr": [0.07034097601615481, 0.08259295105632848, 0.08334746363558704, 0.08504828542212464, 0.0690346413334459], "drmse": [0.016168005764484406, 0.016210217028856277, 0.01620851457118988, 0.015993528068065643, 0.016295190900564194], "cpearsonr": [0.747093553854283, 0.7462919672226356, 0.7463557570247927, 0.7466278619296749, 0.7467182205093124], "cspearmanr": [0.7032641127989165, 0.7026360261600787, 0.7008529408099222, 0.7022439631924097, 0.701694767595556], "crmse": [0.016043029725551605, 0.016110077500343323, 0.016084592789411545, 0.015894828364253044, 0.016222119331359863]}