{"dpearsonr": [0.1168333797837646, 0.16230989503297777, 0.1596555052447692, 0.13161933419423147, 0.08953980667463428], "dspearmanr": [0.10603358934180294, 0.14076565526405116, 0.14548179234407183, 0.11975713796695397, 0.09237920400537315], "drmse": [0.01392402034252882, 0.015032765455543995, 0.014552600681781769, 0.014570440165698528, 0.01471650693565607], "cpearsonr": [0.739621916215471, 0.742670886269416, 0.7350593312243628, 0.722318360641079, 0.724360808479368], "cspearmanr": [0.6954971246623306, 0.6929304065196168, 0.6906240224487542, 0.6832050596092252, 0.6768485334171984], "crmse": [0.014478109776973724, 0.015143416821956635, 0.014507639221847057, 0.014565600082278252, 0.014831548556685448]}