{"dpearsonr": [0.18704619255790497, 0.20508253521675984, 0.22582984641177284, 0.20505592710237477, 0.17112809323240605], "dspearmanr": [0.1798919728684386, 0.19537184967232274, 0.21642213078494593, 0.1884961112965837, 0.1620618753734985], "drmse": [0.013311650604009628, 0.014683924615383148, 0.013990639708936214, 0.013905195519328117, 0.013960345648229122], "cpearsonr": [0.7470766219103739, 0.7463114777075441, 0.7412359144887465, 0.7286288000302056, 0.7281401566607703], "cspearmanr": [0.7052006085169489, 0.6980026282565168, 0.697225781630497, 0.6915585012245482, 0.6809664622073536], "crmse": [0.013878663070499897, 0.01471618376672268, 0.013912444934248924, 0.01390647329390049, 0.014111421070992947]}