{"dpearsonr": [0.07954938053404811, 0.09165947267281303, 0.061399390906773155, 0.0809029808788946, 0.06215295624451202], "dspearmanr": [0.07565945635113902, 0.09503483607632304, 0.06585231222967175, 0.07867290122979242, 0.057906280756015734], "drmse": [0.016022076830267906, 0.016051147133111954, 0.016390152275562286, 0.015997931361198425, 0.016346143558621407], "cpearsonr": [0.7452861906435285, 0.746931088790398, 0.7449178407415602, 0.7439393603331874, 0.7442745945924668], "cspearmanr": [0.7011675282196125, 0.703490901385134, 0.6997552849927625, 0.7000311759821637, 0.7016113171745236], "crmse": [0.015951035544276237, 0.0159912109375, 0.01633720099925995, 0.01592227816581726, 0.01628761552274227]}