{"dpearsonr": [0.07670925611918643, 0.08280365118064659, 0.0632567970476119, 0.08703039987234838, 0.08310791075876074], "dspearmanr": [0.06511337086092235, 0.07239597575052327, 0.05894093124299424, 0.08513513654207736, 0.0792451208831216], "drmse": [0.014045238494873047, 0.01557678822427988, 0.015439670532941818, 0.014820272102952003, 0.014406848698854446], "cpearsonr": [0.7360095480190127, 0.7369066327006413, 0.7296421942467692, 0.7183216278504312, 0.723770422599999], "cspearmanr": [0.6927171006352538, 0.6882596736739817, 0.6863582157946063, 0.6802214655612123, 0.6750883173574995], "crmse": [0.014635739848017693, 0.015682216733694077, 0.01534645538777113, 0.014818824827671051, 0.014504357241094112]}