{"dpearsonr": [0.07761252877751289, 0.07784248946060904, 0.04637744697867938, 0.0824522621581236, 0.0687638415731801], "dspearmanr": [0.07677541490842135, 0.07837932601706708, 0.048613967735411705, 0.0859177682911327, 0.072439439367793], "drmse": [0.01628301665186882, 0.016462624073028564, 0.01643240824341774, 0.016186170279979706, 0.01627705991268158], "cpearsonr": [0.7434659089169077, 0.7433340344197303, 0.7452437246815254, 0.7443557055844255, 0.7457143380019886], "cspearmanr": [0.7008794328478083, 0.7016050354392294, 0.7003854006220047, 0.701075907313419, 0.7017115380807715], "crmse": [0.016241908073425293, 0.016380807384848595, 0.016342930495738983, 0.01615309529006481, 0.01620458997786045]}