{"dpearsonr": [0.16116760270587457, 0.20126021334767438, 0.20251725413882823, 0.17282863946005958, 0.11169340318999892], "dspearmanr": [0.14362167393685765, 0.1808617386305136, 0.1950541793326938, 0.16312191779417984, 0.11065390824034717], "drmse": [0.013565395027399063, 0.014666689559817314, 0.014311181381344795, 0.014193455688655376, 0.014585886150598526], "cpearsonr": [0.7433583973869271, 0.7462705032997408, 0.7383775050532981, 0.7253046132893014, 0.7277573716169402], "cspearmanr": [0.7000922902188569, 0.6973916006179659, 0.6948005723982886, 0.6870217846117105, 0.6807176640885548], "crmse": [0.014095377177000046, 0.014707316644489765, 0.014222965575754642, 0.014187827706336975, 0.014691070653498173]}