{"dpearsonr": [0.1843545340667042, 0.22384551238758044, 0.2385935275344996, 0.2369410816962053, 0.18347827029187394], "dspearmanr": [0.17728132220808226, 0.20164117326011424, 0.2255211398893423, 0.21197092809054385, 0.1631389718384631], "drmse": [0.013384222984313965, 0.014519627206027508, 0.013921533711254597, 0.01377798244357109, 0.013938621617853642], "cpearsonr": [0.7478904145687845, 0.7487469406672316, 0.7414437617007742, 0.7295430764999076, 0.7316184800419172], "cspearmanr": [0.7053547968729429, 0.7005233665525088, 0.6988851742184629, 0.6925050028044228, 0.6835179644935676], "crmse": [0.01398808415979147, 0.014526323415338993, 0.013829485513269901, 0.013767226599156857, 0.014094319194555283]}