{"dpearsonr": [0.06937656089894054, 0.08144649074526561, 0.07732821597215077, 0.07590880713622726, 0.06652264641313557], "dspearmanr": [0.0689829913528973, 0.07898497244175037, 0.07724229920103856, 0.07287869379970432, 0.06729492259142397], "drmse": [0.016401104629039764, 0.016261981800198555, 0.016337964683771133, 0.01623811200261116, 0.016728898510336876], "cpearsonr": [0.7419924786647227, 0.7428692834096889, 0.7430693484298538, 0.7433666207607947, 0.7431581016960043], "cspearmanr": [0.6996863831324648, 0.6999529205619455, 0.6983385803421073, 0.7000920873620639, 0.700250094014815], "crmse": [0.016353175044059753, 0.01619235798716545, 0.01625702902674675, 0.016178810968995094, 0.016665585339069366]}