{"dpearsonr": [0.1388602392879697, 0.16294770657152344, 0.16687027600009607, 0.1640078931481187, 0.10730174678674885], "dspearmanr": [0.1353873292970719, 0.13944844574226622, 0.17138898242117048, 0.15692308673349042, 0.09898563618218634], "drmse": [0.013764095492661, 0.015052358619868755, 0.014623591676354408, 0.014257918111979961, 0.014491315931081772], "cpearsonr": [0.7426359791358107, 0.7455106856099485, 0.7355359915618579, 0.7229629232414676, 0.728884776366895], "cspearmanr": [0.6984747317523224, 0.6970933200355551, 0.6922147283034263, 0.685721473175751, 0.6803146008755393], "crmse": [0.014310954138636589, 0.015055008232593536, 0.014520575292408466, 0.014241345226764679, 0.014611933380365372]}