{"dpearsonr": [0.185149527447543, 0.19825226291607034, 0.25006568109068283, 0.17349438549578558, 0.1390247278374477], "dspearmanr": [0.15912011361261877, 0.1820203701410827, 0.24126906684768737, 0.15773603092464353, 0.1296352948346458], "drmse": [0.013349248096346855, 0.014677993953227997, 0.013813309371471405, 0.014166785404086113, 0.014235618524253368], "cpearsonr": [0.7486156482713324, 0.7466219318195484, 0.7414643415320191, 0.7259286046278132, 0.7282654066535899], "cspearmanr": [0.7055484761016575, 0.698185558731196, 0.6990531338754645, 0.6888021666277825, 0.6809603421509434], "crmse": [0.013888027518987656, 0.0147253992035985, 0.013768169097602367, 0.014146141707897186, 0.014363640919327736]}