{"dpearsonr": [0.08393133204772053, 0.062012375554230614, 0.08085779479023976, 0.06105062718698981, 0.06622584885854019], "dspearmanr": [0.0733141852116987, 0.05773072687635605, 0.08342174241021456, 0.059658232258011326, 0.0674993131600738], "drmse": [0.0163403507322073, 0.016729213297367096, 0.016523651778697968, 0.01647958904504776, 0.016514455899596214], "cpearsonr": [0.7410186617038069, 0.7404822719964471, 0.7388344011908299, 0.7418530559906651, 0.7398583543628584], "cspearmanr": [0.6976855183494819, 0.6986554956225796, 0.695360296796036, 0.6992456310086271, 0.6981508419379265], "crmse": [0.016330551356077194, 0.01665027253329754, 0.01650230400264263, 0.016370590776205063, 0.016447894275188446]}