{"dpearsonr": [0.19429623805065277, 0.19224416829395274, 0.22275123534753555, 0.23688839417725602, 0.15323516284142183], "dspearmanr": [0.18095158437755834, 0.1876692812163201, 0.21781869605827675, 0.23419236544219668, 0.1602969276656867], "drmse": [0.013327311724424362, 0.014901409856975079, 0.013799545355141163, 0.01347168069332838, 0.014282445423305035], "cpearsonr": [0.7496339627221053, 0.7511275260143703, 0.7479030151093344, 0.7314153252276143, 0.7350460043631479], "cspearmanr": [0.7059937999497456, 0.7031692341006623, 0.7031717130361507, 0.6943521511521514, 0.6879210538224598], "crmse": [0.013921440578997135, 0.014874689280986786, 0.013757421635091305, 0.01349674817174673, 0.014422016218304634]}