{"dpearsonr": [0.2412932154295842, 0.23661510165552202, 0.23720828798837826, 0.2583491811994328, 0.20926639680309495], "dspearmanr": [0.22240068264453128, 0.2242716532053401, 0.23190260288989412, 0.22321252933775013, 0.20044014021023052], "drmse": [0.012789273634552956, 0.01422602403908968, 0.01386046502739191, 0.01326002087444067, 0.01385297067463398], "cpearsonr": [0.7554936109934876, 0.7609496262109665, 0.7438856351918828, 0.7348655644694525, 0.7367185192708865], "cspearmanr": [0.7133001212510923, 0.7132326504489351, 0.7010831865497185, 0.6985653788458501, 0.6907887271091468], "crmse": [0.013345965184271336, 0.014191458001732826, 0.013799004256725311, 0.013259141705930233, 0.013936859555542469]}