{"dpearsonr": [0.09520992757308612, 0.11382272147307976, 0.14127461947174405, 0.12200041607982506, 0.06749312258907272], "dspearmanr": [0.08826476369442472, 0.11299563285677187, 0.13567771097738052, 0.11814554503477893, 0.07329217911885548], "drmse": [0.013982179574668407, 0.015259268693625927, 0.014706474728882313, 0.01465850230306387, 0.01471859123557806], "cpearsonr": [0.7396342524321742, 0.741718373921981, 0.7333159962236933, 0.7208982773081121, 0.724549458996592], "cspearmanr": [0.6951247064273229, 0.691166310617526, 0.6888757376269451, 0.6824588820308606, 0.6758414293666177], "crmse": [0.014558403752744198, 0.015313434414565563, 0.014631072990596294, 0.014638292603194714, 0.014820287935435772]}