{"dpearsonr": [0.09164548917918561, 0.07088663958563703, 0.07915072862475983, 0.07536196835890185, 0.07802100722035453], "dspearmanr": [0.09752764470192742, 0.06914914943560863, 0.0834004049135465, 0.07714218812559503, 0.0832532783085477], "drmse": [0.015985598787665367, 0.016317693516612053, 0.016091803088784218, 0.01614299602806568, 0.016265129670500755], "cpearsonr": [0.7467982510491201, 0.7460130644096732, 0.7465486397834896, 0.7452820638661405, 0.7465392952934806], "cspearmanr": [0.7025774087161568, 0.7023219359275295, 0.7013674683863291, 0.7009932562924793, 0.7024989093007196], "crmse": [0.015891756862401962, 0.01621648482978344, 0.016000058501958847, 0.016049139201641083, 0.016202682629227638]}