{"dpearsonr": [0.09624570881019254, 0.11762646079409297, 0.1239673748690309, 0.15522517709331363, 0.0774352512760722], "dspearmanr": [0.08916036163045368, 0.1104100616801056, 0.1290546232517737, 0.15342498193238985, 0.08099352978029883], "drmse": [0.013954482041299343, 0.01526692695915699, 0.014820347540080547, 0.014311600476503372, 0.014708799310028553], "cpearsonr": [0.738176773571922, 0.7418297338420632, 0.7340962845826294, 0.7228742309667775, 0.7254513966788816], "cspearmanr": [0.6941355639019955, 0.6916125222035724, 0.6889578686326991, 0.6837954094035278, 0.676696498114813], "crmse": [0.014542537741363049, 0.015363586135208607, 0.014747637324035168, 0.01431509293615818, 0.014798521995544434]}