{"dpearsonr": [0.05271458018467503, 0.09138681098052207, 0.08328510512136006, 0.09690603002402977, 0.07311059124142877], "dspearmanr": [0.05429052558686208, 0.08477147987039839, 0.082707617303393, 0.08959392177479866, 0.08578899669187093], "drmse": [0.014292518608272076, 0.015612366609275341, 0.015302825719118118, 0.014774602837860584, 0.01449811365455389], "cpearsonr": [0.7361200241995919, 0.7368054542986732, 0.7290742968021071, 0.7180615864731452, 0.7230529200212857], "cspearmanr": [0.6926726391510587, 0.6877726507761208, 0.6853611385134922, 0.6803245954407371, 0.6752155835929102], "crmse": [0.014844629913568497, 0.01568065956234932, 0.015197129920125008, 0.014773223549127579, 0.01460530236363411]}