{"dpearsonr": [0.07999715202809858, 0.06856153451986877, 0.08085645883965835, 0.07752075894883087, 0.06802519478860818], "dspearmanr": [0.07482936057238908, 0.07109477127076688, 0.07723838280391962, 0.0724794476784021, 0.06454782688879739], "drmse": [0.01644814759492874, 0.016432542353868484, 0.016284769400954247, 0.016321899369359016, 0.016498219221830368], "cpearsonr": [0.7385692644213497, 0.7446224874090516, 0.7416978101695555, 0.7411790996233059, 0.7411802249887832], "cspearmanr": [0.6955558535337062, 0.7026657959165842, 0.6983598841816849, 0.6987886681401231, 0.6990634531962737], "crmse": [0.016385478898882866, 0.01633264683187008, 0.01617482118308544, 0.01628630794584751, 0.01641996018588543]}