{"dpearsonr": [0.0597122263894024, 0.07756850334076616, 0.06806814799387881, 0.07491715337664379, 0.07143348221034018], "dspearmanr": [0.06496389957664714, 0.0781191337351628, 0.06460898227447849, 0.07858724289206775, 0.06236216287453592], "drmse": [0.01676234044134617, 0.016850126907229424, 0.01654253527522087, 0.016450028866529465, 0.016614938154816628], "cpearsonr": [0.7379776221468226, 0.7364747962511828, 0.7399246558217304, 0.7404765537166382, 0.7392440711752786], "cspearmanr": [0.6947398516549219, 0.6950479660548036, 0.6975849029258085, 0.6979593614330314, 0.6969146424135242], "crmse": [0.016665983945131302, 0.016736112534999847, 0.016484025865793228, 0.016389142721891403, 0.01655312441289425]}