{"dpearsonr": [0.09457991371837988, 0.08013811856247827, 0.07659587512243506, 0.0790693870466067, 0.07308282867752394], "dspearmanr": [0.08822904433319315, 0.07186661620300212, 0.07136048722433633, 0.07093620952715081, 0.06815964425284193], "drmse": [0.016314027830958366, 0.016510797664523125, 0.016585038974881172, 0.01632552407681942, 0.016416804865002632], "cpearsonr": [0.7407168341039638, 0.7428267814414556, 0.7408326679585938, 0.7393914816349354, 0.7396412002060226], "cspearmanr": [0.6986532831718617, 0.7008800302755523, 0.6975042376935459, 0.6965329713893663, 0.6969403066038611], "crmse": [0.016254663467407227, 0.016412796452641487, 0.016496365889906883, 0.0162542462348938, 0.01630467176437378]}