{"dpearsonr": [0.09739761723614312, 0.10351203357083183, 0.11057949499829975, 0.09576591799444464, 0.08045269454436037], "dspearmanr": [0.0857309873275924, 0.09940749415424174, 0.11330386494265324, 0.0917372817301573, 0.07823024849304253], "drmse": [0.01398638915270567, 0.015579874627292156, 0.015004944056272507, 0.01468635629862547, 0.014464225620031357], "cpearsonr": [0.7378298002975049, 0.7395769133904063, 0.7307360903445724, 0.7204833834773038, 0.7263189266080401], "cspearmanr": [0.6938380049775867, 0.6896013146065476, 0.687038399333269, 0.6814638431944899, 0.6771641676983577], "crmse": [0.014508463442325592, 0.015688668936491013, 0.014909100718796253, 0.014682102017104626, 0.014576944522559643]}