{"dpearsonr": [0.06916806494829575, 0.0807584091632608, 0.07684123641275795, 0.08844467974778117, 0.06253525468773549], "dspearmanr": [0.07306039133572943, 0.07972276805173145, 0.07730781631072213, 0.07415596202910436, 0.06603164535968473], "drmse": [0.016253851354122162, 0.016177598387002945, 0.016012785956263542, 0.01615891233086586, 0.01617046259343624], "cpearsonr": [0.745030520810155, 0.7458722768976161, 0.7461225183602708, 0.745921785937778, 0.7469076312800195], "cspearmanr": [0.7008800902264827, 0.7024067474547363, 0.7003018502749997, 0.7017626942343888, 0.7025937154627755], "crmse": [0.016151243820786476, 0.016103234142065048, 0.015924660488963127, 0.01604687049984932, 0.016094733029603958]}