{"dpearsonr": [NaN, NaN, NaN, NaN, NaN], "drmse": [0.08592357486486435, 0.08432041108608246, 0.09177073836326599, 0.0948014110326767, 0.09502191096544266], "cpearsonr": [0.7375658646523967, 0.7275323421420272, 0.7117052960414237, 0.7163029489000005, 0.7181317648363558], "crmse": [0.08620688319206238, 0.08442530781030655, 0.0914054736495018, 0.09492917358875275, 0.09531683474779129]}