{"dpearsonr": [0.4052272595043468, 0.4321266025497946, 0.4747374782035507, 0.4042740142351266, 0.43775357811001214], "dspearmanr": [0.35082892417782213, 0.3858982819527235, 0.4402540098738665, 0.37049058917435906, 0.3893313595124896], "drmse": [0.011011864989995956, 0.011878691613674164, 0.010855059139430523, 0.011670398525893688, 0.011007843539118767], "cpearsonr": [0.7860824866551795, 0.7923204666170046, 0.781914555345494, 0.7630834778584398, 0.7764692928076546], "cspearmanr": [0.7448406349437197, 0.750883361405757, 0.7409293300546655, 0.7289031620906963, 0.731020346078236], "crmse": [0.011404314078390598, 0.011844257824122906, 0.010840658098459244, 0.011725165881216526, 0.011099638417363167]}