{"dpearsonr": [NaN, NaN, NaN, NaN, NaN], "dspearmanr": [NaN, NaN, NaN, NaN, NaN], "drmse": [0.017762882634997368, 0.015399781987071037, 0.013487954623997211, 0.013435766100883484, 0.014120602048933506], "cpearsonr": [0.7295105321357144, 0.712385459505124, 0.728029295064605, 0.7272997267039762, 0.7438304264965689], "cspearmanr": [0.6897308832646826, 0.6703410802111041, 0.6818441438973928, 0.672509810684636, 0.7043447663970255], "crmse": [0.01802598126232624, 0.015496853739023209, 0.013511705212295055, 0.013452762737870216, 0.014407842420041561]}