{"dpearsonr": [0.26251208445174146, 0.2925190996275673, 0.32219215782307004, 0.26641446429902443, 0.2594091560710237], "dspearmanr": [0.20116055702146382, 0.23306599661006872, 0.2817989293912156, 0.23548876409371483, 0.19552086541748073], "drmse": [0.013094834052026272, 0.013642662204802036, 0.012602081522345543, 0.012983808293938637, 0.013864176347851753], "cpearsonr": [0.7382609352185833, 0.754954792089597, 0.7489222592672382, 0.7376860776753693, 0.7261714535938043], "cspearmanr": [0.6933252844124838, 0.7049010961104601, 0.705547212547437, 0.7009863346754857, 0.675468141162144], "crmse": [0.013441897928714752, 0.013636653311550617, 0.01260189525783062, 0.013057363219559193, 0.013931195251643658]}