{"dpearsonr": [0.33965038316509705, 0.3087472087334566, 0.368730455326908, 0.30944553721422274, 0.34340245634680455], "dspearmanr": [0.30794491951382785, 0.29287074829797094, 0.3417893464682679, 0.26883881447820734, 0.30314701975762204], "drmse": [0.011741545982658863, 0.014275636523962021, 0.012382484041154385, 0.013026997447013855, 0.012248784303665161], "cpearsonr": [0.7820437537477294, 0.7683338769558876, 0.769470078463933, 0.7471980637652931, 0.761921768927026], "cspearmanr": [0.7394208662551424, 0.7281741424970968, 0.7273759745748342, 0.7128476430022043, 0.7143822336092756], "crmse": [0.01213458925485611, 0.014260253868997097, 0.01234399899840355, 0.013170002028346062, 0.012292247265577316]}