{"dpearsonr": [NaN, NaN, NaN, NaN, NaN], "drmse": [0.08940593153238297, 0.08552303165197372, 0.09262759983539581, 0.09532631933689117, 0.09729243814945221], "cpearsonr": [0.7433922373226697, 0.7294729920376819, 0.7163158171952404, 0.7213512896337417, 0.7310076390316844], "crmse": [0.0897039920091629, 0.08565808832645416, 0.09224440902471542, 0.09545329213142395, 0.09760202467441559]}