{"dpearsonr": [0.4008407893280881, 0.3913184499230806, 0.4147542648015758, 0.4051853456117115, 0.41432956874389787], "dspearmanr": [0.3655068569911191, 0.35270328010415297, 0.3924026462892865, 0.3818117779783217, 0.36285642878891217], "drmse": [0.011134479194879532, 0.012696396559476852, 0.011610054410994053, 0.01180814579129219, 0.011418124660849571], "cpearsonr": [0.7850814110076143, 0.788305524387841, 0.7821768053683018, 0.7677340734315898, 0.7784210270507909], "cspearmanr": [0.7453442365800165, 0.7492843088415642, 0.743746673506045, 0.731819775125326, 0.7320634799770962], "crmse": [0.011582624167203903, 0.012637050822377205, 0.011564167216420174, 0.011903909966349602, 0.011499471962451935]}