{"dpearsonr": [NaN, NaN, NaN, NaN, NaN], "drmse": [0.08869607746601105, 0.08744558691978455, 0.09285899996757507, 0.09562592208385468, 0.09508514404296875], "cpearsonr": [0.743263051153272, 0.7294065439818006, 0.7163460616971911, 0.7213712004948701, 0.7311500824817375], "crmse": [0.08899480849504471, 0.08757764846086502, 0.09247680008411407, 0.09575653076171875, 0.09539058804512024]}