{"dpearsonr": [NaN, NaN, NaN, NaN, NaN], "drmse": [0.08411490172147751, 0.09179606288671494, 0.09601138532161713, 0.09767140448093414, 0.08854041248559952], "cpearsonr": [0.7295894286008299, 0.7129517434746911, 0.7281545977336676, 0.7267909168563161, 0.743607099330603], "crmse": [0.08430930972099304, 0.09157649427652359, 0.09631076455116272, 0.09818924963474274, 0.08826631307601929]}