{"dpearsonr": [NaN, NaN, NaN, NaN, NaN], "drmse": [0.08258971571922302, 0.08187388628721237, 0.08297987282276154, 0.08521368354558945, 0.08415007591247559], "cpearsonr": [0.7394468557660385, 0.7396795845491893, 0.7403187582702644, 0.7403540261511014, 0.7397188797428911], "crmse": [0.08324011415243149, 0.08250316232442856, 0.08360274881124496, 0.08585433661937714, 0.08481165021657944]}