{"dpearsonr": [NaN, NaN, NaN, NaN, NaN], "drmse": [0.08937713503837585, 0.08571216464042664, 0.09359228610992432, 0.09560342878103256, 0.0973365530371666], "cpearsonr": [0.7433901190546128, 0.7294141504722782, 0.7162110641919298, 0.7213638700422021, 0.731149627627757], "crmse": [0.08967489749193192, 0.08584832400083542, 0.09320659935474396, 0.09573246538639069, 0.09764079004526138]}