{"dpearsonr": [0.27008229308344955, 0.27570994598823373, 0.36969126135990754, 0.3090214121221935, 0.34953743894213674], "dspearmanr": [0.23399384636617637, 0.2149202868474805, 0.34476630616604986, 0.27484896279288645, 0.27976980161737935], "drmse": [0.013162629678845406, 0.014782439917325974, 0.01220532227307558, 0.01268340926617384, 0.012255658395588398], "cpearsonr": [0.7366300222889328, 0.7407337810519841, 0.7517891829614134, 0.7389954024000118, 0.7426660181967051], "cspearmanr": [0.6919441869738812, 0.6886620960726887, 0.7069833011731025, 0.7020396131120071, 0.694405830256897], "crmse": [0.01363711804151535, 0.014725427143275738, 0.012215765193104744, 0.012735727243125439, 0.012359706684947014]}