{"dpearsonr": [NaN, NaN, NaN, NaN, NaN], "drmse": [0.08831296116113663, 0.08601314574480057, 0.09197208285331726, 0.0952744111418724, 0.09635664522647858], "cpearsonr": [0.7433362737748562, 0.7295003019412695, 0.7163218334087065, 0.7213113546737544, 0.7309478142970122], "crmse": [0.08861207962036133, 0.08614847809076309, 0.09159261733293533, 0.0954035297036171, 0.09666377305984497]}