{"dpearsonr": [0.3844621370920006, 0.3815648047755938, 0.43485093064371627, 0.38483223746572925, 0.42117892876284796], "dspearmanr": [0.34648638433884893, 0.3349736892497025, 0.39545021163028293, 0.36124972736993505, 0.36022558278624556], "drmse": [0.011545699089765549, 0.012884333729743958, 0.011484019458293915, 0.012419730424880981, 0.011496180668473244], "cpearsonr": [0.784062762415016, 0.784788779042818, 0.7820520231226364, 0.7674589419790467, 0.7757683705026928], "cspearmanr": [0.7440161537620017, 0.742776725809261, 0.74183741782051, 0.73149864852125, 0.7313464375938716], "crmse": [0.012007518671452999, 0.012894514948129654, 0.011439241468906403, 0.012454141862690449, 0.011565737426280975]}