{"dpearsonr": [0.37543977169542825, 0.31454187676197726, 0.3729232110407608, 0.3538868637450417, 0.35530128311330816], "dspearmanr": [0.3375351338915983, 0.30904257712994804, 0.4079611439977746, 0.3436318113110163, 0.3498280278682167], "drmse": [0.01149230357259512, 0.014083868823945522, 0.01262009795755148, 0.01254509761929512, 0.012435266748070717], "cpearsonr": [0.7761879260726997, 0.7684978219907814, 0.7702097692429523, 0.7553346883891101, 0.7679726619782438], "cspearmanr": [0.7351317423159746, 0.7247719050320537, 0.7315322954596899, 0.7185155055326613, 0.7227867837070173], "crmse": [0.011903597973287106, 0.014026571065187454, 0.012519155628979206, 0.012595659121870995, 0.012447603978216648]}