{"dpearsonr": [0.38271979231567743, 0.3775453519229947, 0.39822565002827504, 0.3800093181573449, 0.4119861654844755], "dspearmanr": [0.3305666677148981, 0.36011987487545005, 0.3981116769669758, 0.35442204560859397, 0.368596473769877], "drmse": [0.011308319866657257, 0.013022487983107567, 0.011846344918012619, 0.012076514773070812, 0.011438196524977684], "cpearsonr": [0.7813170311748961, 0.7810096884793564, 0.7712862858161936, 0.7594585903714581, 0.7737142376405798], "cspearmanr": [0.7396452500011875, 0.737631499995511, 0.7336131561602248, 0.7250939752499149, 0.7274428689372893], "crmse": [0.011733558028936386, 0.01297177467495203, 0.011793752200901508, 0.012097924947738647, 0.011470654979348183]}