{"dpearsonr": [0.060398260011218056, 0.049255546024875745, 0.08664030824030573, 0.05654871149068932, 0.06828364259661883], "dspearmanr": [0.05584166704653369, 0.04758795818784898, 0.08697490723254091, 0.05640066839007389, 0.06787619013525219], "drmse": [0.01847805455327034, 0.019991440698504448, 0.017831895500421524, 0.01835603080689907, 0.01976313441991806], "cpearsonr": [0.7271243464518004, 0.7141120655398913, 0.723187040573013, 0.7229278761313651, 0.7140512982817466], "cspearmanr": [0.6906845049268964, 0.683419478647907, 0.6860823708367312, 0.6882637730940004, 0.6828492297621123], "crmse": [0.01842145249247551, 0.020028257742524147, 0.017792338505387306, 0.018301989883184433, 0.019745707511901855]}