{"dpearsonr": [0.36222333442355975, 0.3404859714632186, 0.3102457368252564, 0.33528567355043065, 0.36428711196789276], "dspearmanr": [0.3269119036288011, 0.3370029294726829, 0.39467845726051803, 0.33739576344268046, 0.34928500639153887], "drmse": [0.011606285348534584, 0.013981560245156288, 0.013869954273104668, 0.01275196298956871, 0.012540040537714958], "cpearsonr": [0.77526187154205, 0.7706789802582958, 0.7662363976105399, 0.7518847020643461, 0.7699477098077634], "cspearmanr": [0.7319960409438956, 0.729866970770095, 0.7263168581833938, 0.7148822484684718, 0.7251288692804404], "crmse": [0.012091238051652908, 0.013933958485722542, 0.013728611171245575, 0.012790669687092304, 0.012562022544443607]}