{"dpearsonr": [0.34604956675040205, 0.3383544175634412, 0.3913727753324721, 0.3623940740878918, 0.3812106824661923], "dspearmanr": [0.293852875268713, 0.31810379327667254, 0.36151659576677886, 0.31942635386124596, 0.32790114453770935], "drmse": [0.011696849949657917, 0.01323634572327137, 0.011951398104429245, 0.012355777435004711, 0.011817146092653275], "cpearsonr": [0.7735760107724083, 0.7757710581446203, 0.7647937719946702, 0.7541421045800017, 0.763950216034024], "cspearmanr": [0.7275975621761693, 0.7278960236017298, 0.7225216994112602, 0.7186543659525465, 0.7160224327170516], "crmse": [0.012132709845900536, 0.013205430470407009, 0.01191467884927988, 0.012364975176751614, 0.011864805594086647]}