{"dpearsonr": [0.39706746534686, 0.3766879591835982, 0.38688501192140834, 0.3989885636391738, 0.40462144405538575], "dspearmanr": [0.3558361095756602, 0.3589955141953439, 0.40525074525644095, 0.38415289679650994, 0.35949623002719455], "drmse": [0.011151998303830624, 0.013243909925222397, 0.011999883688986301, 0.011735252104699612, 0.01161078829318285], "cpearsonr": [0.7842416608688325, 0.779043511933145, 0.7752103604720916, 0.7608240451669834, 0.771126397123072], "cspearmanr": [0.742936972892754, 0.7376297086705381, 0.7346543511904626, 0.7241321745179953, 0.7257521077906127], "crmse": [0.011576673947274685, 0.013204080052673817, 0.01193359587341547, 0.011793874204158783, 0.011668194085359573]}