{"dpearsonr": [0.09058381393729498, 0.07262904027465965, 0.09694803005667393, 0.09450519194727672, 0.10792164601267455], "dspearmanr": [0.08206330673834024, 0.06903530550684404, 0.08806533844058498, 0.09107974473724191, 0.10439950358528047], "drmse": [0.017078742384910583, 0.01869121752679348, 0.016831127926707268, 0.016845980659127235, 0.01752702333033085], "cpearsonr": [0.7286902871393297, 0.7169525810218824, 0.7356108544389176, 0.7351892294657486, 0.7274048642854388], "cspearmanr": [0.6908222124106902, 0.6822256507759835, 0.6940432987274614, 0.6962021122510978, 0.6913476250163815], "crmse": [0.01701343059539795, 0.018648874014616013, 0.016767801716923714, 0.016832755878567696, 0.01755160093307495]}