{"dpearsonr": [0.35213326221317287, 0.3479083746728984, 0.36533662676746576, 0.37527959050498755, 0.3728429200458038], "dspearmanr": [0.3286875919423142, 0.3353165370220189, 0.39851899817761355, 0.3674900543947829, 0.3578042185569807], "drmse": [0.011760354042053223, 0.01404439378529787, 0.012919330969452858, 0.012146730907261372, 0.012218205258250237], "cpearsonr": [0.7735885171394092, 0.7690698193780183, 0.769727351624051, 0.7544846243978542, 0.7662733712730897], "cspearmanr": [0.7315657448533194, 0.7252437130812197, 0.7314255664237512, 0.7176778148123576, 0.7223087045816776], "crmse": [0.012153470888733864, 0.01398158073425293, 0.012799281626939774, 0.012197008356451988, 0.012262260541319847]}