{"dpearsonr": [0.05856017218107524, 0.05076495545567739, 0.06189635694144848, 0.0817845711650337, 0.050165067784995264], "dspearmanr": [0.06159469520420894, 0.05998966649281954, 0.06093784521917201, 0.08482369281761415, 0.05224023289390407], "drmse": [0.018384601920843124, 0.01950298622250557, 0.01759917661547661, 0.017366746440529823, 0.020278200507164], "cpearsonr": [0.7315494724033074, 0.7141114120038408, 0.7289634274804222, 0.730943936384266, 0.7053667235794266], "cspearmanr": [0.694557088819426, 0.6838762187626156, 0.6907041716366988, 0.6899463235472901, 0.6737408074359341], "crmse": [0.018323209136724472, 0.01948891580104828, 0.0175070371478796, 0.017316417768597603, 0.02014239691197872]}