{"dpearsonr": [0.059110382670435765, 0.062064653202214465, 0.08631673263034696, 0.06286665138729383, 0.06702889992951475], "dspearmanr": [0.056798956074514864, 0.05651406768170628, 0.09070934820344151, 0.06142329576301323, 0.0629233212606593], "drmse": [0.01814911887049675, 0.020475149154663086, 0.017680587247014046, 0.018083257600665092, 0.019444389268755913], "cpearsonr": [0.7312777550588426, 0.7105473477312991, 0.7223754248866826, 0.728653775181262, 0.7144775391009072], "cspearmanr": [0.6958757394204433, 0.6826103372491861, 0.684645858778472, 0.6902990894526301, 0.6834214492378422], "crmse": [0.018173420801758766, 0.02045179344713688, 0.017557034268975258, 0.018019748851656914, 0.019326841458678246]}