{"dpearsonr": [0.09024372976772607, 0.06277036543427023, 0.09571796641650415, 0.09649761025663739, 0.07666427552424783], "dspearmanr": [0.09155270628728865, 0.07094567450624524, 0.09720389925496598, 0.09731214675382874, 0.07852193096351523], "drmse": [0.016792410984635353, 0.018633225932717323, 0.0172077976167202, 0.016849154606461525, 0.01869026944041252], "cpearsonr": [0.7351183859121712, 0.7174605078107749, 0.7312444812509623, 0.7360975750738771, 0.7194435942096093], "cspearmanr": [0.6962743178793651, 0.6838939849578073, 0.6922948967472783, 0.6968161497428743, 0.686590660254378], "crmse": [0.01675034873187542, 0.018508700653910637, 0.017093652859330177, 0.01682918891310692, 0.018588708713650703]}