{"dpearsonr": [0.3843683527349872, 0.3816613590884212, 0.4034585531607947, 0.3983607171850788, 0.41691160375313424], "dspearmanr": [0.3421006334409144, 0.36148885359586147, 0.4067021302128223, 0.3740645039034605, 0.36779669955723726], "drmse": [0.011202128604054451, 0.013189530000090599, 0.011815326288342476, 0.011772524565458298, 0.01136819552630186], "cpearsonr": [0.7837368583632511, 0.777329189794949, 0.776578529831837, 0.7610460726383008, 0.774855354119167], "cspearmanr": [0.7392875247518892, 0.7352629296224673, 0.7353329646923865, 0.7253608481140131, 0.7284058567984121], "crmse": [0.011630317196249962, 0.01315835490822792, 0.011765621602535248, 0.011834497563540936, 0.011425765231251717]}