{"dpearsonr": [0.09775630331318794, 0.0699020612057936, 0.06569564415006617, 0.09238161627030567, 0.07274507607498679], "dspearmanr": [0.09292296404370164, 0.07307082883803397, 0.0658479951319105, 0.08118998011097273, 0.08032650966807472], "drmse": [0.0174491535872221, 0.01935979351401329, 0.018153822049498558, 0.01773747242987156, 0.018617969006299973], "cpearsonr": [0.7252823590100487, 0.7105757263473367, 0.7239427237603011, 0.729873395754092, 0.7228333969616654], "cspearmanr": [0.6881833115225897, 0.6825036461790255, 0.6865632854682162, 0.6881083986195313, 0.6884370763215584], "crmse": [0.01737840287387371, 0.019216900691390038, 0.018046662211418152, 0.017696237191557884, 0.018531210720539093]}