{"dpearsonr": [0.09334203449153733, 0.07425971654175002, 0.0893750684626497, 0.05126167686979345, 0.06856777179975461], "dspearmanr": [0.09325922453384579, 0.0760987546281231, 0.0801378241339446, 0.05558446172640186, 0.06669054608005082], "drmse": [0.01777268759906292, 0.018693774938583374, 0.017209215089678764, 0.017681708559393883, 0.019358837977051735], "cpearsonr": [0.7254517248135688, 0.7199746989552409, 0.7322014434784859, 0.7304734183753074, 0.713480838798216], "cspearmanr": [0.688390280513989, 0.6886187128874445, 0.6920194905735286, 0.6924894520795215, 0.6814935280834764], "crmse": [0.017744921147823334, 0.018646858632564545, 0.017168382182717323, 0.01762421987950802, 0.019360406324267387]}