{"dpearsonr": [0.10350041025063987, 0.07381880433231941, 0.1010956030807652, 0.0877010076225367, 0.09062158282203232], "dspearmanr": [0.09795590906381892, 0.0738554345464685, 0.09743195526892597, 0.08761518593258404, 0.090585990646259], "drmse": [0.01681452989578247, 0.018536994233727455, 0.016783401370048523, 0.01683189906179905, 0.01780182309448719], "cpearsonr": [0.734851341791336, 0.7156276599845639, 0.7349192124463213, 0.7342137444222563, 0.7239872988573612], "cspearmanr": [0.6950010769572925, 0.6842688215548871, 0.6964939514638726, 0.6946945060515645, 0.6874650406608348], "crmse": [0.01677744649350643, 0.018464097753167152, 0.016746895387768745, 0.016825512051582336, 0.01780788041651249]}