{"dpearsonr": [0.36131943823159185, 0.3309960404245122, 0.3432199014846632, 0.36264740993503086, 0.3618676088232107], "dspearmanr": [0.33059020813492446, 0.3160936949962381, 0.40397679029577066, 0.3494572218956104, 0.3476465268567969], "drmse": [0.01175647135823965, 0.014206075109541416, 0.013428960926830769, 0.012479270808398724, 0.012339306063950062], "cpearsonr": [0.780640451835822, 0.7682669034017992, 0.7669811720039095, 0.754790205699858, 0.767149209755793], "cspearmanr": [0.737751979354424, 0.7243743193531978, 0.7289288776069708, 0.71890747021551, 0.7213660733666011], "crmse": [0.012278030626475811, 0.014136649668216705, 0.013294395059347153, 0.012495712377130985, 0.01236064825206995]}