{"dpearsonr": [0.3731310230040758, 0.3762179442519435, 0.3929353244772833, 0.364385824294014, 0.39331912513984957], "dspearmanr": [0.3179657599121575, 0.3474457145305795, 0.3891935134260995, 0.33753296640858865, 0.33924270343200674], "drmse": [0.011425983160734177, 0.012974156066775322, 0.011944559402763844, 0.012195814400911331, 0.011759555898606777], "cpearsonr": [0.7797264952855396, 0.7769032393762612, 0.7698904609220392, 0.7552405750327992, 0.767479299217223], "cspearmanr": [0.7370027951407917, 0.7323174576009998, 0.7296217671102416, 0.7187216337017597, 0.7201879379751863], "crmse": [0.011880479753017426, 0.012944742105901241, 0.011926747858524323, 0.012220241129398346, 0.01180898118764162]}