{"dpearsonr": [0.09309384865862144, 0.05669360828740027, 0.08767198211781749, 0.08501784364583818, 0.09238737524425622], "dspearmanr": [0.08916522127330989, 0.06074192023888319, 0.09130662997535438, 0.08547635736174818, 0.0989184353160213], "drmse": [0.017107410356402397, 0.019040701910853386, 0.01680690608918667, 0.0170755572617054, 0.017992787063121796], "cpearsonr": [0.7322475958102816, 0.7142255110377319, 0.7366238926836773, 0.7309795849113582, 0.7198403284892676], "cspearmanr": [0.6941560285532398, 0.6813281769700129, 0.6962328421495947, 0.6921732132786463, 0.6873476128541605], "crmse": [0.017061099410057068, 0.01898280903697014, 0.016715973615646362, 0.01700853370130062, 0.0179393719881773]}