{"dpearsonr": [0.38270110625155884, 0.3229647471675275, 0.3321177585182386, 0.34354885472689084, 0.3764451820263103], "dspearmanr": [0.3355629169717689, 0.32087551709642664, 0.35964498960860025, 0.35041022705378866, 0.3469124033617926], "drmse": [0.01136110071092844, 0.013887939974665642, 0.013038072735071182, 0.012673548422753811, 0.012151410803198814], "cpearsonr": [0.7761630982520613, 0.7653359009886617, 0.7644606173354215, 0.7541766012054536, 0.7663613565015492], "cspearmanr": [0.7344132705941837, 0.7230675607636904, 0.7260096829405199, 0.7193047272061549, 0.7202139313646806], "crmse": [0.011776916682720184, 0.013830045238137245, 0.012961841188371181, 0.012711265124380589, 0.01216956228017807]}