{"dpearsonr": [0.37181835833663074, 0.3500903718723556, 0.34126995908850105, 0.3554479793717862, 0.37992997354820857], "dspearmanr": [0.32700520912179115, 0.33653496622962603, 0.362276796026788, 0.33726498417482315, 0.33750642821072674], "drmse": [0.011422998271882534, 0.013658826239407063, 0.012953141704201698, 0.012369399890303612, 0.011863542720675468], "cpearsonr": [0.7781218698569032, 0.7748976952602581, 0.763745240820831, 0.7567783123906802, 0.7661240183396523], "cspearmanr": [0.7359859793266966, 0.7336758575953122, 0.7228694182288207, 0.7205558401995639, 0.7194238575446021], "crmse": [0.011887667700648308, 0.013616125099360943, 0.012966525740921497, 0.012421196326613426, 0.011926578357815742]}