{"dpearsonr": [0.06416548829653558, 0.0629222350595546, 0.08982315399750716, 0.08836826808282348, 0.08663515926180361], "dspearmanr": [0.06538177786348877, 0.06627436674170899, 0.09483976401178076, 0.08774318844529842, 0.08589716550813499], "drmse": [0.017839569598436356, 0.01999032311141491, 0.016985217109322548, 0.01749965362250805, 0.01817033812403679], "cpearsonr": [0.7246807723321278, 0.7112085599033561, 0.7349830944861325, 0.7278136961480289, 0.7238777690072107], "cspearmanr": [0.6877072383138424, 0.6817814988034295, 0.6948391050430247, 0.6883587592200484, 0.6872199144787046], "crmse": [0.01775329001247883, 0.019957227632403374, 0.016943760216236115, 0.017474278807640076, 0.018097437918186188]}