{"dpearsonr": [0.10623424710142113, 0.06208358020267857, 0.10114211991824189, 0.09602402274334348, 0.08416761648833032], "dspearmanr": [0.10174882223198435, 0.06346331394312245, 0.10071562038256589, 0.09030084858544002, 0.08607358348285282], "drmse": [0.01666303351521492, 0.018633054569363594, 0.016511278226971626, 0.016939358785748482, 0.018185362219810486], "cpearsonr": [0.7355957765347552, 0.7227074596498537, 0.7375569406569747, 0.7306134882135679, 0.7254274602669235], "cspearmanr": [0.6952852065838195, 0.6876930801980582, 0.6979656502477618, 0.6913398565501354, 0.6894013161511671], "crmse": [0.01659753918647766, 0.01856558956205845, 0.01644190028309822, 0.01692233420908451, 0.01820959523320198]}