{"dpearsonr": [0.37349838071512764, 0.38326541758791804, 0.3973450070201417, 0.37773845792832905, 0.4080059701760794], "dspearmanr": [0.3296057631713529, 0.35682392622823234, 0.3924860665966619, 0.352357879436126, 0.36338911116162814], "drmse": [0.011378646828234196, 0.012964161112904549, 0.011854569427669048, 0.012156128883361816, 0.011483702808618546], "cpearsonr": [0.7806795849900533, 0.7783491131171896, 0.7708352719592707, 0.7555195157165318, 0.77185425875516], "cspearmanr": [0.737021241712444, 0.7351939222980789, 0.7313360862861732, 0.7220350166943283, 0.7256402929496933], "crmse": [0.011845923960208893, 0.01290155854076147, 0.011812044307589531, 0.01219269074499607, 0.011527464725077152]}