{"dpearsonr": [0.0864588202857139, 0.06431361335027795, 0.08145739197461074, 0.09315162293541512, 0.09031769179964226], "dspearmanr": [0.08899806608928343, 0.0715800425404601, 0.07801308335221029, 0.09125533920975382, 0.09210151512031219], "drmse": [0.017330337315797806, 0.018758609890937805, 0.016980214044451714, 0.01685255952179432, 0.018021052703261375], "cpearsonr": [0.7300303780145792, 0.7175133947489064, 0.7334893462921404, 0.7334081026838475, 0.7246233431835108], "cspearmanr": [0.6919472177296488, 0.6864086563176435, 0.6934287833056655, 0.693298699317805, 0.6884463318673413], "crmse": [0.017231827601790428, 0.018634606152772903, 0.01689290441572666, 0.01686054840683937, 0.018056711181998253]}