{"dpearsonr": [0.36563718813804535, 0.259084667440061, 0.3708745254334569, 0.37560443260342297, 0.35064938215756825], "dspearmanr": [0.3282129993008702, 0.2751326531064696, 0.4104937995871336, 0.35772029250058285, 0.3380595721296531], "drmse": [0.01156757865101099, 0.014720205217599869, 0.012692324817180634, 0.012176036834716797, 0.012454681098461151], "cpearsonr": [0.7740083382808997, 0.7637959008282204, 0.771536390499827, 0.7535529306375257, 0.7667391827216106], "cspearmanr": [0.7316852126483271, 0.7149978021619402, 0.7313390976279582, 0.7171371596965496, 0.7221921111598093], "crmse": [0.011989014223217964, 0.01468774862587452, 0.012591671198606491, 0.012222333811223507, 0.012481548823416233]}