{"dpearsonr": [0.10441452868327972, 0.0949559140561429, 0.0995106354783934, 0.1215674023432666, 0.11068756673886432], "dspearmanr": [0.09614652653607177, 0.08720174010061191, 0.08938112518084403, 0.11673183029953312, 0.10905870797278842], "drmse": [0.016794271767139435, 0.01756584458053112, 0.016680069267749786, 0.016493460163474083, 0.017149008810520172], "cpearsonr": [0.7335074451175259, 0.7275542584046266, 0.7349963334453535, 0.737600026739062, 0.7298277417055139], "cspearmanr": [0.6928236284778413, 0.6917347696419734, 0.6950082136129034, 0.6963386048185163, 0.6919642233656692], "crmse": [0.016775567084550858, 0.01756448857486248, 0.016679368913173676, 0.016482267528772354, 0.017160488292574883]}