{"dpearsonr": [0.06206061421547394, 0.05762436268476347, 0.06798448984728386, 0.0531034335334534, 0.06705914884020064], "dspearmanr": [0.06377752618338248, 0.05127696199931835, 0.06210239286900039, 0.055323526223060325, 0.06102811332107492], "drmse": [0.018515633419156075, 0.018187526613473892, 0.018027756363153458, 0.018534982576966286, 0.019089622423052788], "cpearsonr": [0.7214974532747168, 0.7336533354033545, 0.7232615996149321, 0.7220469990931127, 0.7143463393636323], "cspearmanr": [0.6836252702691055, 0.6983546226622942, 0.6863441989352522, 0.6839783274669137, 0.6811150519925289], "crmse": [0.01846400648355484, 0.018080247566103935, 0.017956245690584183, 0.01844627596437931, 0.019039496779441833]}