{"dpearsonr": [0.3990080939466231, 0.3765985143946405, 0.400512106480877, 0.39150265750362745, 0.4173675386254591], "dspearmanr": [0.3498391269227722, 0.359428498486347, 0.4239008438965481, 0.36337428922762055, 0.371435588422433], "drmse": [0.011096273548901081, 0.013406243175268173, 0.012072603218257427, 0.011854846961796284, 0.011440484784543514], "cpearsonr": [0.7837536661114285, 0.7783248767919135, 0.7746873793494636, 0.7624175895974926, 0.7729281650925053], "cspearmanr": [0.7408780192532415, 0.7346633356604951, 0.7364182999697, 0.7269320857868687, 0.7259170431274237], "crmse": [0.011509820818901062, 0.013347169384360313, 0.011991716921329498, 0.011917417868971825, 0.011478103697299957]}