{"dpearsonr": [NaN, NaN, NaN, NaN, NaN], "drmse": [0.08625787496566772, 0.08675572276115417, 0.0911659523844719, 0.0946841910481453, 0.0971650630235672], "cpearsonr": [0.7428463100413705, 0.7294937794015162, 0.7162473916772503, 0.7205358503449036, 0.7302103172654387], "crmse": [0.08655042946338654, 0.08688146620988846, 0.09079690277576447, 0.09480835497379303, 0.09747141599655151]}