{"dpearsonr": [0.3932007492483068, 0.3870293891121688, 0.45422548522570694, 0.39089544326052095, 0.41519994175559716], "dspearmanr": [0.3435204773967811, 0.3437309272658874, 0.42752198072278635, 0.3526253686952884, 0.3594211492262526], "drmse": [0.011106348596513271, 0.0126649746671319, 0.011092973873019218, 0.011814767494797707, 0.01131949108093977], "cpearsonr": [0.7852055841517334, 0.7853471154313864, 0.7811971935696386, 0.7659269152208, 0.7743780258467273], "cspearmanr": [0.7444279779749746, 0.7445280386345413, 0.7400835948032117, 0.7318980344043557, 0.7304910306919057], "crmse": [0.011511174961924553, 0.01263345405459404, 0.011066769249737263, 0.011978323571383953, 0.011403064243495464]}