{"dpearsonr": [0.3871907873264133, 0.39025892947902446, 0.4290675243088769, 0.37757924415704336, 0.4143591984501735], "dspearmanr": [0.34796166275803503, 0.34407257593752233, 0.4103257644093571, 0.3559067238172167, 0.3621447899096868], "drmse": [0.011262791231274605, 0.01263901125639677, 0.011420791037380695, 0.012277530506253242, 0.01152921374887228], "cpearsonr": [0.7825631674832375, 0.7840596989349491, 0.778736287277405, 0.7609226305318637, 0.7758341618076848], "cspearmanr": [0.7412247838985468, 0.7400033563720445, 0.7384552152824786, 0.7262073171954357, 0.7311690360112866], "crmse": [0.011630102060735226, 0.012599575333297253, 0.011385847814381123, 0.01236153393983841, 0.011597104370594025]}