{"dpearsonr": [NaN, NaN, NaN, NaN, NaN], "drmse": [0.08692172169685364, 0.08616703748703003, 0.0900389552116394, 0.0935814157128334, 0.0976984053850174], "cpearsonr": [0.7431563807778775, 0.7294043868470915, 0.7161980311893683, 0.7211912920532697, 0.7307067465701756], "crmse": [0.0872158631682396, 0.08629852533340454, 0.08966168016195297, 0.09370886534452438, 0.09800717234611511]}