{"dpearsonr": [0.0017061269735800769, 0.06962201153572667, -0.01479888565013872, 0.015491668331978223, 0.03199694444995675], "drmse": [0.01771533116698265, 0.015345078893005848, 0.01349306758493185, 0.013518135994672775, 0.014135196805000305], "cpearsonr": [0.7296592080567739, 0.7125848586623051, 0.7281205714123153, 0.7272944467842756, 0.7438993369490717], "crmse": [0.017977992072701454, 0.015438226982951164, 0.013516511768102646, 0.013541101478040218, 0.014424648135900497]}