{"dpearsonr": [0.05962254432761776, 0.03339388290027566, 0.04188052819081983, -0.009413664208864362, 0.028435648143798394], "drmse": [0.016366299241781235, 0.01611473597586155, 0.01606847159564495, 0.016073163598775864, 0.016244735568761826], "cpearsonr": [0.7391199270556943, 0.7392579245820082, 0.7395292178801569, 0.7392009040443036, 0.7395801370675293], "crmse": [0.016233332455158234, 0.01600011996924877, 0.015951944515109062, 0.015962028875947, 0.016121579334139824]}