{"dpearsonr": [0.01425259904288278, 0.012451060402503355, 0.035967111353490205, 0.017295399213832576, -0.005727322549893702], "drmse": [0.0882527306675911, 0.1298017054796219, 0.11904425919055939, 0.11740052700042725, 0.1200287863612175], "cpearsonr": [0.7276529879508878, 0.7112698407470112, 0.7284589300661083, 0.7266851185971049, 0.7283633463961154], "crmse": [0.08845723420381546, 0.12957648932933807, 0.11941703408956528, 0.11810534447431564, 0.11956210434436798]}