{"dpearsonr": [0.10034391633696658, 0.08357851185349956, 0.06745505367780423, 0.08389687224197528, 0.08025978081987487], "dspearmanr": [0.09663266985184196, 0.07126705656998814, 0.06905185980486281, 0.07835921051976237, 0.07694477882700186], "drmse": [0.01900715008378029, 0.016767987981438637, 0.021907206624746323, 0.024935206398367882, 0.024903370067477226], "cpearsonr": [0.7288137275852198, 0.7091208526433448, 0.7175780652300108, 0.7161157062332412, 0.6955303300896226], "cspearmanr": [0.6909363861490073, 0.6673849300510006, 0.6810321426408438, 0.6696157617643715, 0.7022612103885386], "crmse": [0.019214443862438202, 0.01694890297949314, 0.022165998816490173, 0.025082623586058617, 0.02527913637459278]}