{"dpearsonr": [0.07330281102748991, 0.014945254368872866, -0.010411286082459633, 5.364993523884067e-05, 0.006838674582371634], "drmse": [0.019062919542193413, 0.017615264281630516, 0.01918640546500683, 0.03448696807026863, 0.024625657126307487], "cpearsonr": [0.7287266842976671, 0.709398720812475, 0.7209688527007687, 0.7096900619951327, 0.6972239105194962], "crmse": [0.01925792545080185, 0.017751840874552727, 0.019363924860954285, 0.034759435802698135, 0.02496717870235443]}