{"dpearsonr": [-0.02356266975495794, 0.07500388821037807, -0.005106712801621165, 0.03442325372442229, -0.020939447003850864], "drmse": [0.10850004851818085, 0.11456580460071564, 0.12630826234817505, 0.12441766262054443, 0.11491204053163528], "cpearsonr": [0.23856361718852076, 0.22360989721655233, 0.2206613468507183, 0.014013142436118505, 0.3192367165634119], "crmse": [0.10894151031970978, 0.1145491898059845, 0.12672503292560577, 0.12538012862205505, 0.11523845046758652]}