{"dpearsonr": [0.05604248292508177, 0.0882730418284829, 0.09260067910652117, 0.07955019377732746, 0.08326095491059296], "dspearmanr": [0.059945362801421834, 0.09885508961772693, 0.11582483526443828, 0.07426338285680198, 0.08046058039795237], "drmse": [0.015860477462410927, 0.017933325842022896, 0.017314350232481956, 0.018740512430667877, 0.016777489334344864], "cpearsonr": [0.7333735394725537, 0.7352350052820138, 0.7297505416062177, 0.715392965357577, 0.7208976210536097], "cspearmanr": [0.6919484059246981, 0.6873269788419304, 0.6875131863745634, 0.6778557308160592, 0.6753647277404417], "crmse": [0.016408734023571014, 0.017880838364362717, 0.017110629007220268, 0.018773050978779793, 0.016878938302397728]}