{"dpearsonr": [0.091106166052294, 0.07387479668008236, 0.06474407486840161, 0.0776339819389757, 0.07774864961055349], "dspearmanr": [0.08135441307029843, 0.0760032448320467, 0.06641476092853939, 0.07102584853228759, 0.0757179920698027], "drmse": [0.018577929586172104, 0.016974108293652534, 0.021600790321826935, 0.02796965464949608, 0.02492271363735199], "cpearsonr": [0.7279813511281581, 0.7101848827355871, 0.7143881430921072, 0.7103338319247464, 0.693278400870507], "cspearmanr": [0.6902327188644416, 0.6691597027432098, 0.6796643982161243, 0.6691741249250749, 0.702549690006318], "crmse": [0.018814170733094215, 0.017120439559221268, 0.021843768656253815, 0.02826034650206566, 0.025291409343481064]}