{"dpearsonr": [NaN, NaN, NaN, NaN, NaN], "drmse": [0.08785607665777206, 0.08714824914932251, 0.09217415004968643, 0.09385586529970169, 0.09680009633302689], "cpearsonr": [0.743347215031413, 0.729438488792932, 0.7164047731003051, 0.7214123273947369, 0.7308768679911983], "crmse": [0.08815134316682816, 0.08727995306253433, 0.09180118143558502, 0.09398411214351654, 0.09710992127656937]}