{"dpearsonr": [0.40634123935511324, 0.40634123935511324, 0.40634123935511324, 0.40634123935511324, 0.40634123935511324], "cpearsonr": [0.7717583210240632, 0.7717583210240632, 0.7717583210240632, 0.7717583210240632, 0.7717583210240632], "dspearman": [0.3780829054344178, 0.3780829054344178, 0.3780829054344178, 0.3780829054344178, 0.3780829054344178], "cspearman": [0.729237589326945, 0.729237589326945, 0.729237589326945, 0.729237589326945, 0.729237589326945], "drmse": [0.011643748595358343, 0.011643748595358343, 0.011643748595358343, 0.011643748595358343, 0.011643748595358343], "crmse": [0.011752740766050708, 0.011752740766050708, 0.011752740766050708, 0.011752740766050708, 0.011752740766050708]}