{"dpearsonr": [NaN, NaN, NaN, NaN, NaN], "drmse": [0.08310302346944809, 0.08294808119535446, 0.08349049836397171, 0.08498863875865936, 0.08345446735620499], "cpearsonr": [0.739479989073956, 0.7395898696299794, 0.7402892978602851, 0.740450166450545, 0.739656683029768], "crmse": [0.08375827968120575, 0.08358956128358841, 0.08411600440740585, 0.08562664687633514, 0.08411241322755814]}