{"dpearsonr": [NaN, NaN, NaN, NaN, NaN], "drmse": [0.0846298411488533, 0.09295280277729034, 0.0965908095240593, 0.09742897748947144, 0.0878114253282547], "cpearsonr": [0.7295881487207581, 0.7128669226660264, 0.7279762140033182, 0.7267309695447568, 0.7436316338833324], "crmse": [0.08482516556978226, 0.09273224323987961, 0.09689050167798996, 0.09794445335865021, 0.08754246681928635]}