{"dpearsonr": [-0.00032507170173361503, 0.0026807573433222315, -0.013201530996979556, -0.0036683154561300457, -0.018684317246637897], "drmse": [0.08188413083553314, 0.09453331679105759, 0.0956740602850914, 0.09552519768476486, 0.08827583491802216], "cpearsonr": [0.7296033206235932, 0.7125371425900551, 0.7277214438270277, 0.7267690561645769, 0.7437026093649548], "crmse": [0.08207579702138901, 0.0943068340420723, 0.09596911817789078, 0.09603815525770187, 0.08799723535776138]}