{"dpearsonr": [0.003194008524503244, 0.006854333292789801, 0.001785690843194361, 0.0038340213443704826, NaN], "drmse": [0.08134787529706955, 0.08186988532543182, 0.08390702307224274, 0.08378341048955917, 0.08096406608819962], "cpearsonr": [0.739199281751738, 0.73965072947554, 0.7401917447079718, 0.74032437732422, 0.7390650702216408], "crmse": [0.08198736608028412, 0.08250174671411514, 0.0845319926738739, 0.08441177010536194, 0.08161278069019318]}