{"dpearsonr": [0.02433367655552674, 0.01582313294964809, -Infinity, 0.013178648794902654, -0.005992769183766763], "drmse": [0.08405232429504395, 0.08532161265611649, 0.08550833910703659, 0.08664809912443161, 0.0857858881354332], "cpearsonr": [0.7393382383621517, 0.7395375854909578, 0.7400865834084105, 0.7401867963516815, 0.7396640789483382], "crmse": [0.08470461517572403, 0.08597033470869064, 0.08614819496870041, 0.08729863166809082, 0.08644638955593109]}