{"dpearsonr": [0.00016520428269959004, 0.006796859556070038, 0.0048804140127686165, 0.0060720907798875986, -0.007774870510772649], "drmse": [0.08426502346992493, 0.08370558172464371, 0.08220169693231583, 0.08324118703603745, 0.08442632108926773], "cpearsonr": [0.7392619582500386, 0.739590891321396, 0.7398262749595385, 0.7401062733984014, 0.7393906869118172], "crmse": [0.08491907268762589, 0.0843469649553299, 0.0828198790550232, 0.08386851847171783, 0.08509129285812378]}