{"dpearsonr": [0.009722062747009387, 0.009888124775085712, 0.007333445190948442, Infinity, 0.003753497380246459], "drmse": [0.08433383703231812, 0.0839165449142456, 0.08368616551160812, 0.08289653807878494, 0.08367134630680084], "cpearsonr": [0.7395075553695863, 0.7396640180955594, 0.7399566449609858, 0.7401990019997862, 0.7393777343299256], "crmse": [0.08499754965305328, 0.08455861359834671, 0.0843130424618721, 0.0835287943482399, 0.0843309611082077]}