{"dpearsonr": [0.006199399836791341, -0.004234802815948439, 0.00548129416027581, -Infinity, -0.01278651960165218], "drmse": [0.08589566498994827, 0.09397515654563904, 0.09678544104099274, 0.09509196132421494, 0.08799898624420166], "cpearsonr": [0.7297060286390094, 0.7128471695003942, 0.7274055279984359, 0.7267466747445279, 0.7439598774807293], "crmse": [0.08609116077423096, 0.09375123679637909, 0.097080297768116, 0.09560930728912354, 0.08772548288106918]}