{"dpearsonr": [0.015491384981695524, 0.00550981805715164, 0.00047052037799293143, -Infinity, -0.017771737921320908], "drmse": [0.08285719901323318, 0.09180842339992523, 0.09708395600318909, 0.09608563780784607, 0.08516251295804977], "cpearsonr": [0.7294158652896199, 0.7128042670332218, 0.7278975702696229, 0.7267096682990015, 0.7439275296742016], "crmse": [0.0830504447221756, 0.09158960729837418, 0.09738118201494217, 0.09659768640995026, 0.08489987254142761]}