{"dpearsonr": [0.004675516281525139, 0.010266253270886315, Infinity, -0.016729775590228514, -0.004246039848425778], "drmse": [0.08584118634462357, 0.09387335181236267, 0.09961520880460739, 0.09869132190942764, 0.08773954212665558], "cpearsonr": [0.7295654739262377, 0.712656827387503, 0.7270024645627169, 0.7263583793071916, 0.7439190418603433], "crmse": [0.08603495359420776, 0.09365497529506683, 0.09991596639156342, 0.09921466559171677, 0.08745823055505753]}