{"dpearsonr": [-0.014463111941286877, -Infinity, Infinity, Infinity, -0.004523743052831393], "drmse": [0.08915726095438004, 0.09580573439598083, 0.10100211203098297, 0.09971965104341507, 0.08958930522203445], "cpearsonr": [0.7294398429084602, 0.7127068100187105, 0.7276329479337118, 0.7263852669886648, 0.7438586000110361], "crmse": [0.08934362977743149, 0.09557884931564331, 0.10130548477172852, 0.10024315863847733, 0.08930573612451553]}