{"dpearsonr": [0.006948251852848376, 0.004920090498346549, 0.002583041745359222, 0.0020378864031316123, -6.285410918372287e-05], "drmse": [0.08433423191308975, 0.0838424488902092, 0.0862441435456276, 0.08615845441818237, 0.08341258019208908], "cpearsonr": [0.7393068434708063, 0.7395278196073187, 0.7398731495960692, 0.740106488025827, 0.7395314032246839], "crmse": [0.08499430865049362, 0.08448699861764908, 0.08688056468963623, 0.08680056780576706, 0.08406628668308258]}