{"dpearsonr": [-0.013958947285249554, 0.01429749644552806, -Infinity, 0.008673353042622444, -0.01026278453856368], "drmse": [0.08557990938425064, 0.09548725932836533, 0.09880001097917557, 0.0992395430803299, 0.09018915146589279], "cpearsonr": [0.7295165870067578, 0.7127780696604714, 0.7276072796181289, 0.7265302766604107, 0.7438779483702087], "crmse": [0.08576849102973938, 0.09525756537914276, 0.0991026759147644, 0.09976420551538467, 0.0898834839463234]}