{"dpearsonr": [0.01122066068825441, -0.006094116762405194, -0.005940896050035337, -0.013196018265354197, -0.0050263756930991246], "drmse": [0.08778437972068787, 0.09543222188949585, 0.10180477797985077, 0.09794525802135468, 0.08744722604751587], "cpearsonr": [0.7295183641228742, 0.7124412321901253, 0.7275293710508874, 0.7262516116501248, 0.7437537542348809], "crmse": [0.08797375857830048, 0.09520240128040314, 0.10211014747619629, 0.09846234321594238, 0.087156280875206]}