{"dpearsonr": [-0.016744015574198946, -0.02222451993744249, 0.010661122523821122, 0.00023240698445999751, -0.012738427441487721], "drmse": [0.08577478677034378, 0.093745157122612, 0.09510953724384308, 0.09546463191509247, 0.0888022854924202], "cpearsonr": [0.7295487867790733, 0.7127958340430532, 0.7273794072406358, 0.7266650260296478, 0.7436766329886259], "crmse": [0.08596749603748322, 0.09352556616067886, 0.09540445357561111, 0.09597600996494293, 0.08851797133684158]}