{"dpearsonr": [0.005594253911032173, 0.000957224905007228, -0.00426491303560831, -0.009811617919029658, -0.005529825799201766], "drmse": [0.08343834429979324, 0.09143037348985672, 0.09279172122478485, 0.09501945227384567, 0.08633893728256226], "cpearsonr": [0.7297368048110874, 0.7127917790748421, 0.7276443498538622, 0.7262906400297764, 0.7439134278759375], "crmse": [0.08363769948482513, 0.09121064841747284, 0.09308518469333649, 0.09552909433841705, 0.08607439696788788]}