{"dpearsonr": [-0.003540208351518599, 0.002870692367951286, 0.0016806442288081818, 0.006775600872077083, -0.009869747453239968], "drmse": [0.08764255791902542, 0.08562952280044556, 0.08750223368406296, 0.08709250390529633, 0.0851859301328659], "cpearsonr": [0.739381714667004, 0.7395274764944283, 0.7400970995950941, 0.7401476960998835, 0.7395500469485741], "crmse": [0.08831489086151123, 0.08628535270690918, 0.0881442055106163, 0.087738998234272, 0.08585032820701599]}