{"dpearsonr": [0.0034063834524787734, 0.001976313329423896, 0.005703056155856309, 0.0020703925577092333, 0.007129480765697348], "drmse": [0.08037657290697098, 0.08443965017795563, 0.08267661929130554, 0.08328603208065033, 0.08393172919750214], "cpearsonr": [0.7393900277383547, 0.7395088773149812, 0.7400528104986234, 0.7402679414286463, 0.7392599547878586], "crmse": [0.08100865036249161, 0.08508332073688507, 0.08329195529222488, 0.08391593396663666, 0.08459250628948212]}