{"dpearsonr": [-0.00596757701452121, 0.009656851623114616, -0.013518218567298691, -0.012660135022478838, -0.012995095677693946], "drmse": [0.08526862412691116, 0.0947224572300911, 0.09658046066761017, 0.09844589978456497, 0.08867993950843811], "cpearsonr": [0.729525397977661, 0.7128719474336568, 0.727606262687567, 0.7265243396161132, 0.7439545331567805], "crmse": [0.08545771986246109, 0.09449607878923416, 0.0968778133392334, 0.09896868467330933, 0.08838346600532532]}