{"dpearsonr": [-0.005953314882126791, 0.0038691884291558766, -0.009251555688986472, -0.0034476645785724786, -0.0019532090483697843], "drmse": [0.08775797486305237, 0.09632221609354019, 0.10242687910795212, 0.10056334733963013, 0.09157592058181763], "cpearsonr": [0.7297722500096923, 0.7125475035885853, 0.727590851929883, 0.7262855037142283, 0.7434860675580248], "crmse": [0.08794759213924408, 0.09609562158584595, 0.10273394733667374, 0.10109049081802368, 0.09127487242221832]}