{"dpearsonr": [0.003004816424439146, 0.0072303584952351455, 0.008012545579176777, 0.005517542451651617, -0.0016743042440160673], "drmse": [0.08193505555391312, 0.08154526352882385, 0.08009131997823715, 0.08282696455717087, 0.08205107599496841], "cpearsonr": [0.7390477933493619, 0.7396442200419606, 0.7400917172208891, 0.7401995136668144, 0.7394931276147972], "crmse": [0.08259020000696182, 0.08217373490333557, 0.0807005763053894, 0.08345932513475418, 0.0827021449804306]}