{"dpearsonr": [0.011014720047618509, 0.013004437016089361, 0.018973325547352034, 0.012737882984182295, -0.00744716966732486], "drmse": [0.08375582098960876, 0.08461400866508484, 0.08351938426494598, 0.08593973517417908, 0.08435627818107605], "cpearsonr": [0.7393902614390548, 0.7397029329674522, 0.740030366931278, 0.740210469753656, 0.739598561304749], "crmse": [0.08441118896007538, 0.08525679260492325, 0.0841447189450264, 0.0865863561630249, 0.08501234650611877]}