{"dpearsonr": [0.007194147170304895, 0.013447620954595278, 0.0060900004132777635, 0.007524169450499876, 0.0040847472926958854], "drmse": [0.08623595535755157, 0.08610953390598297, 0.0888088271021843, 0.08783872425556183, 0.08712194114923477], "cpearsonr": [0.7395146262580512, 0.7396428961624071, 0.7401117284550629, 0.7401107967426269, 0.7393539405423719], "crmse": [0.08690445125102997, 0.0867631658911705, 0.08945944160223007, 0.08848673105239868, 0.08779981732368469]}