{"dpearsonr": [0.004488484457483251, 0.009178619404780158, 0.003542746505066649, 0.007716162159287557, 0.003411453642508679], "drmse": [0.08627194911241531, 0.08527026325464249, 0.08823711425065994, 0.08547461777925491, 0.08316828310489655], "cpearsonr": [0.7393309749926334, 0.7395316155540298, 0.7400150221992366, 0.7401429826474505, 0.7394382549325051], "crmse": [0.08694302290678024, 0.08591417223215103, 0.08888988196849823, 0.08610931038856506, 0.08382035791873932]}