{"dpearsonr": [0.2747743689880529, 0.29694590132640064, 0.3183448280113177, 0.24421405246317646, 0.2679814490298297], "dspearmanr": [0.21920587746586034, 0.24964560577621803, 0.3154354329531169, 0.23234229276062865, 0.22656465572549558], "drmse": [0.012876755557954311, 0.014154741540551186, 0.013058840297162533, 0.01457536593079567, 0.013926710933446884], "cpearsonr": [0.741602245413101, 0.7410400219368585, 0.7412543128334838, 0.722948852277973, 0.727952897037024], "cspearmanr": [0.6949987451804976, 0.6884778989534021, 0.6941805453860193, 0.6841641568746895, 0.6768850337217733], "crmse": [0.013286380097270012, 0.014088355004787445, 0.013037634082138538, 0.014626413583755493, 0.014001818373799324]}