{"dpearsonr": [0.3347781072703945, 0.35307823681549166, 0.4230408891353079, 0.34797373006620586, 0.39891352812712594], "dspearmanr": [0.26913012025524996, 0.3206778344615258, 0.39774479043433386, 0.33982193374313574, 0.3405759287760908], "drmse": [0.011949477717280388, 0.012922805733978748, 0.011591942049562931, 0.01286632101982832, 0.011782877147197723], "cpearsonr": [0.7701813274104192, 0.7693368747865506, 0.7701604639876779, 0.7509105712020065, 0.7620313606001408], "cspearmanr": [0.726300485374634, 0.7202893992796983, 0.7285138578029388, 0.7126062580934355, 0.7152389114983326], "crmse": [0.012422770261764526, 0.012940293177962303, 0.011535842902958393, 0.013039140030741692, 0.011865266598761082]}