{"dpearsonr": [NaN, NaN, NaN, NaN, NaN], "drmse": [0.083719901740551, 0.08253183960914612, 0.08217661082744598, 0.07972272485494614, 0.08313446491956711], "cpearsonr": [0.7333338776031766, 0.7356170346633601, 0.7353264867924731, 0.7348010211999527, 0.7366791247598574], "crmse": [0.08435826003551483, 0.08315997570753098, 0.08278347551822662, 0.08032120764255524, 0.08378443121910095]}