{"dpearsonr": [NaN, NaN, NaN, NaN, NaN], "drmse": [0.08513687551021576, 0.09238406270742416, 0.09504839032888412, 0.0915360227227211, 0.08739529550075531], "cpearsonr": [0.7232159528807306, 0.7076113935744969, 0.7192887004507867, 0.7170996077327743, 0.7417873530827793], "crmse": [0.0853116363286972, 0.09215602278709412, 0.09534025937318802, 0.09202466160058975, 0.08711294829845428]}