{"dpearsonr": [0.2532567849555382, 0.19136201645214126, 0.27574468474082653, 0.22254172795769284, 0.24364334930256137], "dspearmanr": [0.20734695548444926, 0.18484927371620785, 0.25427075200939464, 0.22472944455959232, 0.22833902463268216], "drmse": [0.014299347996711731, 0.018875019624829292, 0.014907482080161572, 0.017772333696484566, 0.014989634975790977], "cpearsonr": [0.7671086869532836, 0.7600941707439467, 0.7627462722769001, 0.7502715070547739, 0.7555094685361696], "cspearmanr": [0.7261324949867947, 0.7188852638415744, 0.7205991121608203, 0.7151077727920965, 0.7124083479868155], "crmse": [0.014662426896393299, 0.018992379307746887, 0.014931797981262207, 0.017725463956594467, 0.014993567951023579]}