{"dpearsonr": [0.0032601462319810904, -3.0644380846705945e-05, 0.00588399790812035, 0.004367160336946336, -0.021936162117232035], "drmse": [0.08746049553155899, 0.14556150138378143, 0.07528715580701828, 0.14012648165225983, 0.12640364468097687], "cpearsonr": [0.727178171926302, 0.7124281251441165, 0.7327332769600595, 0.7219376776209226, 0.7305384637411652], "crmse": [0.08770518749952316, 0.14526675641536713, 0.07557814568281174, 0.141180157661438, 0.12608212232589722]}