{"dpearsonr": [0.013384084765290715, 0.054455258505677374, -0.021045386494855673, 0.028848919319545755, -0.03468555789509167], "drmse": [0.11096494644880295, 0.12018783390522003, 0.1220831423997879, 0.11635319143533707, 0.12003866583108902], "cpearsonr": [0.2983205287596005, 0.25368262251273244, 0.2292859645262186, 0.1707624756564423, 0.30429827205933635], "crmse": [0.11139193177223206, 0.12013696134090424, 0.12249573320150375, 0.11730580776929855, 0.12038494646549225]}