{"dpearsonr": [0.07516150351712186, 0.06498328656099972, 0.08416127404560374, 0.07848045112270653, 0.0716357945985107], "dspearmanr": [0.07620846178914238, 0.06564943395940687, 0.07848525991551338, 0.07704089499667965, 0.06843077919308126], "drmse": [0.019073911011219025, 0.015543509274721146, 0.024092646315693855, 0.014520177617669106, 0.034142524003982544], "cpearsonr": [0.7273033398976172, 0.7123554925445338, 0.708512452759632, 0.7218701929883311, 0.679062578640206], "cspearmanr": [0.6894410935271291, 0.6697456010486585, 0.6804667015774136, 0.6729900974093987, 0.6939983237629687], "crmse": [0.019324850291013718, 0.015633193776011467, 0.02431410923600197, 0.014535359106957912, 0.03445049002766609]}