{"dpearsonr": [0.014036380297649633, -3.862302625292817e-05, 0.030025366695310408, -0.007020922392571358, 0.0006415462309013906], "drmse": [0.021103370934724808, 0.01628049649298191, 0.027575016021728516, 0.04515457525849342, 0.03626633062958717], "cpearsonr": [0.708728293579222, 0.7075753711478443, 0.7067193571438516, 0.7169804126619872, 0.6795321302068191], "crmse": [0.02140280418097973, 0.01635993830859661, 0.027716847136616707, 0.04539834335446358, 0.036520227789878845]}