{"dpearsonr": [0.07056150910806647, 0.07345596141375509, 0.08268600191354461, 0.11304102810005073, 0.08839166891505663], "dspearmanr": [0.06694991433120441, 0.07546869254077505, 0.0935614070579216, 0.10812989868786249, 0.08780435554598996], "drmse": [0.018934641033411026, 0.019689178094267845, 0.02157946117222309, 0.01968470774590969, 0.018756447359919548], "cpearsonr": [0.7285519701188647, 0.7246395025153187, 0.7064238147480518, 0.711824965777627, 0.7156844630623361], "cspearmanr": [0.6888580813711177, 0.6815599476923303, 0.6634151414028571, 0.6738851358674818, 0.6730791803412205], "crmse": [0.019612187519669533, 0.01995023526251316, 0.021441157907247543, 0.01970316469669342, 0.018886614590883255]}