{"dpearsonr": [0.07450243529159561, 0.08485076143846411, 0.07482979429126665, 0.07510616322245366, 0.08008398662721664], "dspearmanr": [0.07702779407282315, 0.08872707192947839, 0.0659211049376513, 0.07849526688978795, 0.07524809623011786], "drmse": [0.020494701340794563, 0.015400013886392117, 0.013388599269092083, 0.013509741052985191, 0.02451750822365284], "cpearsonr": [0.7180313330343101, 0.7120188411998065, 0.7319998879962005, 0.7283463973413518, 0.6968855926434135], "cspearmanr": [0.6886483631186611, 0.670086874728734, 0.6844391428163116, 0.6716768227752438, 0.6993874585137655], "crmse": [0.020790331065654755, 0.015496257692575455, 0.013413201086223125, 0.013507508672773838, 0.025002114474773407]}