{"dpearsonr": [0.2071958364965812, 0.23943939007708606, 0.22950001516196766, 0.2573626092766475, 0.25265218606849293], "dspearmanr": [0.18924446051701407, 0.2283151511669008, 0.21705696770922933, 0.22611690363593126, 0.22714095151118557], "drmse": [0.015489588491618633, 0.017018433660268784, 0.0152587266638875, 0.014826743863523006, 0.014505130238831043], "cpearsonr": [0.7624923705251746, 0.7638138145386462, 0.7583851594672947, 0.7469858935240241, 0.7533101793942353], "cspearmanr": [0.7214367687669705, 0.7206797196712831, 0.7170047607359271, 0.7119080334838889, 0.7119950899034706], "crmse": [0.015933768823742867, 0.016991011798381805, 0.015285271219909191, 0.014866423793137074, 0.014519324526190758]}