{"dpearsonr": [0.08387689960392826, 0.09246249604577442, 0.0724200699501274, 0.10639153248202332, 0.07762954077858791], "dspearmanr": [0.062030291205332114, 0.0887992208939972, 0.07318026582226637, 0.09374365072679121, 0.07792779857079779], "drmse": [0.016523757949471474, 0.016870925202965736, 0.017216762527823448, 0.016189467161893845, 0.015588442794978619], "cpearsonr": [0.7238024622515962, 0.7264148179458584, 0.7135483601905734, 0.7052392208883039, 0.7120843923777816], "cspearmanr": [0.6862153605407869, 0.682022223806207, 0.673089452853925, 0.6720392498506915, 0.6699401593904055], "crmse": [0.016827838495373726, 0.016915854066610336, 0.01712593249976635, 0.01620563305914402, 0.01570228673517704]}