{"dpearsonr": [0.06738663917624502, 0.060055164488849594, 0.06348813378733315, 0.06092615793483792, 0.060289402657451516], "dspearmanr": [0.0694984819090234, 0.06231994007574706, 0.06951313262771751, 0.06556519847671119, 0.07015386402366842], "drmse": [0.019168062135577202, 0.017475800588726997, 0.01747998036444187, 0.017324967309832573, 0.017205847427248955], "cpearsonr": [0.7344028479791738, 0.7368698466533262, 0.7306799363432432, 0.7346277509795494, 0.7351288441635437], "cspearmanr": [0.6931236009334251, 0.6954923882086825, 0.6885844733869947, 0.6936301015193295, 0.6960405006014921], "crmse": [0.01896531693637371, 0.01737753115594387, 0.01738288253545761, 0.017189808189868927, 0.01711393892765045]}