{"dpearsonr": [0.07573352991741399, 0.05530559603018569, 0.05689904262731754, 0.07649937226255041, 0.06094121760336153], "dspearmanr": [0.07429347562853963, 0.05923101885962547, 0.061744475996622, 0.07889160965567008, 0.06550599701213347], "drmse": [0.016924813389778137, 0.017552431672811508, 0.01825355924665928, 0.017664538696408272, 0.017327114939689636], "cpearsonr": [0.7361799790306761, 0.7343334730091335, 0.7323944740320752, 0.7350827872839178, 0.7374201690767299], "cspearmanr": [0.6956269122961611, 0.6930304165283424, 0.6924240765959836, 0.6929282934860037, 0.6960290194813576], "crmse": [0.016829637810587883, 0.017426839098334312, 0.01810387894511223, 0.017571253702044487, 0.017190905287861824]}