{"dpearsonr": [0.09123647799559544, 0.08780063434789827, 0.06599462190956577, 0.1286937125187985, 0.08388983626777126], "dspearmanr": [0.07944623421168295, 0.08948737852186031, 0.07030908426783004, 0.10847431139442856, 0.07438518886427178], "drmse": [0.01476582046598196, 0.01729252003133297, 0.017535468563437462, 0.016224738210439682, 0.015683550387620926], "cpearsonr": [0.7240464086179508, 0.7255199776554683, 0.7159003355351726, 0.70517842544908, 0.7117080466816509], "cspearmanr": [0.6856652595249955, 0.6816952555095338, 0.6769788501582897, 0.6725085580262338, 0.6701465979851581], "crmse": [0.015205895528197289, 0.017368782311677933, 0.017449239268898964, 0.016254471614956856, 0.01581352949142456]}