{"dpearsonr": [0.3229882551709659, 0.3075499158138196, 0.3887764277548062, 0.34450249939997923, 0.38007830091926237], "dspearmanr": [0.31091573141540874, 0.27679808717044185, 0.3765545699963772, 0.3244351325584391, 0.31002344597546977], "drmse": [0.012421546503901482, 0.01397389080375433, 0.011945797130465508, 0.012259133160114288, 0.012415813282132149], "cpearsonr": [0.7714536189029767, 0.7593037997288634, 0.7641401166850487, 0.7498731329293794, 0.7566506881189179], "cspearmanr": [0.7266225544030323, 0.7109338491330573, 0.7209821338613172, 0.711566642012519, 0.7068822395242284], "crmse": [0.012759678065776825, 0.013897332362830639, 0.011892259120941162, 0.01229570060968399, 0.012501724064350128]}