{"dpearsonr": [0.09726833412995514, 0.08370181626963354, 0.06793081662389468, 0.07449915348339904, 0.0730543272704704], "dspearmanr": [0.08061106917399848, 0.08092430247007927, 0.07144797721201514, 0.08675444769145593, 0.07337159469058391], "drmse": [0.014218050055205822, 0.015528682619333267, 0.015133611857891083, 0.014745485037565231, 0.014367198571562767], "cpearsonr": [0.7357205806574968, 0.7374663611531571, 0.7302149356942967, 0.7181526765128314, 0.7236977714183823], "cspearmanr": [0.6922457371277633, 0.6878062220498048, 0.6865684275128752, 0.6801045388669003, 0.6752550104926219], "crmse": [0.014711095951497555, 0.01559902261942625, 0.015020118094980717, 0.014744050800800323, 0.01447984203696251]}