{"dpearsonr": [0.09667331943594788, 0.08217697071524453, 0.0627404748922678, 0.06630208360537054, 0.10294515850489394], "dspearmanr": [0.09628869496824417, 0.07723096241001384, 0.07398075745687792, 0.07497293473773445, 0.10486220599783515], "drmse": [0.016136515885591507, 0.016182519495487213, 0.016255971044301987, 0.016133828088641167, 0.015937499701976776], "cpearsonr": [0.7469124117247594, 0.7468191463820897, 0.7463199335640126, 0.747073958090812, 0.7472842883840619], "cspearmanr": [0.7022977154320269, 0.7027743231577479, 0.7015698039542956, 0.7026631770164654, 0.7021608696983151], "crmse": [0.016013557091355324, 0.01605750247836113, 0.016129538416862488, 0.016015250235795975, 0.01582462340593338]}