{"dpearsonr": [NaN, NaN, NaN, NaN, NaN], "dspearmanr": [NaN, NaN, NaN, NaN, NaN], "drmse": [0.017815658822655678, 0.015371967107057571, 0.01350738201290369, 0.013431958854198456, 0.014124928042292595], "cpearsonr": [0.7293834108616624, 0.7126197374648022, 0.7278565618104156, 0.7271959701440794, 0.7440664198951981], "cspearmanr": [0.6895681123101545, 0.6702767651306506, 0.6819464694422528, 0.6725950531839047, 0.7043440254388228], "crmse": [0.01807904988527298, 0.015467341989278793, 0.013533630408346653, 0.01344930101186037, 0.014415781944990158]}