{"dpearsonr": [NaN, NaN, NaN, NaN, NaN], "dspearmanr": [NaN, NaN, NaN, NaN, NaN], "drmse": [0.016459371894598007, 0.016173187643289566, 0.016079561784863472, 0.016150182113051414, 0.01626872457563877], "cpearsonr": [0.7460022814319063, 0.7465420988926396, 0.746976713580122, 0.746585596034351, 0.7466983946117], "cspearmanr": [0.7016575544946703, 0.7021338485990978, 0.7032087730469442, 0.7023241823962353, 0.701536405513272], "crmse": [0.01632147654891014, 0.016054300591349602, 0.01596219278872013, 0.016028376296162605, 0.01614435389637947]}