{"dpearsonr": [NaN, NaN, NaN, NaN, NaN], "drmse": [0.08486782759428024, 0.09349174797534943, 0.09735256433486938, 0.09652439504861832, 0.08804890513420105], "cpearsonr": [0.7295585358089545, 0.7128563111151072, 0.7278040878480863, 0.7267325778520407, 0.7435632234637161], "crmse": [0.0850655734539032, 0.09327098727226257, 0.09764999151229858, 0.09703653305768967, 0.08778061717748642]}