{"dpearsonr": [NaN, NaN, NaN, NaN, NaN], "drmse": [0.08334048092365265, 0.08344236761331558, 0.08417268097400665, 0.08416502922773361, 0.0836787074804306], "cpearsonr": [0.7394808190127417, 0.7396765299572281, 0.7402804056698964, 0.7403631696762869, 0.7397489395021811], "crmse": [0.08399654924869537, 0.08408522605895996, 0.08479807525873184, 0.08479359745979309, 0.08434028178453445]}