{"dpearsonr": [0.2494350171560028, 0.2722499850838701, 0.3462927314988057, 0.26373585572892755, 0.3625497708492204], "dspearmanr": [0.20261612069522983, 0.21409573578332647, 0.3153667371986495, 0.21335264360572748, 0.2939559033365734], "drmse": [0.013099119067192078, 0.013799041509628296, 0.01252760924398899, 0.013084051199257374, 0.012059669010341167], "cpearsonr": [0.7394474869867897, 0.7558523248796185, 0.7525670164197742, 0.7376109011562206, 0.745507167216713], "cspearmanr": [0.6942348501469309, 0.7047672346701244, 0.7079367236805548, 0.701090240882677, 0.6952867734781203], "crmse": [0.013505923561751842, 0.013825888745486736, 0.01253439113497734, 0.013144715689122677, 0.012156005948781967]}