{"dpearsonr": [NaN, NaN, NaN, NaN, NaN], "drmse": [0.08301659673452377, 0.08264344185590744, 0.08271533995866776, 0.0818421021103859, 0.08245424926280975], "cpearsonr": [0.7393965689462775, 0.7396556353888842, 0.7401769940526612, 0.740369098537658, 0.7395330765717147], "crmse": [0.08366572111845016, 0.08328667283058167, 0.08333180099725723, 0.08246053010225296, 0.08310731500387192]}