{"dpearsonr": [NaN, NaN, NaN, NaN, NaN], "drmse": [0.08453796058893204, 0.09261216223239899, 0.09573603421449661, 0.09395784139633179, 0.08675403147935867], "cpearsonr": [0.7295313362680064, 0.7128260547388976, 0.7276213190334154, 0.7266527915839549, 0.7436679760290972], "crmse": [0.08473062515258789, 0.0923948734998703, 0.09603315591812134, 0.09446381032466888, 0.08648776262998581]}