{"dpearsonr": [NaN, NaN, NaN, NaN, NaN], "drmse": [0.08527715504169464, 0.08521559089422226, 0.09108546376228333, 0.0922146663069725, 0.09549766778945923], "cpearsonr": [0.7430745060202663, 0.7294923783227983, 0.716173825520298, 0.720816194588827, 0.730313347103222], "crmse": [0.08557188510894775, 0.08534558862447739, 0.09071259200572968, 0.09234005212783813, 0.09580299258232117]}