{"dpearsonr": [NaN, NaN, NaN, NaN, NaN], "drmse": [0.08654161542654037, 0.0862719714641571, 0.08990323543548584, 0.09319742023944855, 0.09472285211086273], "cpearsonr": [0.7362971405545107, 0.7270569156814316, 0.7084167136098285, 0.7077713204270702, 0.7160551309364688], "crmse": [0.08682160079479218, 0.0863761380314827, 0.08953630179166794, 0.0933208242058754, 0.09502043575048447]}