{"dpearsonr": [NaN, NaN, NaN, NaN, NaN], "drmse": [0.08832302689552307, 0.08539940416812897, 0.09149619936943054, 0.09466200321912766, 0.09761135280132294], "cpearsonr": [0.7432616432791131, 0.7294887487494234, 0.7164542557706195, 0.7214103595379424, 0.7308614339547268], "crmse": [0.08861780166625977, 0.08553577959537506, 0.09112533181905746, 0.0947907567024231, 0.09791944921016693]}