{"dpearsonr": [0.34454112377384344, 0.3430220759940633, 0.39277419403941605, 0.36763778980658274, 0.34443457281243667], "dspearmanr": [0.3048946800059557, 0.3178335900694326, 0.3972373047419921, 0.3537313689618849, 0.3411184117144884], "drmse": [0.01183843519538641, 0.013939667493104935, 0.012329497374594212, 0.012386559508740902, 0.013377580791711807], "cpearsonr": [0.7736739801524295, 0.76995023581599, 0.7710265639534906, 0.7562645352099041, 0.7605612624455422], "cspearmanr": [0.7302560420771633, 0.7256862557011236, 0.7322805712524482, 0.7214982418216676, 0.7200147935422382], "crmse": [0.01231527328491211, 0.0138719966635108, 0.012311837635934353, 0.012446217238903046, 0.013385516591370106]}