{"dpearsonr": [0.06542898082396062, 0.06624598194655454, 0.07051887527578005, 0.07926061444114108, 0.0749080084071478], "dspearmanr": [0.07130352697375131, 0.0751130467393407, 0.07112605485947612, 0.09075694485205925, 0.07298282461942258], "drmse": [0.018689576536417007, 0.019542928785085678, 0.018234428018331528, 0.019478678703308105, 0.020824413746595383], "cpearsonr": [0.7270379286592152, 0.7177912224523052, 0.7221010335651055, 0.7146068235076685, 0.7075573565004756], "cspearmanr": [0.6895750247388145, 0.6860684433612874, 0.6856517251657944, 0.6837818021474776, 0.6767864998858133], "crmse": [0.01888752356171608, 0.019755763933062553, 0.018349483609199524, 0.019717957824468613, 0.020882774144411087]}