{"dpearsonr": [0.3730691401941961, 0.3853380666576993, 0.4241405976037363, 0.3613107120198736, 0.37025018925213143], "dspearmanr": [0.3280573374799752, 0.34240457773193095, 0.4248776208143143, 0.36731870603993916, 0.3467420789335849], "drmse": [0.011377914808690548, 0.013154844753444195, 0.0117643466219306, 0.012168404646217823, 0.012546886689960957], "cpearsonr": [0.7790217966002989, 0.7756270114766532, 0.7794453391962008, 0.7568170974930621, 0.7640788757658816], "cspearmanr": [0.7358688757596241, 0.7295596207660765, 0.7386453377861633, 0.7214631850217706, 0.7218393394197958], "crmse": [0.011804665438830853, 0.013112517073750496, 0.011723363772034645, 0.012220759876072407, 0.012582660652697086]}