{"dpearsonr": [0.06019840651534242, 0.07473666315977517, 0.06915397361275105, 0.07513132337354808, 0.07486455059368312], "dspearmanr": [0.05944281528074351, 0.07460630854247327, 0.07192855867025742, 0.0724565165286218, 0.07174690765545809], "drmse": [0.020100899040699005, 0.021407142281532288, 0.018997959792613983, 0.02093231864273548, 0.020632753148674965], "cpearsonr": [0.7075212419437639, 0.6994236759120965, 0.7075460411878389, 0.700614993231, 0.6972290467569918], "cspearmanr": [0.6771482471735751, 0.6692675701787413, 0.6718405690172398, 0.6717062575604679, 0.6702894066872607], "crmse": [0.02035130187869072, 0.02162671647965908, 0.01905212551355362, 0.02126763015985489, 0.020838843658566475]}