{"dpearsonr": [0.06654420378504515, 0.08386480147272497, 0.09132223016910956, 0.09320106213219465, 0.0850446781512138], "dspearmanr": [0.06952402794698613, 0.08368430960296949, 0.091073799054788, 0.09142367543525383, 0.07650596985400354], "drmse": [0.019384808838367462, 0.01951167732477188, 0.017633158713579178, 0.019823594018816948, 0.020263956859707832], "cpearsonr": [0.702190658470852, 0.7039580980470131, 0.7186993470199036, 0.6968086258441201, 0.6913666444927351], "cspearmanr": [0.6702633405796997, 0.674129953137943, 0.6799694224260612, 0.666758194993022, 0.6608940899816719], "crmse": [0.019478410482406616, 0.019687600433826447, 0.017689934000372887, 0.020072171464562416, 0.02042500302195549]}