{"dpearsonr": [0.06637453521677193, 0.06532979526152936, 0.08111794098777103, 0.06787963267321297, 0.08165293090407497], "dspearmanr": [0.06431807056781677, 0.0603211021383576, 0.07378865713950328, 0.06424967873048817, 0.06806439602146787], "drmse": [0.01904219388961792, 0.01962723210453987, 0.018852069973945618, 0.0187922902405262, 0.01969086565077305], "cpearsonr": [0.7153642184491008, 0.7010820317608703, 0.707768358721542, 0.7138223475250768, 0.6993641362507811], "cspearmanr": [0.6810541504368889, 0.6736915061129093, 0.6741309919518818, 0.6835782540711668, 0.674397462630852], "crmse": [0.01903780736029148, 0.019710293039679527, 0.018862171098589897, 0.018891585990786552, 0.01974429003894329]}