{"dpearsonr": [0.0779691356497827, 0.05741295269701838, 0.06638766589589545, 0.08000025693748374, 0.07567583906370287], "dspearmanr": [0.07689312524812687, 0.05973741484494186, 0.07016658662667184, 0.07814354568892508, 0.07263092187488344], "drmse": [0.018966199830174446, 0.020213626325130463, 0.018736017867922783, 0.020325133576989174, 0.01992790400981903], "cpearsonr": [0.7217436132211369, 0.7063706038723432, 0.7140879359752655, 0.7165684507920097, 0.7057940210990374], "cspearmanr": [0.6848485122708389, 0.6763990369739511, 0.6772595593291444, 0.6851702849509251, 0.6755236078927852], "crmse": [0.01911030150949955, 0.020527221262454987, 0.018706712871789932, 0.020592568442225456, 0.02012159489095211]}