{"dpearsonr": [0.3888026065167839, 0.3697368458605281, 0.44130750542705127, 0.4143962877681781, 0.39892841725904166], "dspearmanr": [0.3408951255757937, 0.3382405361474667, 0.4200883102959415, 0.3826137372093507, 0.35033689157977105], "drmse": [0.011263071559369564, 0.013030572794377804, 0.011180362664163113, 0.01157228834927082, 0.011927981860935688], "cpearsonr": [0.7831623843791423, 0.7773860659851005, 0.7820210522399185, 0.7633429812440363, 0.766362942576613], "cspearmanr": [0.7401207405355426, 0.7359429519779838, 0.7399900308959841, 0.7279973959231948, 0.7213762993842993], "crmse": [0.011696523055434227, 0.013005521148443222, 0.01117743644863367, 0.011658004485070705, 0.011965340934693813]}