{"dpearsonr": [0.05580456174569281, 0.06735126495151958, 0.07000019456221301, 0.06432885810559441, 0.07893259884865664], "dspearmanr": [0.05382841811112694, 0.06565406830732809, 0.06596345401984531, 0.06373573163809512, 0.06438309167287443], "drmse": [0.019462263211607933, 0.019912995398044586, 0.01831826940178871, 0.01978698931634426, 0.02021128498017788], "cpearsonr": [0.7104948377149809, 0.7008976194564718, 0.713776696139576, 0.7070208019197902, 0.6973368115277748], "cspearmanr": [0.6767282104260524, 0.6711176784302281, 0.6783524181151812, 0.6772803458783726, 0.6706733770138034], "crmse": [0.019508831202983856, 0.019969690591096878, 0.01828796975314617, 0.019886482506990433, 0.02027018927037716]}