{"dpearsonr": [0.3740340661633969, 0.36845043616348205, 0.4265937265949388, 0.36824476802129247, 0.37719464742915987], "dspearmanr": [0.33706934807073213, 0.3402707818327961, 0.42895977645164196, 0.3730873621639428, 0.3493366125324415], "drmse": [0.011415920220315456, 0.013360514305531979, 0.011657115072011948, 0.012476731091737747, 0.012495399452745914], "cpearsonr": [0.779077599294556, 0.7748139317724538, 0.7814995274080282, 0.7554027531535545, 0.7676354750125353], "cspearmanr": [0.7371155241227444, 0.7318578368679884, 0.7400084222289349, 0.7219077979555192, 0.7236169779217434], "crmse": [0.011870532296597958, 0.0133167440071702, 0.011610991321504116, 0.012532423250377178, 0.012530517764389515]}