{"dpearsonr": [0.38164888050051765, 0.3772560073615221, 0.42612607427431504, 0.3954458456027757, 0.3802128343967945], "dspearmanr": [0.34171384709339053, 0.3438536194777435, 0.41871916411525745, 0.39141380331761666, 0.34205236374401937], "drmse": [0.011335472576320171, 0.013086920604109764, 0.011524247005581856, 0.012166207656264305, 0.012251509353518486], "cpearsonr": [0.7809560346655559, 0.7755992142875097, 0.7797925482760587, 0.7590530016820426, 0.7674312830046718], "cspearmanr": [0.7372148557993411, 0.7327940433603558, 0.7375900192137671, 0.7251246086280958, 0.7230556454498547], "crmse": [0.01176998857408762, 0.013070737943053246, 0.011497372761368752, 0.012221087701618671, 0.012282275594770908]}