{"dpearsonr": [0.05859233376525963, 0.07823155130957245, 0.0747331794948239, 0.06862016298354848, 0.06402156716573904], "dspearmanr": [0.06240179651313681, 0.07720786203488703, 0.07598967051052254, 0.07181263594784287, 0.06746505988745788], "drmse": [0.020736336708068848, 0.01918771304190159, 0.018171682953834534, 0.019427189603447914, 0.020967846736311913], "cpearsonr": [0.7094603767135176, 0.7104522874032827, 0.7162657666511272, 0.7130665064386051, 0.696126951575948], "cspearmanr": [0.6779241503438234, 0.6799587573349367, 0.681981899115043, 0.6829353240413568, 0.6684456515069681], "crmse": [0.02086295560002327, 0.019365955144166946, 0.018200069665908813, 0.019606484100222588, 0.021153384819626808]}