{"dpearsonr": [0.06554132864020965, 0.07292470385699139, 0.08173933233279258, 0.07798147269543969, 0.06656882784775899], "dspearmanr": [0.06732901567869404, 0.0701776567215538, 0.07854679433882784, 0.07159278210727407, 0.054357447545485924], "drmse": [0.018633466213941574, 0.0191477183252573, 0.01834286004304886, 0.019312957301735878, 0.020198307931423187], "cpearsonr": [0.7195340881520279, 0.7096248019386845, 0.7127213855944483, 0.7067159473290375, 0.6999699796425417], "cspearmanr": [0.685196743071602, 0.6798525548572673, 0.676575706551206, 0.6778719666484286, 0.671176406726529], "crmse": [0.018629997968673706, 0.019268158823251724, 0.018269093707203865, 0.019318396225571632, 0.02032187022268772]}