{"dpearsonr": [0.37180629986371294, 0.3724383124219279, 0.39411746123694374, 0.3560464286792442, 0.3525880357728714], "dspearmanr": [0.33368291345106416, 0.3373787351326577, 0.39531900633427236, 0.36894678419073346, 0.32265717858365794], "drmse": [0.011489234864711761, 0.013636915944516659, 0.012302321381866932, 0.01282105129212141, 0.012657838873565197], "cpearsonr": [0.7781500683740664, 0.7697541271396269, 0.7715972774573452, 0.7533042340023872, 0.7646607815128615], "cspearmanr": [0.7370555940544247, 0.728889834161566, 0.73067115674306, 0.7179893391587181, 0.7211746675868951], "crmse": [0.01197113562375307, 0.013567239046096802, 0.012280052527785301, 0.01287248358130455, 0.012693975120782852]}