{"dpearsonr": [0.0601266270547869, 0.07681232323025465, 0.07380645957992187, 0.07811333902327282, 0.07373197492382862], "dspearmanr": [0.05735489335554079, 0.07327279135641236, 0.07139565280485136, 0.072901854232543, 0.06329011902564038], "drmse": [0.019551998004317284, 0.02017945423722267, 0.018503066152334213, 0.01980525068938732, 0.020227447152137756], "cpearsonr": [0.7131077941177806, 0.6958286436232864, 0.7109743001884795, 0.6989030047666955, 0.6936917429046001], "cspearmanr": [0.6798702263645353, 0.6701039807093635, 0.677811301473834, 0.6723798861841762, 0.6687469080929244], "crmse": [0.019607070833444595, 0.02026033028960228, 0.018497610464692116, 0.019838184118270874, 0.020386233925819397]}