{"dpearsonr": [0.062343161732508104, 0.06358732991066882, 0.06359296299769765, 0.059073731118128366, 0.06750575292720778], "dspearmanr": [0.06957127334250073, 0.06385774722945822, 0.06658255658825345, 0.057074354053885716, 0.06187940308923784], "drmse": [0.020838476717472076, 0.020109880715608597, 0.018773015588521957, 0.019681887701153755, 0.020112229511141777], "cpearsonr": [0.7130063326848004, 0.718794497987365, 0.711924093947761, 0.7131195019014225, 0.7086332656647778], "cspearmanr": [0.6802612727936322, 0.6865185751480316, 0.675923420974523, 0.6802918646177124, 0.6803258303375673], "crmse": [0.021395254880189896, 0.02039886638522148, 0.018851201981306076, 0.01995905116200447, 0.020259743556380272]}