{"dpearsonr": [0.07159383758113487, 0.0743735435888783, 0.07361931818834319, 0.09120669000867965, 0.07377431072480463], "dspearmanr": [0.06568746463598203, 0.07473554843046414, 0.07239838590118068, 0.08507200462721723, 0.06106701500470907], "drmse": [0.02006198838353157, 0.02029767818748951, 0.01829812489449978, 0.020253663882613182, 0.020964913070201874], "cpearsonr": [0.7034049091560872, 0.6988956476810364, 0.7098134768704705, 0.695333332850366, 0.683009982708386], "cspearmanr": [0.673105417579015, 0.6729560968590019, 0.6744118079228063, 0.6699292672428311, 0.6573448716949772], "crmse": [0.02013365738093853, 0.020477548241615295, 0.018303805962204933, 0.020447470247745514, 0.021018199622631073]}