{"dpearsonr": [0.35505184801955936, 0.35483614986482803, 0.36212197587312456, 0.33081348328023913, 0.3243867387032444], "dspearmanr": [0.32131910999523156, 0.32512648875708117, 0.4025766191644707, 0.3428192764036008, 0.3114070390663373], "drmse": [0.011725026182830334, 0.014147724024951458, 0.012749617919325829, 0.01309788879007101, 0.013287602923810482], "cpearsonr": [0.7763056878917132, 0.7678327618533399, 0.7716793418126764, 0.7521898455045735, 0.7645417163468203], "cspearmanr": [0.7326648692358498, 0.7251593266476614, 0.7322814127854043, 0.7165581601129318, 0.7182911415902912], "crmse": [0.01216619461774826, 0.014081998728215694, 0.012681499123573303, 0.013111104257404804, 0.013305737636983395]}