{"dpearsonr": [0.37972727280714696, 0.392498176589735, 0.42783860530503953, 0.4156041731732556, 0.4179608166866108], "dspearmanr": [0.33653267232772366, 0.34583695102117634, 0.4206777199241336, 0.3971331558095593, 0.36560161673973207], "drmse": [0.011406478472054005, 0.012719620950520039, 0.011600561439990997, 0.011768038384616375, 0.011757664382457733], "cpearsonr": [0.7814323024626122, 0.7819980715377414, 0.7798775620398919, 0.7590837234870648, 0.7693010692380982], "cspearmanr": [0.7392391271874476, 0.7376548150208536, 0.7396219844436149, 0.7269684858069647, 0.7263455248237563], "crmse": [0.011830776929855347, 0.012716270983219147, 0.011566750705242157, 0.011843337677419186, 0.011819477193057537]}