{"dpearsonr": [0.3533736571389235, 0.36171872765355706, 0.389220726695788, 0.3652852885613275, 0.3102243299417218], "dspearmanr": [0.3230101545295764, 0.3247159567076045, 0.4137600876237471, 0.3681198324239128, 0.31817147346919383], "drmse": [0.012009675614535809, 0.013534000143408775, 0.012402870692312717, 0.012581834569573402, 0.01329086534678936], "cpearsonr": [0.7760791012622077, 0.7729386659284084, 0.7751599590895109, 0.7553046621096913, 0.7620539402010568], "cspearmanr": [0.7339426282015188, 0.7287893586645234, 0.7361831605721045, 0.7196364174779177, 0.7198715670625022], "crmse": [0.012505289167165756, 0.013496547006070614, 0.012335640378296375, 0.01263615395873785, 0.01331226248294115]}