{"dpearsonr": [0.06573198374325266, 0.08293115463167705, 0.08069921155080552, 0.08111484060094433, 0.08189546775892213], "dspearmanr": [0.0622241289752241, 0.0796269623672836, 0.07544396203093372, 0.07171170532238323, 0.07292145897768533], "drmse": [0.019620148465037346, 0.019652465358376503, 0.018196003511548042, 0.019970210269093513, 0.02126643992960453], "cpearsonr": [0.703893516264372, 0.7035818547913141, 0.7118263652689989, 0.6960238814821407, 0.6791310066139828], "cspearmanr": [0.671929139766971, 0.6754616307680449, 0.6743372638804883, 0.6689611772683833, 0.6571939069884158], "crmse": [0.019753705710172653, 0.019685048609972, 0.018200356513261795, 0.020158445462584496, 0.021397100761532784]}