{"dpearsonr": [0.0630730426391717, 0.06560865658960127, 0.04942819931792017, 0.06266682687367835, 0.07844270041626744], "dspearmanr": [0.06649578657449352, 0.06728682833837264, 0.05004893409992184, 0.07095668712377157, 0.07967704634927145], "drmse": [0.019935933873057365, 0.02030179277062416, 0.018276311457157135, 0.01976848766207695, 0.01859312690794468], "cpearsonr": [0.7247531305336037, 0.7108852068317614, 0.7212541167368471, 0.724796648431115, 0.7212704133080201], "cspearmanr": [0.6872784266478664, 0.6774555713801947, 0.6840843751212006, 0.6881308007790345, 0.6894330113119342], "crmse": [0.020355787128210068, 0.02028658241033554, 0.018349166959524155, 0.01994287222623825, 0.018688512966036797]}