{"dpearsonr": [0.35542692831517375, 0.36401344464811536, 0.4002716383265384, 0.3956779676619212, 0.36369680182694886], "dspearmanr": [0.3191296522417185, 0.33489423133547636, 0.4156798620631517, 0.38282127686978257, 0.345472522515664], "drmse": [0.011957533657550812, 0.013550695963203907, 0.01219575759023428, 0.012160508893430233, 0.012768933549523354], "cpearsonr": [0.7750083768211359, 0.7714596728597917, 0.7737851639532722, 0.7520895365631017, 0.763674842670949], "cspearmanr": [0.734202802295868, 0.727694291620589, 0.7328748395496639, 0.7207124203934012, 0.7223696443023693], "crmse": [0.012469325214624405, 0.01351865753531456, 0.012134069576859474, 0.01223756093531847, 0.012788541615009308]}