{"dpearsonr": [0.3539181571691517, 0.3375813659383857, 0.4070724827765164, 0.35908521737241317, 0.3456234018865508], "dspearmanr": [0.30483947552545965, 0.3176341008208487, 0.40862733443280835, 0.34280408657653494, 0.33675666626255646], "drmse": [0.011746260337531567, 0.014002078212797642, 0.012057100422680378, 0.012638687156140804, 0.01298944279551506], "cpearsonr": [0.7719327971750952, 0.766691436555839, 0.7734424165387519, 0.7500722328238469, 0.7662624247130116], "cspearmanr": [0.7291902712351859, 0.7221671686356388, 0.7334782124489361, 0.7152218885918016, 0.72207474110163], "crmse": [0.01211525034159422, 0.013948247767984867, 0.0120179308578372, 0.012679100036621094, 0.013048263266682625]}