{"dpearsonr": [0.3821705703790434, 0.38754241600887473, 0.4184015567664527, 0.37159701327376415, 0.38827013713849706], "dspearmanr": [0.3416929627314581, 0.35279471721311917, 0.4222824399781819, 0.36838618041109955, 0.350025955506031], "drmse": [0.011315636336803436, 0.01293671689927578, 0.011744323186576366, 0.01226930320262909, 0.012312943115830421], "cpearsonr": [0.781930567908119, 0.779211711253473, 0.778303756455154, 0.7606512282614664, 0.7646404184239476], "cspearmanr": [0.7383894607956769, 0.7354654147473672, 0.7373860429411349, 0.7250117269831156, 0.7221136641603269], "crmse": [0.011720706708729267, 0.012916004285216331, 0.011689257808029652, 0.012321875430643559, 0.012365013360977173]}