{"dpearsonr": [0.3682880472841289, 0.35442279597630066, 0.3825863208176733, 0.35236243921141414, 0.3766152547771032], "dspearmanr": [0.3390963795149019, 0.32715771458209836, 0.3963044363811041, 0.3723163702947934, 0.33771243340563173], "drmse": [0.011671312153339386, 0.013264025561511517, 0.012658397667109966, 0.012712961062788963, 0.012199727818369865], "cpearsonr": [0.7783167228919365, 0.7755521326302147, 0.77053096448096, 0.7538781955369305, 0.7653761710441392], "cspearmanr": [0.7359040671645203, 0.73192400472267, 0.7307047274484769, 0.7175483144427928, 0.7190188695013283], "crmse": [0.012135503813624382, 0.013276994228363037, 0.01259408425539732, 0.01273735798895359, 0.012257104739546776]}