{"dpearsonr": [0.3911528525654355, 0.3938992342493331, 0.4328396587774309, 0.3992789509771684, 0.4053750344745442], "dspearmanr": [0.34095455570712063, 0.34986896995954864, 0.4262174624616287, 0.3821271110705156, 0.35662762803723375], "drmse": [0.011304480955004692, 0.012791825458407402, 0.011509070172905922, 0.01190172228962183, 0.012004971504211426], "cpearsonr": [0.7809501978658143, 0.7757153526786026, 0.7795392805273003, 0.7622786573500903, 0.768459557107858], "cspearmanr": [0.7394437435022899, 0.7323501630141578, 0.7387909937800262, 0.7282771533226063, 0.7251580382790661], "crmse": [0.011738909408450127, 0.012788444757461548, 0.011519837193191051, 0.011957691051065922, 0.012072649784386158]}