{"dpearsonr": [0.0638162867063207, 0.07454814415616139, 0.07485625323802438, 0.06805219279077718, 0.07631828564079936], "dspearmanr": [0.061476839903370134, 0.07684317739200838, 0.07280721873707088, 0.0606391524475196, 0.07814744294337927], "drmse": [0.019140316173434258, 0.02079847641289234, 0.018085801973938942, 0.018876967951655388, 0.019391249865293503], "cpearsonr": [0.7306362117111693, 0.7201686443849757, 0.7259849531535999, 0.7235519392470339, 0.7180972083224977], "cspearmanr": [0.6920807487562883, 0.6876320568143647, 0.6895830950765393, 0.6899131295690293, 0.6857156466392905], "crmse": [0.01928439922630787, 0.02095651812851429, 0.018025659024715424, 0.019156228750944138, 0.019460434094071388]}