{"dpearsonr": [0.21632191982899332, 0.25484764742602056, 0.23031559726899778, 0.20315002548554686, 0.18149862409507805], "drmse": [0.01490831095725298, 0.015848079696297646, 0.014914819970726967, 0.013812585733830929, 0.012671307660639286], "cpearsonr": [0.7436837785617966, 0.730108806612136, 0.7165235232728473, 0.7212647969491265, 0.7304696770586955], "crmse": [0.015018056146800518, 0.016132568940520287, 0.014983858913183212, 0.013854396529495716, 0.012813445180654526]}