{"pearsonr": [0.09529069131337795, 0.1696867280430199, -0.05916230952806003, -0.12465441741070958, 0.032572696447537436], "spearmanr": [0.1439387433805639, 0.14871427889890748, -0.06346697883133354, -0.11685201443761585, -0.01481318895717491], "r2": [-4.871056043123791e+20, -8.250790457464666e+21, -4.5167065691744004e+21, -3.378624541761558e+18, -7.896465670345173e+18], "rmse": [4924222692.959188, 19267304489.788002, 14545730118.389307, 369315455.575916, 583453234.3882308]}