{"pearsonr": [0.0459614823545786, 0.16642967975395867, 0.02191400711350982, -0.06224499134226871, -0.03005469710254374], "spearmanr": [0.11981775678641284, 0.1431801917847431, 0.01648619646863721, -0.055911618378694766, 0.05387767047117355], "r2": [-1.0253829862748477e+23, -1.3824998676878995e+22, -4.022029562861548e+19, -1.8490068315009209e+22, -1.3517822595153264e+24], "rmse": [71444561597.6379, 24940533040.259926, 1372610181.5094607, 27321011532.36229, 241403213585.28275]}