{"pearsonr": [0.02315760877634736, 0.16164472414725795, 0.019057954030107203, 0.03068126395408992, 0.027504801953022896], "spearmanr": [0.09554410572014692, 0.1409665569390773, 0.014101063310896502, 0.04245439469320067, -0.07817286118427472], "r2": [-4.375965382633913e+20, -7.70040783545623e+16, -3.4380198394200592e+19, -420861299301799.9, -1.0545298956797418e+18], "rmse": [4667271456.599707, 58861326.561555274, 1269050124.4519482, 4121895.835837842, 213215672.2945842]}