{"pearsonr": [0.0126618341880412, 0.012661816989462234, -0.01266180523378997, -0.012662286837334091, -0.012662559125399615], "spearmanr": [0.09486043153926366, 0.09486043153926366, -0.09486043153926366, -0.09486043153926366, -0.09487635593260324], "r2": [-4.386617621457429e+21, -1.1562890727143023e+23, -1.3632643261064972e+23, -1.2721928826426403e+19, -7.31723141841407e+17], "rmse": [13995502292.265436, 71854969767.0221, 78021381397.75844, 753702717.3460286, 180757778.60668913]}