{"pearsonr": [-0.013694942257680393, 0.013694932531899927, -0.01369495773803765, -0.013694950920318446, 0.013694937080647918], "spearmanr": [-0.09962182514780196, 0.09962182514780196, -0.09962182514780196, -0.09962182514780196, 0.09967254728955029], "r2": [-3.000809328556212e+23, -1.4354099316932404e+22, -6.724149765689789e+22, -4.394018500632715e+23, -1.4591028575582893e+21], "rmse": [115755810691.61597, 25316961063.51164, 54795171328.833466, 140073035682.01965, 8071728661.437138]}