{"pearsonr": [0.12089342598724882, 0.17217337246268705, -0.0748083392092198, -0.13072328228641827, -0.03292188192386571], "spearmanr": [0.15919087829779113, 0.1514288440437002, -0.08466491074041559, -0.1146766169154229, 0.011218417715344845], "r2": [-4.012049745216831e+19, -3.309933491914371e+22, -1.5516139859307712e+21, -9.668475798355476e+19, -1.4889009586231683e+20], "rmse": [1413218378.474568, 38590714156.218925, 8525432683.496577, 1975634147.1899204, 2533509753.997004]}