{"pearsonr": [0.05961253004503013, 0.059614129806091085, 0.059612493817206035, 0.059610374066873764, -0.0596116774547995], "spearmanr": [0.12712089327589543, 0.1271315095381218, 0.12712089327589543, 0.12725949447718446, -0.12712089327589543], "r2": [-6.120792563441956e+20, -1.6613553875229686e+17, -1.6526213068472353e+20, -2167664438057163.8, -2.243033545232287e+17], "rmse": [5227901916.124678, 86130084.31191562, 2716503532.520886, 9838290.151645144, 100078660.65286578]}