{"pearsonr": [0.06307652866778189, 0.16782974107385457, 0.04068396544388171, -0.10961139752614438, 0.03183433462791175], "spearmanr": [0.10921234673918227, 0.14339487619865462, 0.03444054238610868, -0.09666374012291486, -0.024797580723831824], "r2": [-4.0628392427184954e+20, -3.747852237260806e+20, -1.5281108113979127e+20, -5.771003649238515e+21, -2.8582004392793516e+20], "rmse": [4497186946.249323, 4106429886.09346, 2675481861.2404814, 15263466969.703945, 3510233581.678915]}