{"pearsonr": [0.04900273388484508, 0.04900273026929296, 0.04900285670968107, -0.049002719558213906, 0.04900275408693497], "spearmanr": [0.1375867584540835, 0.1375867584540835, 0.13753662610468106, -0.1375867584540835, 0.1375867584540835], "r2": [-1.8409074140438257e+23, -3.928788617026653e+22, -2.4908365914953443e+20, -8.537563370083165e+22, -2.0946423655054963e+23], "rmse": [90664980747.8927, 41884461066.63517, 3335002922.315052, 61743404188.81614, 96711594104.18484]}