{"pearsonr": [0.03457104087265693, 0.16497621081186958, 0.01592932500571522, -0.015001350705617585, 0.027406107735752323], "spearmanr": [0.11966509231429796, 0.1427889890749487, 0.010755048287971905, -0.02320261437908497, -0.08258706467661692], "r2": [-3.2109091777720723e+17, -1.8120326822594839e+19, -3.18456985812125e+21, -2.6783394101310034e+21, -7.52202915347749e+18], "rmse": [126427087.3868974, 902934391.9032522, 12213776733.632208, 10398251624.744202, 569452077.9501868]}