{"pearsonr": [-0.05635220783560659, -0.05635224954644652, -0.056352254993032896, -0.05635198740914658, -0.056352527359651926], "spearmanr": [-0.134989902755038, -0.134989902755038, -0.134989902755038, -0.134989902755038, -0.134989902755038], "r2": [-8.359076795291094e+22, -7.467220672789373e+22, -4.0656100957939313e+21, -7.969241372015917e+19, -8.631378522990469e+18], "rmse": [61094590449.31871, 57743498540.44403, 13473687281.52462, 1886392628.8228874, 620817115.5081935]}