{"pearsonr": [0.0720219563392867, 0.0720251837705785, 0.07202369383829615, -0.072023820214979, -0.07202438077543816], "spearmanr": [0.12504187525655966, 0.12504187525655966, 0.12504187525655966, -0.12504187525655966, -0.12504187525655966], "r2": [-4.0174254120460704e+17, -3.5865342655267713e+19, -1.376757580643705e+22, -1.4318715210258874e+22, -1.8762894105599493e+18], "rmse": [133936057.62730336, 1265496919.9331877, 24794327793.3288, 25285737550.979355, 289449973.4157916]}