{"pearsonr": [-0.014263901266990313, 0.014263904439772325, -0.014263880689575324, 0.014263912413166812, -0.01426328643254559], "spearmanr": [-0.10123077866744677, 0.10123077866744677, -0.10123077866744677, 0.10123077866744677, -0.10123077866744677], "r2": [-4.941533106231905e+22, -2.842174082134692e+22, -4.706419679782293e+22, -9.73320645723085e+21, -7.597941429524255e+17], "rmse": [46973665940.96754, 35624513128.541855, 45842566743.01598, 20847384098.858154, 184192342.4203545]}