{"pearsonr": [-0.08707217263208629, 0.16937067405296238, -0.054530921797138567, 0.12191426067324392, 0.032450318461830295], "spearmanr": [-0.1356376127093173, 0.14672009923190688, -0.05870646766169155, 0.12043703053360649, -0.014998536728124087], "r2": [-6.438537778464777e+21, -2.3838047427511976e+21, -1.8224788828203828e+21, -2.5628306412553324e+21, -8.050727073474237e+18], "rmse": [17902749964.761555, 10356392981.493805, 9239656783.178366, 10171557783.855513, 589124694.9131535]}