{"pearsonr": [0.021191137885610552, 0.02119126106180954, 0.021190948719727962, -0.02119102940196317, -0.0211911302401539], "spearmanr": [0.12406281996234766, 0.12406281996234766, 0.12406281996234766, -0.12406281996234766, -0.12406281996234766], "r2": [-1.8303752182153987e+21, -2.614495338698962e+21, -2.3409133326325297e+21, -2.2862720225867263e+22, -2.9555689418482663e+19], "rmse": [9040525257.236366, 10804819998.49099, 10223892345.481134, 31951227771.36384, 1148799260.5747907]}