{"pearsonr": [-0.08994119332436322, 0.16962913738790494, -0.055974851149649174, -0.12284364008714946, -0.032503833984390725], "spearmanr": [-0.13865273603358616, 0.14713515576546918, -0.060974539069359096, -0.1182177348551361, 0.01510584333235782], "r2": [-3.700390454325768e+22, -1.1388410202821128e+21, -2.468101954405683e+21, -1.160787225944259e+23, -1.5565028151056683e+22], "rmse": [42919030001.18631, 7158214907.357881, 10752417889.083292, 68454787531.18713, 25903868762.542213]}