{"pearsonr": [-0.041581737694350855, -0.16587584601200528, -0.01960707848167693, -0.047531452713122785, 0.029328772669602547], "spearmanr": [-0.11990363055197746, -0.14301798578312103, -0.011813481611550096, -0.04943420154131304, -0.065257048092869], "r2": [-5.357794004784313e+22, -3.024479458039469e+22, -7.548857057344328e+20, -1.64463415813886e+19, -4.8394120928344924e+19], "rmse": [51643911479.358246, 36889137533.309875, 5946551544.402597, 814820918.2677522, 1444395007.3216722]}