{"pearsonr": [0.008976441586495975, 0.008976510304659001, -0.008976506530577973, -0.008976458053955725, 0.008976962184085984], "spearmanr": [0.07210152449525571, 0.07210152449525571, -0.07210152449525571, -0.07210152449525571, 0.07210152449525571], "r2": [-5.7225868356272914e+20, -7.389548338712886e+23, -7.2834794311985494e+22, -3.5768742916359835e+20, -1.3295162310690163e+19], "rmse": [5054984124.507505, 181648805974.7317, 57028644532.94608, 3996459708.794131, 770496059.7333206]}