{"dpearsonr": [0.2417301254167454, 0.2920357348942608, 0.2516917668974667, 0.27435774599451246, 0.310630723068335], "dspearmanr": [0.18228571452653547, 0.23800485100505842, 0.23627942540594854, 0.24176605468348544, 0.23675208716750823], "drmse": [0.013469379395246506, 0.014608383178710938, 0.01514239702373743, 0.012914617545902729, 0.013272342272102833], "cpearsonr": [0.7391416949849079, 0.7399794504822674, 0.7344078611742374, 0.737027958662757, 0.7258456413371617], "cspearmanr": [0.6939598874775089, 0.6880187803716584, 0.6890676755508327, 0.7000330644383855, 0.6757135858092259], "crmse": [0.013903041370213032, 0.014564746990799904, 0.015070130117237568, 0.012973974458873272, 0.013367616571485996]}