{"dpearsonr": [NaN, NaN, NaN, NaN, NaN], "dspearmanr": [NaN, NaN, NaN, NaN, NaN], "drmse": [0.01781054399907589, 0.015369705855846405, 0.013678204268217087, 0.013498155400156975, 0.014135632663965225], "cpearsonr": [0.7294576586725934, 0.7128136200459173, 0.7280460407824977, 0.7272637124113942, 0.7438305988588958], "cspearmanr": [0.6896049724706512, 0.6704764293528167, 0.6818694213263824, 0.672627642846903, 0.7042195653178795], "crmse": [0.018075011670589447, 0.015463920310139656, 0.013708719983696938, 0.013520288281142712, 0.014425919391214848]}