{"dpearsonr": [NaN, NaN, NaN, NaN, NaN], "drmse": [0.08784597367048264, 0.08665784448385239, 0.08955595642328262, 0.09457282721996307, 0.09610170871019363], "cpearsonr": [0.7378361609868838, 0.7258553683332598, 0.7075470863416272, 0.7132767509629866, 0.7224857951075433], "crmse": [0.08812940865755081, 0.086757130920887, 0.08918732404708862, 0.09469626843929291, 0.09640615433454514]}