{"dpearsonr": [NaN, NaN, NaN, NaN, NaN], "drmse": [0.08831043541431427, 0.08601802587509155, 0.08963720500469208, 0.09282787144184113, 0.09569334983825684], "cpearsonr": [0.7379180085227008, 0.7264834613547134, 0.7116498403400641, 0.7153423628804089, 0.7244195619954493], "crmse": [0.08859597891569138, 0.08612437546253204, 0.08927157521247864, 0.09295064210891724, 0.09599534422159195]}