{"dpearsonr": [NaN, NaN, NaN, NaN, NaN], "drmse": [0.08230088651180267, 0.09177058190107346, 0.09717865288257599, 0.09564979374408722, 0.0873594731092453], "cpearsonr": [0.7295712246982613, 0.7127064312902966, 0.727547288642355, 0.7266147265839031, 0.7436477566572176], "crmse": [0.08249850571155548, 0.09155253320932388, 0.09747478365898132, 0.09616135060787201, 0.08709102869033813]}