{"dpearsonr": [NaN, NaN, NaN, NaN, NaN], "drmse": [0.08077988028526306, 0.08185425400733948, 0.08402851223945618, 0.08338427543640137, 0.08302510529756546], "cpearsonr": [0.7394353411756106, 0.7396613292227922, 0.7401429847784724, 0.7403384341565695, 0.7396773869791602], "crmse": [0.08141782134771347, 0.08248928934335709, 0.08465225249528885, 0.08401603251695633, 0.08367723971605301]}