{"dpearsonr": [NaN, NaN, NaN, NaN, NaN], "drmse": [0.08336568623781204, 0.09347743541002274, 0.09692525118589401, 0.09368539601564407, 0.08878277987241745], "cpearsonr": [0.7295963488042795, 0.7126833211444726, 0.7274332225718594, 0.7267138875738484, 0.7436958533532336], "crmse": [0.08355946093797684, 0.09325305372476578, 0.09722355008125305, 0.0941881462931633, 0.08850689232349396]}