{"dpearsonr": [NaN, NaN, NaN, NaN, NaN], "drmse": [0.08184726536273956, 0.0834328830242157, 0.08380596339702606, 0.08159852027893066, 0.08438543230295181], "cpearsonr": [0.7393820101248799, 0.7396427403927432, 0.7401145264961195, 0.7404486086407095, 0.739747176382231], "crmse": [0.08249278366565704, 0.08407037705183029, 0.08443143963813782, 0.0822175070643425, 0.08504857867956161]}