{"dpearsonr": [0.4080493401842266, 0.3832704030075626, 0.437932555404596, 0.3949102700136622, 0.42323631778602044], "dspearmanr": [0.3535847596502088, 0.35234741895536525, 0.4170168338097294, 0.36454291562550384, 0.36338310971261045], "drmse": [0.011067219078540802, 0.012631511315703392, 0.011263926513493061, 0.011850984767079353, 0.01128534134477377], "cpearsonr": [0.7854092961022312, 0.7855779182559856, 0.7810209946990351, 0.7648265682582128, 0.7775600557839596], "cspearmanr": [0.7449619374468812, 0.7471260297414858, 0.7396049144754381, 0.7293781030028349, 0.7301745757582125], "crmse": [0.011419113725423813, 0.012627347372472286, 0.011226201429963112, 0.011949723586440086, 0.01137850247323513]}