{"dpearsonr": [0.07378925038794659, 0.09399516642662813, 0.07101068607391668, 0.06187927409389355, 0.06825769989438686], "dspearmanr": [0.06803503811479765, 0.10485283511894954, 0.08486524558023738, 0.06628747004475896, 0.08107336126376305], "drmse": [0.01537406351417303, 0.01659346930682659, 0.016144420951604843, 0.01594150811433792, 0.016543161123991013], "cpearsonr": [0.7293268722306804, 0.7337299200524552, 0.7251905651002829, 0.7156380922737763, 0.7178740508432805], "cspearmanr": [0.6917649415586613, 0.6872272344545729, 0.6849563890301315, 0.680917811111469, 0.6725717723627691], "crmse": [0.01590271294116974, 0.01670796051621437, 0.016010120511054993, 0.01590840145945549, 0.01660362258553505]}