{"dpearsonr": [0.04611868624829739, 0.06389099416503184, 0.0460244501631077, 0.05194256556689845, 0.052407387648271304], "dspearmanr": [0.0569133288442173, 0.0677318727726823, 0.050723499186825394, 0.055862853413226485, 0.05130163132128911], "drmse": [0.017074942588806152, 0.01735553704202175, 0.017490340396761894, 0.017330188304185867, 0.016971342265605927], "cpearsonr": [0.7426331788627742, 0.742547316943822, 0.7411242453325083, 0.7432295818314384, 0.7439476851463096], "cspearmanr": [0.7015341337778969, 0.7015713920632652, 0.6981084719654599, 0.7012860951784433, 0.7015587653956614], "crmse": [0.016944490373134613, 0.017220236361026764, 0.01732868142426014, 0.017176229506731033, 0.016846628859639168]}