{"dpearsonr": [0.08476428361500055, 0.10516928978410114, 0.08538196663449493, 0.06675105122480976, 0.07915284661740381], "dspearmanr": [0.07511587471276734, 0.10720647246194288, 0.0927016401844584, 0.07811665941070056, 0.0776422163521509], "drmse": [0.014849982224404812, 0.01687891222536564, 0.016064366325736046, 0.0164945088326931, 0.015119319781661034], "cpearsonr": [0.731147709842312, 0.7349802975785259, 0.7264536410056293, 0.7133876754831708, 0.7200659871021963], "cspearmanr": [0.6912329782498403, 0.6873000120257317, 0.6846581703068385, 0.6783094123578254, 0.6737837836423575], "crmse": [0.01539594680070877, 0.016872847452759743, 0.01596512831747532, 0.01645447500050068, 0.015212859958410263]}