{"dpearsonr": [0.05080450357378312, 0.0774989665539211, 0.04856620391286897, 0.05177091672994218, 0.051077695637243646], "dspearmanr": [0.05390298066125869, 0.0769967416490075, 0.0525876204117267, 0.06537244969738415, 0.05749404797682117], "drmse": [0.017213867977261543, 0.01730913482606411, 0.01737075112760067, 0.016988420858979225, 0.01752827875316143], "cpearsonr": [0.7425291985719341, 0.742781775272266, 0.7417996289356735, 0.7423144844796504, 0.7429672147338402], "cspearmanr": [0.7022138449470754, 0.7022391124357334, 0.6991822869945464, 0.7011261986264007, 0.7005654925113376], "crmse": [0.017118455842137337, 0.017170175909996033, 0.017193326726555824, 0.016846291720867157, 0.01733333058655262]}