{"dpearsonr": [0.39113667536739377, 0.4055118573470898, 0.41529060684837044, 0.3942390200022613, 0.41856092515907434], "dspearmanr": [0.34477036364956853, 0.3619443199798822, 0.3936051450676193, 0.37405739118586223, 0.3584968997746992], "drmse": [0.01122028473764658, 0.012393539771437645, 0.011388758197426796, 0.012240637093782425, 0.011342559941112995], "cpearsonr": [0.7834425616401537, 0.7835339127960883, 0.777581174130779, 0.7641817480964719, 0.7756216233999007], "cspearmanr": [0.7408665489863171, 0.7431561461606487, 0.7378599236580503, 0.7294726111463271, 0.7309357863132556], "crmse": [0.011528637260198593, 0.01237475872039795, 0.01142726931720972, 0.012392054311931133, 0.011422436684370041]}