{"dpearsonr": [0.42135870142071097, 0.41385170347395095, 0.4847047392936615, 0.4323644308777541, 0.43771046611658954], "dspearmanr": [0.37718169264708806, 0.3756265960536766, 0.4543109005524827, 0.40119653987314846, 0.37798718199484743], "drmse": [0.010849211364984512, 0.012379898689687252, 0.010607621632516384, 0.011347995139658451, 0.011083587072789669], "cpearsonr": [0.7874819863110797, 0.789524480786531, 0.7875775478727339, 0.7666707373659454, 0.7802160860918526], "cspearmanr": [0.7488273771436007, 0.7480590519613756, 0.745132858353931, 0.7303953228970989, 0.7349327582124463], "crmse": [0.011277442798018456, 0.012379433028399944, 0.010583249852061272, 0.01146868895739317, 0.011202473193407059]}