{"dpearsonr": [NaN, NaN, NaN, NaN, NaN], "drmse": [0.08625569194555283, 0.08445589244365692, 0.09146362543106079, 0.0939268097281456, 0.09492497891187668], "cpearsonr": [0.743144262826272, 0.7294574586509881, 0.7159238872004811, 0.7206618593463335, 0.7302996566530628], "crmse": [0.0865481048822403, 0.08458589762449265, 0.09108620882034302, 0.09405464679002762, 0.0952262133359909]}