{"dpearsonr": [0.3978514603729611, 0.406677928443535, 0.4371468291804302, 0.41107406497491733, 0.4203985056929376], "dspearmanr": [0.3479917413399968, 0.37073484039539845, 0.4149523894902653, 0.37752175473056926, 0.3783236169306146], "drmse": [0.011214637197554111, 0.01259935274720192, 0.011514625512063503, 0.01179896853864193, 0.011251630261540413], "cpearsonr": [0.7869172871556486, 0.7868903125333737, 0.7864696501710613, 0.7683309973228618, 0.7770378361938457], "cspearmanr": [0.7465416859434764, 0.7457881002027593, 0.7460692377569337, 0.7318841476273691, 0.7329414495814115], "crmse": [0.01158100925385952, 0.012598364613950253, 0.011498473584651947, 0.011933631263673306, 0.01134653203189373]}