{"dpearsonr": [0.0790195865511694, 0.06744749832960822, 0.075023564049742, 0.08277726692411645, 0.08966364410280903], "dspearmanr": [0.06811839228162281, 0.06754653196814238, 0.06562962708261662, 0.08108344533921052, 0.09393499055751013], "drmse": [0.017674904316663742, 0.017726320773363113, 0.01666264981031418, 0.016945570707321167, 0.017088111490011215], "cpearsonr": [0.7237134150219817, 0.728433765481753, 0.7374342129333478, 0.7316361754878907, 0.7300111308738244], "cspearmanr": [0.6833717802242724, 0.6909957527263832, 0.695805694866172, 0.689931052464206, 0.6915367706764767], "crmse": [0.0177077017724514, 0.017623376101255417, 0.01655743271112442, 0.01689344272017479, 0.01696234568953514]}