{"dpearsonr": [0.08644825120025885, 0.0893156254409452, 0.14290767794196904, 0.09634636712647025, 0.09170651909218468], "dspearmanr": [0.09337963625604431, 0.11106306288421079, 0.13644346327684148, 0.12697115542918633, 0.09921813125906237], "drmse": [0.11414109170436859, 0.09727995097637177, 0.11560516059398651, 0.14388112723827362, 0.1112876906991005], "cpearsonr": [NaN, NaN, NaN, NaN, NaN], "cspearmanr": [NaN, NaN, NaN, NaN, NaN], "crmse": [0.11428774148225784, 0.09781982004642487, 0.11601801961660385, 0.14449332654476166, 0.1114959716796875]}