{"dpearsonr": [0.09590275363606147, 0.08967504304199543, 0.11324408892836133, 0.08846549307578284, 0.1059074721841091], "dspearmanr": [0.0833149264340079, 0.08149398822828247, 0.10239679427894549, 0.07234043883544913, 0.09337895816692364], "drmse": [0.016432126984000206, 0.01661478355526924, 0.0164418313652277, 0.016538141295313835, 0.016382383182644844], "cpearsonr": [0.7401258955506298, 0.7380484222329596, 0.7406626138916754, 0.740397580528256, 0.7397983867402812], "cspearmanr": [0.6976481657513682, 0.6973976092009776, 0.6972326349892933, 0.6984876132806911, 0.697974986342363], "crmse": [0.01632380671799183, 0.01658821478486061, 0.016343455761671066, 0.016455357894301414, 0.016321808099746704]}