{"dpearsonr": [0.1965565247145443, 0.14583245855427593, 0.16903920265428257, 0.17662840155284262, 0.1351470072997598], "drmse": [0.0870562419295311, 0.09816111624240875, 0.10105305165052414, 0.10065584629774094, 0.09237974137067795], "cpearsonr": [0.7581206585326359, 0.7269424759665839, 0.7471962728039446, 0.7476916672019196, 0.7598900828810966], "crmse": [0.08729434758424759, 0.09786688536405563, 0.10150685161352158, 0.101254902780056, 0.09201960265636444]}