{"dpearsonr": [0.035908510156019945, 0.040588594214986236, 0.03884157003284618, 0.03626572544267922, 0.031617817637292545], "drmse": [0.08843819051980972, 0.08898331969976425, 0.08946570754051208, 0.08929422497749329, 0.08892906457185745], "cpearsonr": [0.7303769477234306, 0.7315786906769784, 0.731778752050033, 0.7252243026872589, 0.7324789975767118], "crmse": [0.0890471413731575, 0.089615598320961, 0.09007933735847473, 0.08990249037742615, 0.08958416432142258]}