{"dpearsonr": [0.03480558021112515, 0.03312085915854257, 0.03874352111747834, 0.03562490055887595, 0.026634947008940923], "drmse": [0.08911284804344177, 0.08796381205320358, 0.08828932046890259, 0.08947595208883286, 0.09010206907987595], "cpearsonr": [0.7292206319122829, 0.7205501916411745, 0.7289392628205671, 0.7213371973003123, 0.7237262557965299], "crmse": [0.08981037139892578, 0.08861421048641205, 0.08896038681268692, 0.09012127667665482, 0.09076216071844101]}