{"dpearsonr": [0.07520783710060627, 0.0677912605442986, 0.09651730004022342, 0.06985581985923386, 0.09231107720717861], "dspearmanr": [0.07001493014702592, 0.05882630699253856, 0.08429380902079965, 0.06614409098322953, 0.08489597859270512], "drmse": [0.01657392457127571, 0.016898393630981445, 0.016511105000972748, 0.0169326551258564, 0.016684729605913162], "cpearsonr": [0.7399308572262654, 0.734153273352077, 0.7404351803492847, 0.735736357927437, 0.7364387070624507], "cspearmanr": [0.6968313964976969, 0.692971330763298, 0.6972400492548754, 0.6943881756012298, 0.695038719823047], "crmse": [0.016472266986966133, 0.01680249348282814, 0.01638377644121647, 0.01683966815471649, 0.016587069258093834]}