{"dpearsonr": [0.11136438013047065, 0.11082767780323843, 0.12447953192248709, 0.09594271664586758, 0.10683815884698226], "dspearmanr": [0.0980993878719339, 0.10635104283132706, 0.11461131782323869, 0.09691822108154738, 0.10069147786863013], "drmse": [0.01633181981742382, 0.016338318586349487, 0.016142424196004868, 0.01635279878973961, 0.016381455585360527], "cpearsonr": [0.7393639420127704, 0.740729739812411, 0.7438160761687675, 0.741334927962887, 0.7404743396336486], "cspearmanr": [0.6965672512802288, 0.6990523843176653, 0.7006681220383062, 0.6989066796279935, 0.6988957824468973], "crmse": [0.016276990994811058, 0.01627657748758793, 0.01606914773583412, 0.01626460812985897, 0.01633722521364689]}