{"dpearsonr": [0.3807293800239872, 0.35736737796885404, 0.39181392595556686, 0.37313515622154586, 0.3613986132623585], "dspearmanr": [0.33400662268974346, 0.3314052142922469, 0.3875840275532527, 0.34388838697012386, 0.3201381884074081], "drmse": [0.01126957219094038, 0.013145359233021736, 0.011973888613283634, 0.012103422544896603, 0.011974843218922615], "cpearsonr": [0.7790045104549643, 0.7774800048181857, 0.7714430506562693, 0.7549737579313675, 0.7673503396054661], "cspearmanr": [0.7370134683032886, 0.733286643734513, 0.730426428249509, 0.7206802829949366, 0.7208861590432695], "crmse": [0.011787216179072857, 0.013127880170941353, 0.011973075568675995, 0.012151872739195824, 0.012031464837491512]}