{"dpearsonr": [0.1944956658246947, 0.19419186267139227, 0.2437292972486901], "dspearmanr": [0.18164239694100381, 0.17047442931672294, 0.23513540570306138], "drmse": [0.013269760645925999, 0.014773372560739517, 0.01398578379303217], "cpearsonr": [0.738647964028592, 0.74152952879787, 0.734121000606096], "cspearmanr": [0.6947316283643931, 0.6925536960110091, 0.6892355083346333], "crmse": [0.013784456066787243, 0.014790727756917477, 0.013919061981141567]}