{"dpearsonr": [0.07882729451096306, 0.06760739128477646, 0.07568097883790828, 0.10002011474869298, 0.08416760072254233], "dspearmanr": [0.07239120694060022, 0.058533463471138795, 0.07719215004516446, 0.09359727561464026, 0.08418008900504631], "drmse": [0.016894405707716942, 0.017445411533117294, 0.016912925988435745, 0.016583550721406937, 0.017158981412649155], "cpearsonr": [0.7327933758211566, 0.7247613332402181, 0.7377149181679976, 0.7369886152945916, 0.7278049815140618], "cspearmanr": [0.6917043645996335, 0.6855745876050526, 0.6964345008786469, 0.6955727464088525, 0.6900470197036405], "crmse": [0.016835596412420273, 0.017441866919398308, 0.01688445545732975, 0.016523217782378197, 0.01708737388253212]}