{"dpearsonr": [0.016253801612250478, 0.028050959360863714, 0.020791651963864212, 0.02244653678729908, 0.02271507487946617], "drmse": [0.08860846608877182, 0.08685431629419327, 0.08941440284252167, 0.08919955044984818, 0.09037536382675171], "cpearsonr": [0.7206722237124426, 0.7195779568348005, 0.7223640237828265, 0.7195553383101398, 0.7254465259593476], "crmse": [0.08918257802724838, 0.08737911283969879, 0.08996829390525818, 0.08976742625236511, 0.09095371514558792]}