{"dpearsonr": [0.33234197023074424, 0.3206145325866208, 0.3655358863795656, 0.3439429444671682, 0.3209358272351811], "dspearmanr": [0.2874381134653813, 0.2844757708707726, 0.35561836025713967, 0.317863511855449, 0.279470047700469], "drmse": [0.011806024238467216, 0.013408898375928402, 0.012255102396011353, 0.012402885593473911, 0.012502819299697876], "cpearsonr": [0.7695610077138512, 0.7702649190943188, 0.7663957339485712, 0.7492302727621434, 0.7577334950943857], "cspearmanr": [0.7259464123657414, 0.7234239386731448, 0.7240369173299342, 0.7133336924511028, 0.7110815344438836], "crmse": [0.012292943894863129, 0.01339398417621851, 0.012245927937328815, 0.012448632158339024, 0.012595263309776783]}