{"dpearsonr": [0.10612473431142268, 0.1053226967580583, 0.1128698079370523, 0.09116140773896955, 0.10579771027464697], "dspearmanr": [0.10363327361274434, 0.09940858830221612, 0.1121603429511241, 0.0895777440070365, 0.10446481557567944], "drmse": [0.016421962529420853, 0.01633811555802822, 0.016182631254196167, 0.01665881834924221, 0.016390366479754448], "cpearsonr": [0.7396964629038811, 0.7429582851207805, 0.7432457016928674, 0.7361285323607084, 0.7384944035946936], "cspearmanr": [0.6968308720465608, 0.7007365129410461, 0.6995519089311936, 0.6959947291667804, 0.696682772624051], "crmse": [0.016369124874472618, 0.01628604158759117, 0.01611766591668129, 0.01654824987053871, 0.016314348205924034]}