{"dpearsonr": [0.3422856762876933, 0.3270112669592825, 0.36682260283503204, 0.3426049151758762, 0.3426136640683233], "dspearmanr": [0.308132409699658, 0.32269422459070884, 0.3569158830908525, 0.3232379542095557, 0.31688780136333733], "drmse": [0.011793190613389015, 0.013461393304169178, 0.01230698637664318, 0.012355863116681576, 0.012391765601933002], "cpearsonr": [0.7720347365260859, 0.7727797810720044, 0.7629895770809244, 0.753523172570854, 0.7616465331214383], "cspearmanr": [0.7287346831651589, 0.727157950178182, 0.7230039247924342, 0.7181510126586589, 0.715875477362489], "crmse": [0.012281308881938457, 0.01342164445668459, 0.012285290285944939, 0.012385654263198376, 0.012454965151846409]}