{"dpearsonr": [0.3633248592945072, 0.333401697767813, 0.3325423090267541, 0.3516217825845924, 0.36156958413354257], "dspearmanr": [0.32240032011624026, 0.31852823082450776, 0.3866182450142406, 0.34139840503663504, 0.3284423303772944], "drmse": [0.011494029313325882, 0.013629990629851818, 0.013204820454120636, 0.012337589636445045, 0.012389701791107655], "cpearsonr": [0.7736083185307315, 0.7718954077442662, 0.7597210043964208, 0.7535176381499318, 0.764142056496663], "cspearmanr": [0.7304837558359805, 0.7277701525823569, 0.7195295693471158, 0.7186479773442467, 0.7201492877911678], "crmse": [0.011928245425224304, 0.01356228906661272, 0.013103310950100422, 0.012379123829305172, 0.012435213662683964]}