{"dpearsonr": [0.09962754565899559, 0.1052880534698979, 0.1067898271120794, 0.10786647243824288, 0.11932608691701464], "dspearmanr": [0.09284816255746507, 0.09580001184405865, 0.09643815568005634, 0.09637715635502184, 0.10290345590723632], "drmse": [0.01623145304620266, 0.01648138277232647, 0.016157731413841248, 0.016203759238123894, 0.016186488792300224], "cpearsonr": [0.7425246422624897, 0.7396881384966759, 0.7453419435633378, 0.7409064102046774, 0.7424952190135903], "cspearmanr": [0.6982632152159208, 0.6987312932424857, 0.7020848782907702, 0.6984380378496113, 0.7003018924445529], "crmse": [0.0161809790879488, 0.016412189230322838, 0.01608295552432537, 0.016139429062604904, 0.016101544722914696]}