{"dpearsonr": [0.00766100952842656, 0.012270241173105914, 0.009423065585954576, 0.011575395975426258, 0.014743217963843475], "drmse": [0.08806672692298889, 0.09042424708604813, 0.09150435030460358, 0.09127870202064514, 0.09322643280029297], "cpearsonr": [0.719857469016769, 0.7233383878825399, 0.7239591733016127, 0.7232203545612299, 0.7252184875657428], "crmse": [0.08873744308948517, 0.09106798470020294, 0.09216782450675964, 0.09194377064704895, 0.09390140324831009]}