{"dpearsonr": [0.059742743070807826, 0.04985846438530121, 0.07289706167318384, 0.07375561667987279, 0.06855404370376325], "dspearmanr": [0.07349672074349466, 0.05030586593371886, 0.0660109563400769, 0.07638079917308745, 0.07767983910390745], "drmse": [0.017881983891129494, 0.018843602389097214, 0.018278567120432854, 0.017385313287377357, 0.019277412444353104], "cpearsonr": [0.7219107648894485, 0.7169419398407739, 0.7210572434472134, 0.7294146290492413, 0.7100356259769822], "cspearmanr": [0.6868406532425323, 0.684174921315308, 0.6814863744043471, 0.6884969143253789, 0.6759365713122828], "crmse": [0.017864691093564034, 0.018789904192090034, 0.018100399523973465, 0.017359521239995956, 0.01925285905599594]}