{"dpearsonr": [0.0792736570155885, 0.06355583637914222, 0.0760708104057547, 0.06132693291824896, 0.08203034668579108], "dspearmanr": [0.07618609760948905, 0.06299414253469063, 0.06796620728937229, 0.0625080004742272, 0.07180179776753069], "drmse": [0.017155658453702927, 0.018333055078983307, 0.016963282600045204, 0.017767872661352158, 0.017663950100541115], "cpearsonr": [0.7343586207433589, 0.7192113173101966, 0.7381312097140587, 0.7234399416235836, 0.7295444950261346], "cspearmanr": [0.6945932904268673, 0.6812398590979808, 0.6960648921424686, 0.6844997736157579, 0.6907525936516231], "crmse": [0.017062915489077568, 0.01820448786020279, 0.016908880323171616, 0.017657913267612457, 0.017582707107067108]}