{"dpearsonr": [0.06313752023330023, 0.0566686759308402, 0.07650752886987298, 0.08213976124350823, 0.056630911097382414], "dspearmanr": [0.05936560312609992, 0.06959172311656771, 0.0689400458430164, 0.07738361511118337, 0.05931075523222327], "drmse": [0.017957285046577454, 0.018068118020892143, 0.01709562912583351, 0.01723935827612877, 0.019660457968711853], "cpearsonr": [0.7272661683340469, 0.7226393668476655, 0.7335530037821105, 0.7309725386714871, 0.7098601359817159], "cspearmanr": [0.6885522777488234, 0.6893204247450325, 0.6933062519501056, 0.692191278462308, 0.6769522320387044], "crmse": [0.01788972318172455, 0.017916396260261536, 0.01709953509271145, 0.017148779705166817, 0.019678937271237373]}