{"dpearsonr": [0.06646921320566183, 0.0812164686662102, 0.09598835188759494, 0.05770352189771246, 0.0931970287370568], "dspearmanr": [0.06746814641819046, 0.08347424125918676, 0.09358892197206437, 0.05912211199037656, 0.09543565446936395], "drmse": [0.01701599359512329, 0.016731761395931244, 0.0165557861328125, 0.01828627847135067, 0.016842486336827278], "cpearsonr": [0.7331955245371138, 0.7344328212777974, 0.7365385248886133, 0.7226344737944663, 0.735779888351073], "cspearmanr": [0.6910769760854328, 0.6938929637051754, 0.6949695437697276, 0.6860262194222144, 0.6950066201073866], "crmse": [0.01694578491151333, 0.016634244471788406, 0.016436273232102394, 0.018101517111063004, 0.016779394820332527]}