{"dpearsonr": [0.3765103967523243, 0.3473870146135181, 0.3918671557815955, 0.3817843347655499, 0.36291584975975627], "dspearmanr": [0.3317339224415827, 0.3162016102368122, 0.3899312494860679, 0.36198453814198517, 0.3236643453867061], "drmse": [0.011296636424958706, 0.013205689378082752, 0.011951582506299019, 0.011984753422439098, 0.012083666399121284], "cpearsonr": [0.7802201724893869, 0.7753128757273874, 0.771527254421347, 0.7567116776319173, 0.7658482258212459], "cspearmanr": [0.7378775869935916, 0.7300366496268872, 0.7298583055531033, 0.7215769874234094, 0.7206477231374296], "crmse": [0.011816686950623989, 0.013210650533437729, 0.01194501668214798, 0.012030321173369884, 0.012140892446041107]}