{"dpearsonr": [0.3156016815833377, 0.3117629416395146, 0.3294150754412751, 0.29231492517100505, 0.2772911423954766], "dspearmanr": [0.2803880943850823, 0.30555181424156735, 0.3441018689538642, 0.28041600847881, 0.25104714335152334], "drmse": [0.011992894113063812, 0.013585735112428665, 0.012775181792676449, 0.012970651499927044, 0.01309871580451727], "cpearsonr": [0.7692446849151068, 0.7716191305614271, 0.758867242692432, 0.747673572190031, 0.7524509299341545], "cspearmanr": [0.7260651061218868, 0.726839693552419, 0.719525741412364, 0.7127663327702661, 0.7075201033416326], "crmse": [0.012479634955525398, 0.013552027754485607, 0.01280033215880394, 0.01299355924129486, 0.013168091885745525]}