{"dpearsonr": [0.09067699618266753, 0.10106235224087723, 0.09552428039446496, 0.09288487933265627, 0.09829294745516647], "dspearmanr": [0.09030192584888626, 0.09418660613525463, 0.08120266610819427, 0.09893139429080403, 0.09090925752024835], "drmse": [0.01655188575387001, 0.016597051173448563, 0.016350548714399338, 0.0165580902248621, 0.016479317098855972], "cpearsonr": [0.7392649096506168, 0.7408199493958793, 0.7412881474029315, 0.7363463161873128, 0.7383194755162847], "cspearmanr": [0.6968775458620868, 0.7017852858918102, 0.699549658578819, 0.6947078696931644, 0.696491255121843], "crmse": [0.016479605808854103, 0.016553234308958054, 0.016288522630929947, 0.016517089679837227, 0.016408449038863182]}