{"dpearsonr": [0.020423630500509795, 0.030103566605420632, 0.02691118332634038, 0.027610467888047083, 0.024123321402191887], "drmse": [0.08787903934717178, 0.08931311964988708, 0.09097235649824142, 0.08891873806715012, 0.09102373570203781], "cpearsonr": [0.7277176972987548, 0.7216285725671082, 0.7298457855808715, 0.7299462255429202, 0.7306889295326893], "crmse": [0.08857257664203644, 0.089989572763443, 0.09165677428245544, 0.08959027379751205, 0.09170739352703094]}