{"dpearsonr": [0.09639173222378308, 0.06616815488288925, 0.08396734689045257, 0.08623011857419616, 0.09183694776461009], "dspearmanr": [0.1081290056794076, 0.06600342812546665, 0.08587221451867173, 0.07835934875397793, 0.09462582274032019], "drmse": [0.017137721180915833, 0.01812518760561943, 0.01668860763311386, 0.01662139967083931, 0.01667485386133194], "cpearsonr": [0.7321626790061158, 0.7247267487008481, 0.740189821607012, 0.737550076269514, 0.7361759961010703], "cspearmanr": [0.6926477378878989, 0.689632205980238, 0.7000774425754039, 0.6945572519268555, 0.6931780377359639], "crmse": [0.0170904491096735, 0.018012627959251404, 0.01658657006919384, 0.016489816829562187, 0.016607316210865974]}