{"dpearsonr": [0.21723628173239237, 0.1657453047660201, 0.19233555816239864, 0.2158047171800167, 0.15952356288938727], "drmse": [0.08681373298168182, 0.09484078735113144, 0.10036277770996094, 0.09912128746509552, 0.09351736307144165], "cpearsonr": [0.7626843970004548, 0.7370318894961431, 0.7536977328284533, 0.7574148516995244, 0.7575854325162115], "crmse": [0.08713579177856445, 0.0945517048239708, 0.10077351331710815, 0.09968144446611404, 0.09309916198253632]}