{"dpearsonr": [0.43223519662391696, 0.465589490465419, 0.4595583844944139, 0.4374353886048955, 0.45771472532143637], "dspearmanr": [0.3892984032902545, 0.431570284602818, 0.44518674962871463, 0.40891994655002073, 0.4067916391298976], "drmse": [0.010375309735536575, 0.011059630662202835, 0.010785726830363274, 0.01094779185950756, 0.010477812960743904], "cpearsonr": [0.7924727596140524, 0.7909925285122131, 0.7778396656739346, 0.7703711445195953, 0.7791689930232149], "cspearmanr": [0.7450815770399379, 0.7421827904085264, 0.7384495523972819, 0.7301976959426809, 0.7268682465420871], "crmse": [0.01076043862849474, 0.011085301637649536, 0.010777791030704975, 0.011048265732824802, 0.01054881140589714]}