{"dpearsonr": [0.01972337831900779, 0.017055398394962375, 0.017202030696061535, 0.017422934123826648, 0.010944282012751636], "drmse": [0.08693934977054596, 0.08869094401597977, 0.0895371288061142, 0.08980312198400497, 0.08913825452327728], "cpearsonr": [0.727920298732034, 0.726906132316628, 0.7274977563280995, 0.728192971267879, 0.7321236849328147], "crmse": [0.08768883347511292, 0.0894181877374649, 0.0902559831738472, 0.09050808101892471, 0.08982880413532257]}