{"dpearsonr": [0.33028155362409145, 0.34199538725754536, 0.2895424753098023, 0.36556261934684986, 0.33149419284297077], "dspearmanr": [0.29307239248935985, 0.3171816926866648, 0.34281410069453644, 0.3613343348442226, 0.2992246356742652], "drmse": [0.01190241053700447, 0.013299703598022461, 0.013489784672856331, 0.012301241047680378, 0.012578192166984081], "cpearsonr": [0.7706435377977707, 0.7732657729010012, 0.7576596832882833, 0.7553751116400813, 0.7579506360967709], "cspearmanr": [0.7293021885984379, 0.7263383879391144, 0.7159720571309566, 0.7167234683276037, 0.7145583883946102], "crmse": [0.012339825741946697, 0.01330700982362032, 0.013470360077917576, 0.012334495782852173, 0.012640736997127533]}