{"dpearsonr": [0.1027254017471087, 0.09566019201232688, 0.09696235222026195, 0.08328290096551438, 0.10494367372687669], "dspearmanr": [0.09644448879680848, 0.0846482091322569, 0.08925225558076191, 0.07269170571429924, 0.09309206047454463], "drmse": [0.016268182545900345, 0.016586655750870705, 0.01646389067173004, 0.016497086733579636, 0.01639607921242714], "cpearsonr": [0.7426565376227119, 0.7391197244089882, 0.7402169504171788, 0.7416419035894851, 0.7406716993780588], "cspearmanr": [0.698665557479831, 0.6979256147756113, 0.6959015422868756, 0.6985215519217728, 0.697796889484735], "crmse": [0.016180209815502167, 0.01653730683028698, 0.016361501067876816, 0.016422415152192116, 0.01630670577287674]}