{"dpearsonr": [0.08223862951850232, 0.08577825941077427, 0.08311149222806487, 0.09574058031640859, 0.10100050368982272], "dspearmanr": [0.09068251202212053, 0.08685811878216727, 0.09334971318409885, 0.11236175763720609, 0.10917137074389102], "drmse": [0.12472395598888397, 0.1391139030456543, 0.1120334044098854, 0.11983416229486465, 0.10089299827814102], "cpearsonr": [NaN, NaN, NaN, NaN, NaN], "cspearmanr": [NaN, NaN, NaN, NaN, NaN], "crmse": [0.12486082315444946, 0.13975641131401062, 0.1123923659324646, 0.12041383981704712, 0.10132423043251038]}