{"dpearsonr": [0.10160650186151787, 0.09719453745239139, 0.10929025940579075, 0.10150697401474348, 0.12268795046320824], "dspearmanr": [0.09724033406055235, 0.09313324541080804, 0.09940690025901508, 0.09880425966048666, 0.11327315964578319], "drmse": [0.01647789031267166, 0.016622718423604965, 0.01615416817367077, 0.016327090561389923, 0.01622193679213524], "cpearsonr": [0.7398371770435952, 0.7394795890912048, 0.7446508445185256, 0.7425752085613275, 0.7402238657754724], "cspearmanr": [0.6977978602765431, 0.6982446358774907, 0.7024185911717653, 0.6995814467367586, 0.6978531138619897], "crmse": [0.016409244388341904, 0.016519317403435707, 0.016087109223008156, 0.016247062012553215, 0.016220662742853165]}