{"dpearsonr": [0.39365627129349956, 0.35340712307677563, 0.3982871399143543, 0.3727520356836003, 0.36059440781579827], "dspearmanr": [0.3395103993823389, 0.32023872089155603, 0.3854158070548073, 0.3412095929985818, 0.3188294960835191], "drmse": [0.011184481903910637, 0.013080296106636524, 0.011838299222290516, 0.012063278816640377, 0.012164500541985035], "cpearsonr": [0.778920148975797, 0.7764163199037435, 0.7712498854894458, 0.7559060674465045, 0.7627309724457227], "cspearmanr": [0.7368149611728422, 0.730921286140028, 0.7293965489658409, 0.7213771763767802, 0.7182782090582329], "crmse": [0.011650201864540577, 0.013093223795294762, 0.011828080751001835, 0.012101809494197369, 0.012242873199284077]}