{"dpearsonr": [0.1944956658246947, 0.19419186267139227], "dspearmanr": [0.18164239694100381, 0.17047442931672294], "drmse": [0.013269760645925999, 0.014773372560739517], "cpearsonr": [0.738647964028592, 0.74152952879787], "cspearmanr": [0.6947316283643931, 0.6925536960110091], "crmse": [0.013784456066787243, 0.014790727756917477]}