{"dpearsonr": [0.3218194314716979, 0.30459516229764644, 0.3161311246210369, 0.3242288904976182, 0.3088393049580243], "dspearmanr": [0.28874283319821403, 0.27179166202637983, 0.3004709021531839, 0.3089302087608126, 0.27757985350939113], "drmse": [0.012023678049445152, 0.013786723837256432, 0.012830634601414204, 0.012669453397393227, 0.012796644121408463], "cpearsonr": [0.7689318876810178, 0.7668774848850843, 0.7589576016938638, 0.7451582567515216, 0.7535077760414564], "cspearmanr": [0.7273693669380715, 0.7212724991699174, 0.7164377906824599, 0.7104484697340221, 0.7078227083730624], "crmse": [0.01251527015119791, 0.01377054862678051, 0.012825315818190575, 0.012698778882622719, 0.012877115979790688]}