{"dpearsonr": [0.11527346087470204, 0.1090245032043816, 0.11357749021974074, 0.11100824232149116, 0.10809149338723512], "dspearmanr": [0.10792150742868267, 0.10192032933930278, 0.10952890904304924, 0.10160162209958905, 0.10052198906824537], "drmse": [0.016236651688814163, 0.016376115381717682, 0.01631484366953373, 0.016207819804549217, 0.01643521338701248], "cpearsonr": [0.7428342658754725, 0.7417282769832808, 0.7412706781098972, 0.7432301578564059, 0.7393341625334308], "cspearmanr": [0.6993869486268357, 0.6996825970857066, 0.6979881668449227, 0.6991822297477515, 0.69641226103345], "crmse": [0.016176017001271248, 0.01629638671875, 0.016224799677729607, 0.01612699031829834, 0.016332263126969337]}