{"dpearsonr": [0.015053896084058488, 0.016381183621106212, 0.016557273306627363, 0.016819895299682662, 0.004230729051210814], "drmse": [0.08767342567443848, 0.08661460876464844, 0.08805419504642487, 0.08906427770853043, 0.08802840858697891], "cpearsonr": [0.7255733533322514, 0.7165824074197261, 0.7269862848043768, 0.7263264265805984, 0.729298866666593], "crmse": [0.08835039287805557, 0.08721923828125, 0.0886840894818306, 0.08965867012739182, 0.08867140114307404]}