{"dpearsonr": [0.07516362564124576, 0.0532578943012661, 0.08076466436766369, 0.09584112327531509, 0.08215975177709593], "dspearmanr": [0.06961730675993286, 0.04460803367951281, 0.07335029670134888, 0.0953455487147208, 0.0708144169007472], "drmse": [0.017613770440220833, 0.017884736880660057, 0.017036253586411476, 0.017357654869556427, 0.017713895067572594], "cpearsonr": [0.7263440460639292, 0.7292987582369607, 0.7290499551797774, 0.7280842606989035, 0.722006565347498], "cspearmanr": [0.6880983421461007, 0.6895078065414803, 0.6856305239700926, 0.6894696878820605, 0.6854781042931278], "crmse": [0.017603019252419472, 0.017725912854075432, 0.01698438823223114, 0.01727118343114853, 0.017648372799158096]}