{"dpearsonr": [0.0435938814441009, 0.0888950174513191, 0.0702984388478923, 0.05025907938250831, 0.06919065632712874], "dspearmanr": [0.04838310206032596, 0.08578001594106194, 0.06227505698998303, 0.05417538679976965, 0.06455405821777009], "drmse": [0.019208300858736038, 0.018396859988570213, 0.0181313194334507, 0.019008450210094452, 0.019940245896577835], "cpearsonr": [0.7126093843967841, 0.7145324914134243, 0.7202253722150824, 0.7202235235083269, 0.7071319484858635], "cspearmanr": [0.6757251373269002, 0.6787150170215521, 0.6819948763056757, 0.6788247202950525, 0.6731435648821817], "crmse": [0.01916424371302128, 0.018368026241660118, 0.018076801672577858, 0.01892068237066269, 0.019669760018587112]}