{"dpearsonr": [0.23888441720598974, 0.26412770513072553, 0.2833450530261768, 0.2787414050204265, 0.24644208138869836], "dspearmanr": [0.21325080660805776, 0.22088771130347395, 0.2663258232250164, 0.24490735249124215, 0.2139505824147328], "drmse": [0.012858102098107338, 0.01416652649641037, 0.013318007811903954, 0.013045999221503735, 0.013512758538126945], "cpearsonr": [0.7584038068850176, 0.7571563024262201, 0.7488372312715594, 0.7399278084622217, 0.7383904188728702], "cspearmanr": [0.7168926517542268, 0.7098138603667297, 0.7070218763502822, 0.7031249573324065, 0.6920735940049199], "crmse": [0.013359345495700836, 0.014169011265039444, 0.01329050026834011, 0.013086060993373394, 0.013638400472700596]}