{"dpearsonr": [0.059921046416553124, 0.06280125757062652, 0.05042087898735508, 0.06828744249033844, 0.051853730403314244], "dspearmanr": [0.06013847550210692, 0.058295327674789114, 0.05372502306912805, 0.06498529107194154, 0.05374817655957202], "drmse": [0.019325587898492813, 0.01982664316892624, 0.01925908960402012, 0.018461454659700394, 0.01914849877357483], "cpearsonr": [0.7160055816636407, 0.7084266360349706, 0.7088853869442533, 0.7205634517149707, 0.7130131200291254], "cspearmanr": [0.6807069580229843, 0.6735523586497912, 0.6741333234251087, 0.6857924586010669, 0.6771902888825833], "crmse": [0.019394269213080406, 0.019635003060102463, 0.019196489825844765, 0.018369344994425774, 0.018990512937307358]}