{"dpearsonr": [0.2829214170367087, 0.2513176173264678, 0.3224891186460253, 0.30904591220969013, 0.21349954910221008], "dspearmanr": [0.24036371376723345, 0.2187132546623317, 0.31224992712792526, 0.27744836082253477, 0.18960918560997084], "drmse": [0.012475755997002125, 0.014280612580478191, 0.012969224713742733, 0.012772394344210625, 0.01368112862110138], "cpearsonr": [0.7586952377633305, 0.7563922159685497, 0.751584435535368, 0.73996915193049, 0.7372273997662978], "cspearmanr": [0.7152981549074768, 0.7091183104062563, 0.7087505201532134, 0.7030849533631842, 0.6912937822305038], "crmse": [0.012922083958983421, 0.014280430041253567, 0.012947690673172474, 0.012833108194172382, 0.01379300281405449]}