{"dpearsonr": [0.008824434956679365, 0.008575821351468336, 0.007478339485093614, 0.01056763678027466, 0.003710869674882297], "drmse": [0.08755181729793549, 0.08762159943580627, 0.08805171400308609, 0.08899879455566406, 0.09009559452533722], "cpearsonr": [0.7231178468450914, 0.7312964027166644, 0.7237971640464593, 0.7240889220290472, 0.7332111406101769], "crmse": [0.08820043504238129, 0.0882401317358017, 0.08870293945074081, 0.08963777124881744, 0.09071910381317139]}