{"dpearsonr": [0.20539710725554647, 0.1530922893338734, 0.17624680946624408, 0.17361896716836633, 0.13932433686609869], "drmse": [0.0868416279554367, 0.09558793902397156, 0.10119915753602982, 0.10025528818368912, 0.09080184251070023], "cpearsonr": [0.7622282563074341, 0.736935901661013, 0.7489724719320637, 0.7544182074915615, 0.7568894003401532], "crmse": [0.08705242723226547, 0.09527040272951126, 0.10164859890937805, 0.10084725171327591, 0.09043508768081665]}