{"dpearsonr": [0.18712944772009582, 0.1702366058608044, 0.15711212383315026, 0.19847674623123615, 0.16200038936306627], "drmse": [0.08663919568061829, 0.09838634729385376, 0.10298220068216324, 0.100023053586483, 0.09393677860498428], "cpearsonr": [0.7602180880575622, 0.7313217334951854, 0.7479701762434359, 0.7523024992882161, 0.7609532205671063], "crmse": [0.08687953650951385, 0.09809212386608124, 0.10345496982336044, 0.10056751221418381, 0.09350775182247162]}