{"dpearsonr": [0.36435838336486426, 0.34838274741926, 0.38626035824515914, 0.3619476499043421, 0.35844309908917266], "dspearmanr": [0.3036518227021612, 0.31385149763501147, 0.3770849061355329, 0.3193126297440288, 0.3166711398713815], "drmse": [0.011560330167412758, 0.013171336613595486, 0.012076262384653091, 0.012193588539958, 0.012061292305588722], "cpearsonr": [0.7747027814522858, 0.7753496978490352, 0.7664466120016314, 0.7531753041143154, 0.763535942004853], "cspearmanr": [0.7317424918128062, 0.7298975430130354, 0.7243517666429071, 0.7160586960361331, 0.7177771432578327], "crmse": [0.012035082094371319, 0.013153500854969025, 0.01204704400151968, 0.012242588214576244, 0.012128179892897606]}