{"dpearsonr": [0.01901344414830328, 0.01666069864722669, 0.017146595064566887, 0.017247677808810483, 0.01366711965771046], "drmse": [0.08789017051458359, 0.08857719600200653, 0.0917864665389061, 0.0883140116930008, 0.0913311243057251], "cpearsonr": [0.7252020486769568, 0.7189670661380327, 0.7262098128710847, 0.7261986133186988, 0.7209479373584485], "crmse": [0.08855918794870377, 0.08922697603702545, 0.09245701879262924, 0.0889710783958435, 0.09204107522964478]}