{"dpearsonr": [0.3229443326979236, 0.3402813309274836, 0.31138062077885986, 0.29104040448583796, 0.30075907641938243], "dspearmanr": [0.27798921959415, 0.32345641964507926, 0.31476455616979154, 0.27480953965231, 0.26266834706765657], "drmse": [0.012115292251110077, 0.013566032983362675, 0.013011387549340725, 0.013167977333068848, 0.01286055613309145], "cpearsonr": [0.7677245189415117, 0.7714702166256454, 0.7576193799468129, 0.7468780865675795, 0.7517364360031664], "cspearmanr": [0.7244482627493012, 0.728242898589374, 0.7161228236722437, 0.710214978131957, 0.7070528129436998], "crmse": [0.012592445127665997, 0.013522605411708355, 0.013015112839639187, 0.013185347430408001, 0.012921161949634552]}