{"dpearsonr": [0.07880364439794506], "dspearmanr": [0.07797374846801529], "drmse": [0.018519604578614235], "cpearsonr": [0.7170372672814118], "cspearmanr": [0.6761749353378154], "crmse": [0.01838579587638378]}