{"dpearsonr": [0.3383910921900182, 0.3264813412730547, 0.3488717988753251, 0.34542982354938623, 0.3595378101794361], "dspearmanr": [0.302749553710073, 0.3074945869983775, 0.3628085725318148, 0.3455442983508283, 0.3264161753254224], "drmse": [0.01175441313534975, 0.013460693880915642, 0.012491600587964058, 0.012509038671851158, 0.012045703828334808], "cpearsonr": [0.7717537149128358, 0.7678093057400694, 0.7641760882685675, 0.7562997989772944, 0.7611744017236451], "cspearmanr": [0.7284146938775141, 0.7191683944049136, 0.722828245019295, 0.7194993624180559, 0.7162293226986918], "crmse": [0.012241885997354984, 0.013434438034892082, 0.012456574477255344, 0.012552005238831043, 0.012125612236559391]}