{"dpearsonr": [0.35077550222455023, 0.3281879345803058, 0.3694555615651812, 0.33303250795240347, 0.330296188547219], "dspearmanr": [0.29959648584307386, 0.29710261360002865, 0.35698815995069627, 0.2992873344220213, 0.2901722940718712], "drmse": [0.011694042012095451, 0.013352097012102604, 0.012193547561764717, 0.012499939650297165, 0.012429357506334782], "cpearsonr": [0.7737071621841483, 0.7709571172011528, 0.7657161485691749, 0.7492188866988257, 0.7585054204561555], "cspearmanr": [0.7301124793756341, 0.7258306358262955, 0.7221766271545611, 0.7127004120883129, 0.7111673162581404], "crmse": [0.0121909836307168, 0.013361712917685509, 0.012204599566757679, 0.01252957433462143, 0.012499088421463966]}