{"dpearsonr": [0.1984346309439122, 0.1675167532637928, 0.17974992977379267, 0.22543970408741773, 0.19002264561755836], "drmse": [0.08804575353860855, 0.0993758887052536, 0.10210669785737991, 0.10121969878673553, 0.09493498504161835], "cpearsonr": [0.7610915747309126, 0.7333935968096021, 0.750540306836764, 0.7577691145391892, 0.7629486056262093], "crmse": [0.0882977619767189, 0.09907059371471405, 0.102558434009552, 0.10179111361503601, 0.09455563127994537]}