{"dpearsonr": [0.33343932165416723, 0.3214857697127778, 0.3437115782726357, 0.3515971219587213, 0.29891888238460895], "dspearmanr": [0.2877483719117172, 0.29579983952519, 0.330570592820534, 0.3202662217978773, 0.25041927964538435], "drmse": [0.011929926462471485, 0.01344756968319416, 0.012520844116806984, 0.012433463707566261, 0.012868181802332401], "cpearsonr": [0.7684847785104788, 0.7693656947334447, 0.7615945606055241, 0.7496367226457198, 0.7494357204868325], "cspearmanr": [0.7269276022335023, 0.7231715155914163, 0.7199476108880238, 0.7127619482555382, 0.7039407199753818], "crmse": [0.012393824756145477, 0.013434487394988537, 0.012520023621618748, 0.012467066757380962, 0.012982543557882309]}