{"dpearsonr": [0.07618141097818835, 0.06590602884014882], "dspearmanr": [0.07577112637135565, 0.06991724577090364], "drmse": [0.016445662826299667, 0.01648034155368805], "cpearsonr": [0.7448228046142567, 0.7440954427173418], "cspearmanr": [0.700540211704532, 0.6990639020395613], "crmse": [0.016317617148160934, 0.016365250572562218]}