{"dpearsonr": [0.35732362470028856, 0.3405460245313591, 0.35484448457566325, 0.3913004676623052, 0.3568544566324316], "dspearmanr": [0.30973214884602146, 0.32788158705311204, 0.3671738236321299, 0.3722308161428284, 0.31272501396439717], "drmse": [0.011531607247889042, 0.013479620218276978, 0.012783258222043514, 0.011931994929909706, 0.012227957136929035], "cpearsonr": [0.7779614552100543, 0.77671040402793, 0.7629976827335552, 0.757420565676963, 0.7642653965958409], "cspearmanr": [0.7355291620439419, 0.7324545201910331, 0.724078164896322, 0.725414335905532, 0.7186015723267003], "crmse": [0.01193199586123228, 0.01342449989169836, 0.012721366249024868, 0.011992980726063251, 0.012273509986698627]}