{"dpearsonr": [0.07405634094021751, 0.07267749054650616, 0.09195252739195163, 0.06795672818374025, 0.11745166130871988], "dspearmanr": [0.0744148523398078, 0.0739752272229, 0.09178939600120625, 0.06371788383740865, 0.11593030404476634], "drmse": [0.017245234921574593, 0.017072344198822975, 0.016517292708158493, 0.018146686255931854, 0.01631809212267399], "cpearsonr": [0.7307313506845798, 0.7332751594999961, 0.743314399024909, 0.7208957744177271, 0.7355187371538602], "cspearmanr": [0.6905930547499838, 0.6933537838192507, 0.7001399191918211, 0.6872672772608432, 0.6949274854180172], "crmse": [0.01715404912829399, 0.016980983316898346, 0.016452113166451454, 0.01809215173125267, 0.016272295266389847]}