{"dpearsonr": [0.04576535993440847, 0.0601270847091146, 0.04794070588527583, 0.04973487169693514, 0.05366920830768484], "dspearmanr": [0.05335268520926075, 0.05522537685512102, 0.04813134005850449, 0.047329573822268454, 0.05651769252938065], "drmse": [0.10351969301700592, 0.09395179897546768, 0.11099865287542343, 0.13436727225780487, 0.10378412902355194], "cpearsonr": [NaN, NaN, NaN, NaN, NaN], "cspearmanr": [NaN, NaN, NaN, NaN, NaN], "crmse": [0.10476463288068771, 0.09519854187965393, 0.11237465590238571, 0.135826975107193, 0.10502893477678299]}