{"dpearsonr": [0.1930688796830355, 0.14306564821900464, 0.17136852855050844, 0.20370854703930813, 0.1535355149131748], "drmse": [0.08589555323123932, 0.09617794305086136, 0.09955763071775436, 0.0994548499584198, 0.09366431087255478], "cpearsonr": [0.7602729386647467, 0.7330360346840571, 0.7485871395448639, 0.755101632547229, 0.7570421321332138], "crmse": [0.08613907545804977, 0.09590546786785126, 0.09999077022075653, 0.10002689063549042, 0.09325512498617172]}