{"dpearsonr": [0.34517687983913026, 0.2857644422010544, 0.350553467537976, 0.3395774294779763, 0.30525470083473855], "dspearmanr": [0.30083684866206595, 0.269328774690091, 0.33623271956099393, 0.30355067430109645, 0.2714324760270205], "drmse": [0.011826048605144024, 0.014041490852832794, 0.012408876791596413, 0.012416986748576164, 0.012792041525244713], "cpearsonr": [0.7686184312436364, 0.766064433322038, 0.7638217249476943, 0.750103056763405, 0.7570729034609177], "cspearmanr": [0.7268880263723626, 0.7206136188858044, 0.7217653584688863, 0.7152770301804406, 0.7131015620247956], "crmse": [0.012310532853007317, 0.014052585698664188, 0.012397311627864838, 0.012461096979677677, 0.01284539233893156]}