{"dpearsonr": [0.08959746779476373, 0.07879773471537009, 0.11028530126967086, 0.10664376507296253, 0.09985687108045913], "dspearmanr": [0.07286391257533331, 0.0680588565084519, 0.09538183046733194, 0.09272956169688393, 0.08782407473187537], "drmse": [0.016499459743499756, 0.01677088625729084, 0.0163717083632946, 0.016268253326416016, 0.016365529969334602], "cpearsonr": [0.7384042361509856, 0.7375602648163528, 0.7438722500396774, 0.7423406969684686, 0.7412949682580723], "cspearmanr": [0.694548883353384, 0.6961084490208083, 0.6995436423020578, 0.6993971255490026, 0.697474599809723], "crmse": [0.01643272116780281, 0.016677629202604294, 0.016281628981232643, 0.01620974950492382, 0.016282832249999046]}