{"dpearsonr": [0.09766261306350027, 0.0924068353053432, 0.11595123801357157, 0.10450408114559352, 0.09484596138700806], "dspearmanr": [0.09396720966726084, 0.09404629139245411, 0.10506474119049933, 0.10104148953681202, 0.09044317037526538], "drmse": [0.016473475843667984, 0.01662239246070385, 0.016185497865080833, 0.016196783632040024, 0.016806235536932945], "cpearsonr": [0.738289303976085, 0.739093403571482, 0.74129376276213, 0.7416841637735883, 0.7347538455244983], "cspearmanr": [0.6978514213857401, 0.6979190982247209, 0.7001988149127222, 0.6988663381275309, 0.695362676136254], "crmse": [0.016434215009212494, 0.016588447615504265, 0.016149358823895454, 0.016167521476745605, 0.01671997271478176]}