{"dpearsonr": [0.2993330607840197, 0.29379099791914337, 0.3399829028286062, 0.3027208387622582, 0.30399174225715614], "dspearmanr": [0.2634375312307542, 0.27631587504191074, 0.33930277883531856, 0.28121835290458863, 0.27307945014477075], "drmse": [0.012292112223803997, 0.01374023873358965, 0.012608218938112259, 0.012799378484487534, 0.012770028784871101], "cpearsonr": [0.7660525780234645, 0.7668723000932258, 0.7610078598418158, 0.7506065779598043, 0.7543448922549354], "cspearmanr": [0.7238095595299543, 0.722670562598329, 0.7189836485879325, 0.7146008111751956, 0.7076503121340034], "crmse": [0.012794498354196548, 0.0137590691447258, 0.012592150829732418, 0.012831662781536579, 0.012848039157688618]}