{"dpearsonr": [0.07589761801733412, 0.05985620379050751, 0.051101730688559194, 0.06682029009160691, 0.06498176459474085], "dspearmanr": [0.08336458592267057, 0.056806450748960784, 0.04592692250204305, 0.0666399949814816, 0.05712535226962549], "drmse": [0.11016534268856049, 0.13085202872753143, 0.13404762744903564, 0.1153668761253357, 0.10527309030294418], "cpearsonr": [NaN, NaN, NaN, NaN, NaN], "cspearmanr": [NaN, NaN, NaN, NaN, NaN], "crmse": [0.11142037808895111, 0.1323837786912918, 0.13550423085689545, 0.11693479865789413, 0.10679759830236435]}