{"dpearsonr": [0.34189723590342724, 0.3388173864195321, 0.3581991410331391, 0.37781577276174483, 0.3361691948821694], "dspearmanr": [0.306097247732356, 0.32876313952361286, 0.3722269855607045, 0.36281922423546775, 0.30245626689824867], "drmse": [0.011719568632543087, 0.013546544127166271, 0.012871414422988892, 0.012168465182185173, 0.012788149528205395], "cpearsonr": [0.7715272449616312, 0.7748927017182967, 0.7596756286935444, 0.754931120861724, 0.7600283586712264], "cspearmanr": [0.7283446474982245, 0.727347774718762, 0.7217985154142852, 0.7217373032737051, 0.7145761923791106], "crmse": [0.012171976268291473, 0.013508397154510021, 0.012817381881177425, 0.012220990844070911, 0.012823238968849182]}