{"dpearsonr": [0.35385247436984757, 0.33825968866969236, 0.363807772721169, 0.3535444951410262, 0.35929590248843224], "dspearmanr": [0.30909898250842205, 0.3173221639497239, 0.3822920821932611, 0.3457885521217025, 0.3243282404479976], "drmse": [0.011590469628572464, 0.013509644195437431, 0.012708980590105057, 0.012310083024203777, 0.012320095673203468], "cpearsonr": [0.7726675336690114, 0.7740469696638511, 0.7643813563848856, 0.7513488233752266, 0.7631371747258986], "cspearmanr": [0.7285563994336409, 0.7290281228247238, 0.7260948768843649, 0.7155025557757562, 0.7166296911149515], "crmse": [0.012004043906927109, 0.013463369570672512, 0.01262728776782751, 0.01234723161906004, 0.012354373931884766]}