{"dpearsonr": [0.3585501623128264, 0.3405743946692103, 0.3586708141617295, 0.357045454737261, 0.35173644618884137], "dspearmanr": [0.3132019428903941, 0.30055367849495485, 0.3530649333096571, 0.3278839119554031, 0.3059164551620071], "drmse": [0.011581405065953732, 0.01323164626955986, 0.012353235855698586, 0.012192416936159134, 0.012104910798370838], "cpearsonr": [0.7753776381199133, 0.7737170147576105, 0.7680225272545322, 0.7549507941329855, 0.7631762983166679], "cspearmanr": [0.7327027576654792, 0.7269383739622343, 0.7262940291234807, 0.7183678328315497, 0.7176501263105369], "crmse": [0.01206324715167284, 0.013232368975877762, 0.012331061065196991, 0.012231485918164253, 0.012185879051685333]}