{"dpearsonr": [0.2520714323967516, 0.2580296600957952, 0.30157545823569837, 0.287183597427398, 0.20616319410480619], "dspearmanr": [0.21660819287508498, 0.22904594563417016, 0.27991149778013097, 0.2513650989722492, 0.1886556706075645], "drmse": [0.0128159886226058, 0.01411009393632412, 0.013104877434670925, 0.013128665275871754, 0.013874489814043045], "cpearsonr": [0.7558177017076891, 0.7558800580051951, 0.7500671011327499, 0.7373662274730011, 0.738412397816712], "cspearmanr": [0.7122382593304684, 0.7076014816116982, 0.7072804014137865, 0.7002749351156383, 0.689608360810613], "crmse": [0.01335696130990982, 0.014132730662822723, 0.013080719858407974, 0.013155353255569935, 0.01396181806921959]}