{"dpearsonr": [0.3633508757423391, 0.33010381628314805, 0.38596702334530536, 0.37575115514059493, 0.3251666719693511], "dspearmanr": [0.32339594852163706, 0.31847954103836723, 0.4006830272031828, 0.3527880776075484, 0.29973698418070105], "drmse": [0.011547793634235859, 0.013688880950212479, 0.012464026920497417, 0.012011775746941566, 0.013048714026808739], "cpearsonr": [0.7763256809232688, 0.7738580645914702, 0.7658308792087111, 0.7557357428894642, 0.7608342644215588], "cspearmanr": [0.7341415736712148, 0.7285577001142265, 0.7288185871125199, 0.7210224386089614, 0.7170789541955773], "crmse": [0.012012004852294922, 0.013606634922325611, 0.012397419661283493, 0.01207054778933525, 0.013102622702717781]}