{"dpearsonr": [0.2352647379674046, 0.18644075654420603, 0.20563826248425587, 0.2264793209596407, 0.17018838676514408], "drmse": [0.08843482285737991, 0.09693600237369537, 0.0992555171251297, 0.10081863403320312, 0.09222306311130524], "cpearsonr": [0.7645162076925596, 0.7371714127496521, 0.7559319020456542, 0.757893836150582, 0.7621815908667521], "crmse": [0.0886572003364563, 0.09660864621400833, 0.09974487125873566, 0.10131549835205078, 0.09176761656999588]}