{"dpearsonr": [0.2509988773874993, 0.2591628888067425, 0.3108654737557551, 0.2929851036363402, 0.24300743107444658], "dspearmanr": [0.2212982591621015, 0.22668607386431025, 0.29390261999700285, 0.25977760174608117, 0.2166802966191228], "drmse": [0.012750893831253052, 0.014080063439905643, 0.012997922487556934, 0.012965126894414425, 0.01346162986010313], "cpearsonr": [0.7580813481976795, 0.7564278819390512, 0.7524147773175524, 0.7377114729490979, 0.7393818387042178], "cspearmanr": [0.7145818992274667, 0.7081082183133276, 0.7099162288898998, 0.6997147761315666, 0.6924744509366532], "crmse": [0.013247357681393623, 0.014083045534789562, 0.01299444492906332, 0.013011811301112175, 0.01353408768773079]}