{"dpearsonr": [0.0876174548077779, 0.08800037540799589, 0.07704261058356333, 0.09468417548997227, 0.07480415185860897], "dspearmanr": [0.0789385019603937, 0.0944801649114063, 0.08052999877729028, 0.08609184226147597, 0.07898231202984562], "drmse": [0.01655205525457859, 0.016726208850741386, 0.01650434546172619, 0.016361860558390617, 0.01668785884976387], "cpearsonr": [0.7353397031891484, 0.7381103556624959, 0.7408931510274436, 0.7413657249707725, 0.7403811973913874], "cspearmanr": [0.6932891768217587, 0.6970053204724469, 0.6980221314651965, 0.6998252850181372, 0.6987417325819758], "crmse": [0.016485733911395073, 0.01668420247733593, 0.01641497015953064, 0.01627514883875847, 0.016599897295236588]}