{"dpearsonr": [0.021232093253209506, 0.021765893972107722, 0.0178663813042355, 0.023009685451656766, 0.02023731362274989], "drmse": [0.08923530578613281, 0.09021468460559845, 0.09034622460603714, 0.09038636088371277, 0.09204226732254028], "cpearsonr": [0.725632825057627, 0.7262288334885098, 0.726076228323155, 0.7256329835669175, 0.7216188135341041], "crmse": [0.08993508666753769, 0.0909237489104271, 0.09103574603796005, 0.09109087288379669, 0.0927647277712822]}