{"dpearsonr": [0.10558168456136369, 0.10951874101119369, 0.10243993035382752, 0.10878193906668158, 0.10615570372682755], "dspearmanr": [0.09593143091136144, 0.10495002649386952, 0.09415803131948597, 0.09820197191445768, 0.09748362666693658], "drmse": [0.01628892868757248, 0.01631919853389263, 0.01631927490234375, 0.01624441146850586, 0.016413677483797073], "cpearsonr": [0.7417925944621526, 0.7423450079586996, 0.7418471051716644, 0.7413211183753889, 0.739847046645209], "cspearmanr": [0.6987936224935364, 0.7012689495439517, 0.698197085348406, 0.6981400476233444, 0.6969115756133871], "crmse": [0.016245122998952866, 0.016250349581241608, 0.01622127741575241, 0.016178375110030174, 0.016360029578208923]}