{"dpearsonr": [0.3781995569838612, 0.316225435484376, 0.35680051169209326, 0.363565486787265, 0.3563536762771875], "dspearmanr": [0.3359919352662637, 0.3183068137702603, 0.37956815846458053, 0.3492847481298102, 0.3252283249111054], "drmse": [0.01129078771919012, 0.013816400431096554, 0.01247224397957325, 0.012353967875242233, 0.01231926865875721], "cpearsonr": [0.7771816467346233, 0.7748485668862223, 0.7619928399141297, 0.7565185302666174, 0.7634004255920238], "cspearmanr": [0.7324123944878944, 0.7279179619228059, 0.7223221175411384, 0.7205534123866942, 0.7192617542208772], "crmse": [0.01171226054430008, 0.013747257180511951, 0.012432334944605827, 0.01240603718906641, 0.012375700287520885]}