{"dpearsonr": [0.05834650122931918, 0.09394378551286867, 0.05522208058821282, 0.04556606352120326, 0.06786112964323775], "dspearmanr": [0.06435073080776574, 0.08958051859730817, 0.0449440567315082, 0.046578841971197674, 0.06117670713969745], "drmse": [0.11758556216955185, 0.134757399559021, 0.11082934588193893, 0.11368680000305176, 0.09300194680690765], "cpearsonr": [NaN, NaN, NaN, NaN, NaN], "cspearmanr": [NaN, NaN, NaN, NaN, NaN], "crmse": [0.11894059926271439, 0.13631752133369446, 0.11226949840784073, 0.11499237269163132, 0.09416143596172333]}