{"dpearsonr": [0.0173383460060227, 0.02448516925469521, 0.023058378625830905, 0.026089849863118027, 0.01695695101819998], "drmse": [0.08847176283597946, 0.08898277580738068, 0.08993736654520035, 0.09009679406881332, 0.08881042897701263], "cpearsonr": [0.7295392966427467, 0.7339517204677088, 0.7282189300381094, 0.7281987572488802, 0.7291293464381485], "crmse": [0.08909279108047485, 0.08960889279842377, 0.09054084122180939, 0.09070174396038055, 0.08942889422178268]}