{"dpearsonr": [0.10934416274006599, 0.10064901773307135, 0.10825603163252111, 0.10617887630557492, 0.10989366721996288], "dspearmanr": [0.09840795747359264, 0.09275776558042123, 0.10745222238491034, 0.09246222608085088, 0.0969461632990176], "drmse": [0.016246499493718147, 0.016411928460001945, 0.016290925443172455, 0.016212115064263344, 0.016366275027394295], "cpearsonr": [0.740699672079441, 0.7425607940171083, 0.741715123954708, 0.7435173950606071, 0.7383025690060534], "cspearmanr": [0.6974758253765152, 0.6996554703232766, 0.6985239082320625, 0.7008005947835926, 0.696475566277203], "crmse": [0.01619139313697815, 0.016356870532035828, 0.016178829595446587, 0.01614047959446907, 0.016289563849568367]}