{"dpearsonr": [0.23220308721188435, 0.1887256912702143, 0.19848847238560044, 0.21858542203894904, 0.16498703547899687], "drmse": [0.0866406261920929, 0.09723448753356934, 0.10379380732774734, 0.09915618598461151, 0.09467775374650955], "cpearsonr": [0.7654638366521901, 0.7378539281917962, 0.7526882120083505, 0.7576521147797814, 0.760303579932579], "crmse": [0.08686430752277374, 0.09691380709409714, 0.10427792370319366, 0.09972722083330154, 0.09422224760055542]}