{"dpearsonr": [0.41427819162618534], "dspearmanr": [0.36823362753155514], "drmse": [0.010816959664225578], "cpearsonr": [0.7810714468887713], "cspearmanr": [0.7347062532685638], "crmse": [0.011160424910485744]}