{"dpearsonr": [0.3787941550437612, 0.32237032993429626, 0.3525443328552167, 0.36961288426290245, 0.33529831434883656], "dspearmanr": [0.34209955854973945, 0.3001287507614056, 0.35536106571292303, 0.3448096682865518, 0.30829140547466427], "drmse": [0.01138929184526205, 0.013664082624018192, 0.012445224449038506, 0.012074753642082214, 0.012624157592654228], "cpearsonr": [0.7753057124765762, 0.7711284841754729, 0.7635498823094985, 0.7550163502431808, 0.7618450544762306], "cspearmanr": [0.7322109958443366, 0.7257299973919026, 0.7226139023345733, 0.7195172665467984, 0.7157804597286068], "crmse": [0.011874223127961159, 0.013596371747553349, 0.01243056170642376, 0.012115750461816788, 0.012657168321311474]}