{"dpearsonr": [0.3515867401403378, 0.33757048516280863, 0.3194140513656311, 0.37457306203405927, 0.33658022064210685], "dspearmanr": [0.30747472100271345, 0.32190783605261086, 0.35435142745130943, 0.3627273403226453, 0.3039310184828438], "drmse": [0.01154818944633007, 0.013669317588210106, 0.013215355575084686, 0.012078095227479935, 0.012520268559455872], "cpearsonr": [0.7719794392653064, 0.7733480551009755, 0.7596134174654264, 0.7553290087143995, 0.762934824305078], "cspearmanr": [0.7277598736646407, 0.7285000247468766, 0.7202801052694542, 0.7212988547988177, 0.7167166977363444], "crmse": [0.012016888707876205, 0.013613732531666756, 0.01318915281444788, 0.012111336924135685, 0.012567508034408092]}