{"dpearsonr": [0.06595485769839805, 0.06237280401782768, 0.06208167093023964, 0.07274971564240948, 0.07230717361749728], "dspearmanr": [0.05753806138660474, 0.05674153106090153, 0.06997327243423161, 0.06596427367025902, 0.07164684824143706], "drmse": [0.017980119213461876, 0.01792682521045208, 0.01711021363735199, 0.01747298426926136, 0.01867104321718216], "cpearsonr": [0.723828022731418, 0.7281019430244168, 0.7376252343394609, 0.7280901776132298, 0.7140014544289148], "cspearmanr": [0.6849096724946325, 0.6912080539950125, 0.6970077309413517, 0.6883445189753022, 0.6774377889543307], "crmse": [0.017897898331284523, 0.0179038867354393, 0.0169527530670166, 0.017400428652763367, 0.018566519021987915]}