{"dpearsonr": [0.36418015987692626, 0.33765845904615166, 0.3647412802894306, 0.36620346118859953, 0.346408927933344], "dspearmanr": [0.3329302347041925, 0.332829281494057, 0.38879353546321704, 0.3417181433982667, 0.3131975578372683], "drmse": [0.011532178148627281, 0.013566460460424423, 0.012848117388784885, 0.012134728021919727, 0.012292892672121525], "cpearsonr": [0.7751674662435032, 0.7760823426079433, 0.7662045805692761, 0.7560902188660792, 0.7603732476332441], "cspearmanr": [0.7323086716040736, 0.7320293739226688, 0.7267013231957559, 0.7207930514949455, 0.7137376894027175], "crmse": [0.012000392191112041, 0.013516630046069622, 0.012807964347302914, 0.012200911529362202, 0.012355081737041473]}