{"dpearsonr": [0.3359266385006325, 0.3211738727690561, 0.3583492553328534, 0.34954874943326203, 0.34127193318112203], "dspearmanr": [0.2858838160353299, 0.28390309936407576, 0.35595816028525507, 0.3229752502837329, 0.29710144209240247], "drmse": [0.011849205940961838, 0.01347353495657444, 0.012313658371567726, 0.012307862751185894, 0.012296577915549278], "cpearsonr": [0.7732271715848703, 0.7690669409012942, 0.763778184312158, 0.7515070463293663, 0.757069504296342], "cspearmanr": [0.7303731893208822, 0.7236863872920357, 0.7219511586556956, 0.7163603088354424, 0.7099225427841649], "crmse": [0.012345054186880589, 0.013488181866705418, 0.012315812520682812, 0.012342735193669796, 0.012372040189802647]}