{"dpearsonr": [0.20106678762822836, 0.16578924263732367, 0.16258255760226933, 0.18967248779353196, 0.16084228996782174], "drmse": [0.08640206605195999, 0.09879245609045029, 0.10351797193288803, 0.1020016297698021, 0.09637726843357086], "cpearsonr": [0.764168732623151, 0.7369971716576241, 0.7503977214312463, 0.7555918720310785, 0.7563753908358748], "crmse": [0.08661948889493942, 0.09847071021795273, 0.10394924134016037, 0.10255435109138489, 0.09595545381307602]}