{"dpearsonr": [0.09466397398522267, 0.09239679314688438, 0.0725940219316408, 0.06855111841111416, 0.07095620197414235], "dspearmanr": [0.08923000554172798, 0.09230316323288572, 0.08027441718138459, 0.07078434488285273, 0.07929461868758227], "drmse": [0.0167539045214653, 0.0167976226657629, 0.016846913844347, 0.017138244584202766, 0.016780855134129524], "cpearsonr": [0.7362732984343331, 0.7375486221892499, 0.7377362750305041, 0.7350259000925905, 0.7386375732226295], "cspearmanr": [0.6926606976637399, 0.6970995473039882, 0.6957289471193782, 0.6942443948236328, 0.6972657060624929], "crmse": [0.016689835116267204, 0.016764942556619644, 0.016770565882325172, 0.01701006479561329, 0.016670258715748787]}