{"dpearsonr": [0.010197440406982007, 0.017960279938129667, 0.01026117441035978, 0.011501714222100895, 0.010010738982827406], "drmse": [0.088371142745018, 0.08770544081926346, 0.08847501873970032, 0.08966262638568878, 0.08894644677639008], "cpearsonr": [0.710544433558953, 0.7177071511485218, 0.7129371855812452, 0.7093366327353434, 0.7136486711276281], "crmse": [0.08891871571540833, 0.08819793909788132, 0.08902419358491898, 0.09006242454051971, 0.08948316425085068]}