{"dpearsonr": [0.09461858962416625, 0.09206591050524372, 0.11457938469582507, 0.10120152955708087, 0.1014580452744552], "dspearmanr": [0.08038508250463837, 0.07747772487141268, 0.10645785044702519, 0.09722632239395156, 0.0870232632760374], "drmse": [0.01644163951277733, 0.016510531306266785, 0.016417022794485092, 0.016313724219799042, 0.01648123748600483], "cpearsonr": [0.7406317776577388, 0.7403423779053924, 0.7409583486481636, 0.7405620043541243, 0.7378702176551176], "cspearmanr": [0.697027296098288, 0.6981756396186439, 0.6974443126307047, 0.6970293199663763, 0.6961843144848643], "crmse": [0.01639053039252758, 0.016449548304080963, 0.016319872811436653, 0.016221441328525543, 0.016382893547415733]}