{"dpearsonr": [0.1195315346740998, 0.10789240240216741, 0.11697218067296007, 0.09979475286275123, 0.10808300557983293], "dspearmanr": [0.10781462040922772, 0.09294196827579602, 0.10855534728812001, 0.09059651847066195, 0.10289487024712028], "drmse": [0.016228871420025826, 0.01654992625117302, 0.016249701380729675, 0.016341013833880424, 0.016293764114379883], "cpearsonr": [0.7417872528291845, 0.7403983090521363, 0.7428029912776614, 0.7421894092703953, 0.7398623287602578], "cspearmanr": [0.6984712452828491, 0.6987086684517914, 0.6988806009148494, 0.6991222387072338, 0.6976066209160602], "crmse": [0.01616569049656391, 0.016469918191432953, 0.016159765422344208, 0.01628151163458824, 0.016216527670621872]}