{"dpearsonr": [0.2451560056364045, 0.2037053765667199, 0.1941531015680131, 0.22242914963022997, 0.1677115197940272], "drmse": [0.08576956391334534, 0.0975833311676979, 0.1003139317035675, 0.10069539397954941, 0.09199493378400803], "cpearsonr": [0.7627736860193953, 0.735710192101114, 0.7520299931282771, 0.7570164335848952, 0.7590343183809445], "crmse": [0.08611907064914703, 0.09727261960506439, 0.10078918933868408, 0.10123632103204727, 0.09160687029361725]}