{"dpearsonr": [0.17861763679911444, 0.15306625048701605, 0.13519231925238365, 0.18226654699996264, 0.123329956474617], "drmse": [0.08787456899881363, 0.09772439301013947, 0.10200927406549454, 0.10135754197835922, 0.09220311045646667], "cpearsonr": [0.7562185477945159, 0.7297934705894616, 0.7445399178577865, 0.7481661198714489, 0.7576176370425347], "crmse": [0.08811917901039124, 0.09743965417146683, 0.10244938731193542, 0.10194747149944305, 0.09182705730199814]}