{"dpearsonr": [0.32929426984368426, 0.29574616540893933, 0.36460669760771636, 0.33385873545560374, 0.3069667058335068], "dspearmanr": [0.2741758703364615, 0.2649639596400265, 0.34869643011661755, 0.30095738315539594, 0.2590329160153508], "drmse": [0.011939204297959805, 0.013678434304893017, 0.012310123071074486, 0.0124967684969306, 0.012714526616036892], "cpearsonr": [0.7670481168365294, 0.7647269127407308, 0.7610354069643466, 0.7472923442864317, 0.7516622751050558], "cspearmanr": [0.7254137056985704, 0.7175763937218943, 0.7192790305403222, 0.7117331919335295, 0.7061792780265675], "crmse": [0.012440371327102184, 0.013644548133015633, 0.012301753275096416, 0.01253174152225256, 0.01282191276550293]}