{"dpearsonr": [0.1373978377541589, 0.09325776935394176, 0.12658723164569746, 0.21417119406775567, 0.09073373209744762], "dspearmanr": [0.1283635296566082, 0.09967440828885119, 0.11819242497969339, 0.19404610027726638, 0.0868538787166275], "drmse": [0.11609859019517899, 0.13852381706237793, 0.13611052930355072, 0.11809589713811874, 0.11131606251001358], "cpearsonr": [NaN, NaN, NaN, NaN, NaN], "cspearmanr": [NaN, NaN, NaN, NaN, NaN], "crmse": [0.1164831817150116, 0.1390787810087204, 0.1365344375371933, 0.11871463805437088, 0.11160130798816681]}