{"dpearsonr": [0.07618141097818835, 0.06590602884014882, 0.06848679786799212], "dspearmanr": [0.07577112637135565, 0.06991724577090364, 0.07593171342913185], "drmse": [0.016445662826299667, 0.01648034155368805, 0.01642615906894207], "cpearsonr": [0.7448228046142567, 0.7440954427173418, 0.7432634483805628], "cspearmanr": [0.700540211704532, 0.6990639020395613, 0.6976628885062], "crmse": [0.016317617148160934, 0.016365250572562218, 0.01630842499434948]}