{"dpearsonr": [0.01594745682563789, 0.014074709959459806, 0.016308035852782045, 0.011707651834516974, 0.011529916430992864], "drmse": [0.08857494592666626, 0.08790593594312668, 0.08995039761066437, 0.0899224504828453, 0.08755699545145035], "cpearsonr": [0.7261803212384693, 0.7229871431880597, 0.7252178495545045, 0.7276415561145865, 0.7329630620675186], "crmse": [0.08915750682353973, 0.0884418711066246, 0.09050624817609787, 0.09047102928161621, 0.08809903264045715]}