{"dpearsonr": [0.07618141097818835], "dspearmanr": [0.07577112637135565], "drmse": [0.016445662826299667], "cpearsonr": [0.7448228046142567], "cspearmanr": [0.700540211704532], "crmse": [0.016317617148160934]}