{"dpearsonr": [0.39312758479486143, 0.3601218458786407, 0.40028556250688996, 0.38150726205562785, 0.4071382033756862], "dspearmanr": [0.34553028301745675, 0.32968747740429144, 0.407479212189336, 0.34589299129227186, 0.3632425104640237], "drmse": [0.011147363111376762, 0.013118165545165539, 0.011828030459582806, 0.011908340267837048, 0.011492296122014523], "cpearsonr": [0.7810051033655871, 0.7792271191713313, 0.7746860699814491, 0.7595147810566099, 0.7739261695966143], "cspearmanr": [0.737948703169429, 0.7353850687977141, 0.733584220590934, 0.7232478047154823, 0.7279038162614568], "crmse": [0.01159497071057558, 0.013055817224085331, 0.011806056834757328, 0.011971501633524895, 0.011556039564311504]}