{"dpearsonr": [0.10040437315441017, 0.1107780231152783, 0.10145734996088368, 0.09370431494968569, 0.09410853400677291], "dspearmanr": [0.0951130168800247, 0.1072683012870874, 0.10069504362608186, 0.08592915370158667, 0.0945532327512562], "drmse": [0.016429828479886055, 0.01631341129541397, 0.016355546191334724, 0.016535842791199684, 0.016536017879843712], "cpearsonr": [0.7391459490272432, 0.7429259605773401, 0.7423220614470315, 0.7394575287721245, 0.7423458424095826], "cspearmanr": [0.6967725623022478, 0.7017576501410182, 0.7002438793276751, 0.6981821949407394, 0.6997915773295413], "crmse": [0.016373053193092346, 0.016207681968808174, 0.01625215820968151, 0.016453927382826805, 0.016432316973805428]}