{"dpearsonr": [0.1944956658246947], "dspearmanr": [0.18164239694100381], "drmse": [0.013269760645925999], "cpearsonr": [0.738647964028592], "cspearmanr": [0.6947316283643931], "crmse": [0.013784456066787243]}