{"dpearsonr": [0.09846876921198275, 0.07074617626561128, 0.07075973055582353, 0.08638386034824758, 0.06256427693285402], "dspearmanr": [0.10366284858916786, 0.07287591152640807, 0.05619056452907333, 0.07637970928068745, 0.0647375125468128], "drmse": [0.017068790271878242, 0.01818668656051159, 0.01789901591837406, 0.017330212518572807, 0.018206698819994926], "cpearsonr": [0.7245680514386837, 0.7211444842556988, 0.7243559547982393, 0.7278024785544296, 0.725054503364322], "cspearmanr": [0.6852499742645143, 0.684481776498594, 0.6849339243980238, 0.6900764917826185, 0.6885510859949834], "crmse": [0.017105864360928535, 0.01815221644937992, 0.01773064397275448, 0.017221631482243538, 0.01808038540184498]}