{"dpearsonr": [0.3776594687946106, 0.3343864746652715, 0.351302075160539, 0.3685165058041418, 0.34575172587469627], "dspearmanr": [0.3367895129340517, 0.31732708553170524, 0.3784845099907273, 0.3499464015421387, 0.3093350436347314], "drmse": [0.011346499435603619, 0.01347139198333025, 0.012833635322749615, 0.012112708762288094, 0.012340854853391647], "cpearsonr": [0.7787208716498082, 0.7747931942281041, 0.7619728637169491, 0.7562984328132968, 0.7616628176129177], "cspearmanr": [0.7342935144000968, 0.7267387989011178, 0.7215710574059383, 0.7211178177365736, 0.7147057626344806], "crmse": [0.011778133921325207, 0.013396626338362694, 0.012774163857102394, 0.012158600613474846, 0.012420810759067535]}