{"dpearsonr": [0.05964098716679975, 0.0502057032371951, 0.08679580756962195, 0.05504369150654352, 0.06367054210394739], "dspearmanr": [0.06362888045060161, 0.056137978264121195, 0.09007437544628963, 0.05454572600513495, 0.062130418328270216], "drmse": [0.018635829910635948, 0.01852802373468876, 0.01717752031981945, 0.01792684569954872, 0.018953844904899597], "cpearsonr": [0.7160801546459268, 0.7233622343731612, 0.7344599223088449, 0.7214811907534382, 0.7228044843360457], "cspearmanr": [0.6769498194637454, 0.6873771623371935, 0.6944442151879027, 0.6832493539462915, 0.68805883042122], "crmse": [0.018569355830550194, 0.01838187873363495, 0.017052365466952324, 0.017795616760849953, 0.018886595964431763]}