{"dpearsonr": [0.20791563721266246, 0.18022583154951144, 0.19927614987818204, 0.21081450077009328, 0.1517416014452998], "drmse": [0.08743002265691757, 0.0974419116973877, 0.10026007145643234, 0.09977364540100098, 0.09293021261692047], "cpearsonr": [0.7599214100060943, 0.7336220641762456, 0.753271068998357, 0.7536109975940943, 0.760204145325977], "crmse": [0.08767979592084885, 0.09714623540639877, 0.10068866610527039, 0.10028902441263199, 0.09255704283714294]}