{"dpearsonr": [0.3683262676795303, 0.34295878197699775, 0.3175350729390014, 0.3769174306028392, 0.36576779767693685], "dspearmanr": [0.3258673594248896, 0.32589023334162676, 0.36273445139982285, 0.3576189313108256, 0.32599829008020176], "drmse": [0.01144346222281456, 0.01338830403983593, 0.013168368488550186, 0.01216351892799139, 0.012225041165947914], "cpearsonr": [0.7748677839738874, 0.7743557399951168, 0.7621848741394022, 0.755252772710749, 0.7627355555857943], "cspearmanr": [0.7328626146846269, 0.7293468698233637, 0.721047871379554, 0.7201568315035445, 0.716589137265418], "crmse": [0.01183654647320509, 0.013359127566218376, 0.01309611089527607, 0.01219363696873188, 0.012258945032954216]}