{"dpearsonr": [0.05363571319933845, 0.053973359066845354, 0.05360469999455543, 0.0885101372122275, 0.054270016466376074], "dspearmanr": [0.062147806502561825, 0.052943977370856286, 0.053607029936048385, 0.08503877574319647, 0.05638406640614035], "drmse": [0.01946752890944481, 0.019367815926671028, 0.01784384250640869, 0.017790120095014572, 0.02009536512196064], "cpearsonr": [0.710021124652019, 0.70954608954624, 0.7292110417812033, 0.7212990662483963, 0.7122156116221426], "cspearmanr": [0.674306396570081, 0.6764278097589668, 0.6882809257375126, 0.6831410513845654, 0.6767610638417854], "crmse": [0.01947912760078907, 0.019283832982182503, 0.017796896398067474, 0.017683152109384537, 0.019896408542990685]}