{"dpearsonr": [0.3920334268960572, 0.3644490528348517, 0.3867683040858178, 0.39056127868738194, 0.3769187434520091], "dspearmanr": [0.34588024176248344, 0.33578412622512677, 0.40128560241856315, 0.3601076112351837, 0.3358391574308187], "drmse": [0.011106740683317184, 0.012906557880342007, 0.012110281735658646, 0.011846351437270641, 0.011865833774209023], "cpearsonr": [0.7810327819280032, 0.7793033536521814, 0.770840668354455, 0.76086408039811, 0.7663717281151715], "cspearmanr": [0.7389410432095402, 0.7344296930984776, 0.7308172370721309, 0.7245607113481612, 0.721026232702173], "crmse": [0.011593634262681007, 0.012880027294158936, 0.012090574949979782, 0.011892411857843399, 0.011949634179472923]}