{"dpearsonr": [0.3927753340535128, 0.3733687943700322, 0.3765991673201606, 0.3836956372744497, 0.3748822818662666], "dspearmanr": [0.3480855767829949, 0.33908517936945404, 0.37034962889942064, 0.35336421627655235, 0.33244049052393493], "drmse": [0.011159236542880535, 0.012815168127417564, 0.012249286286532879, 0.011987632140517235, 0.011836531572043896], "cpearsonr": [0.7793561377072344, 0.7811388308269727, 0.7678926901682933, 0.7577845575156354, 0.7674702747898946], "cspearmanr": [0.7365245464605943, 0.7356414470362712, 0.7275957017913741, 0.7214976433714387, 0.7215908387021226], "crmse": [0.011599556542932987, 0.012810323387384415, 0.01223982684314251, 0.012032929807901382, 0.011894095689058304]}