{"dpearsonr": [0.08360782702125935, 0.0800690859646868, 0.08311524324894203, 0.08347436941641984, 0.08094451459200964], "dspearmanr": [0.07949227338467006, 0.07867341963974875, 0.082004919266511, 0.0818579977850408, 0.07959602555225684], "drmse": [0.018534459173679352, 0.018331464380025864, 0.018495839089155197, 0.018577776849269867, 0.018368108198046684], "cpearsonr": [0.7150230667551569, 0.7165289403531593, 0.7156620766732268, 0.7176873113024915, 0.7168995923153202], "cspearmanr": [0.6762036285962042, 0.677599313143305, 0.6765171334330804, 0.6772070692569587, 0.677328549154419], "crmse": [0.018379440531134605, 0.018190229311585426, 0.018348323181271553, 0.018426431342959404, 0.01821908727288246]}