{"dpearsonr": [0.09735843102203252, 0.10463357663170625, 0.11788822894934405, 0.10056737099262003, 0.10868471902966616], "dspearmanr": [0.08586139158197732, 0.09539137425156191, 0.10155108043283541, 0.09732175331968829, 0.09890840012331573], "drmse": [0.016195835545659065, 0.016346050426363945, 0.01615539751946926, 0.016231535002589226, 0.016378771513700485], "cpearsonr": [0.7440779815230989, 0.7417134431300959, 0.7460046892690202, 0.74303152297652, 0.7392670489950557], "cspearmanr": [0.7002650267826691, 0.6994747491411409, 0.701659507790027, 0.7000455180339172, 0.6965501199273888], "crmse": [0.016127033159136772, 0.01633959822356701, 0.016071707010269165, 0.01619017869234085, 0.016303742304444313]}