{"dpearsonr": [0.07326875511512485, 0.09309866345709032, 0.10600266035788758, 0.09678775060370955, 0.07852506266097836], "dspearmanr": [0.06702302334866594, 0.08245721396874925, 0.09737491485332238, 0.0888228324945034, 0.07374543676363138], "drmse": [0.016744593158364296, 0.016765374690294266, 0.016452999785542488, 0.016461165621876717, 0.016957512125372887], "cpearsonr": [0.7374570930510229, 0.738996681749055, 0.7407294540931926, 0.739679670325265, 0.7352078702694165], "cspearmanr": [0.6941827114329113, 0.6968653975210675, 0.6972010110887574, 0.697676314300645, 0.6952181433233876], "crmse": [0.01664719171822071, 0.01662585325539112, 0.016351768746972084, 0.01634739711880684, 0.016873670741915703]}