{"dpearsonr": [0.017500766750915067, 0.019696198589692546, 0.020933664316641492, 0.019087841646252317, 0.015610867395552301], "drmse": [0.08797770738601685, 0.08860177546739578, 0.0885130986571312, 0.08926565200090408, 0.08941721171140671], "cpearsonr": [0.7238557611624199, 0.7253265400096405, 0.724612326920521, 0.7175004870261974, 0.7276312248431968], "crmse": [0.08861265331506729, 0.08923077583312988, 0.08909119665622711, 0.08986230194568634, 0.09006361663341522]}