{"dpearsonr": [0.09948711822916763, 0.11387450071982781, 0.11036780287407334, 0.11429387033690139, 0.1064156079208635], "dspearmanr": [0.0889566619478312, 0.10615908616096834, 0.09709353060260899, 0.1019052136532436, 0.09498114248809574], "drmse": [0.01636594906449318, 0.016409238800406456, 0.016287539154291153, 0.016122251749038696, 0.01636005938053131], "cpearsonr": [0.740344268855719, 0.7419954979801344, 0.7435608667979434, 0.7434422740621607, 0.7405533600749759], "cspearmanr": [0.6978721155940216, 0.6997081507814994, 0.6991440747721123, 0.6999996552129266, 0.6970172161760025], "crmse": [0.01629149541258812, 0.016327036544680595, 0.016211144626140594, 0.016036612913012505, 0.01625366136431694]}