{"dpearsonr": [0.06419607968392377, 0.04702297449533588, 0.05905701774399768, 0.04859001183506571, 0.05956970061548204], "dspearmanr": [0.05319400653313457, 0.0417685340928776, 0.05730703810990032, 0.04647817954803694, 0.06308757700264828], "drmse": [0.020599422976374626, 0.0212338175624609, 0.01831689104437828, 0.019799040630459785, 0.01971445232629776], "cpearsonr": [0.7009187982441417, 0.7093662129396018, 0.723021021266066, 0.706671636797818, 0.7018697954537142], "cspearmanr": [0.6665394810883827, 0.6790178725237803, 0.6839583079830514, 0.6715736692991415, 0.6734783622556095], "crmse": [0.020649835467338562, 0.021230924874544144, 0.018182305619120598, 0.01966162584722042, 0.019657045602798462]}