{"dpearsonr": [0.10169974906189977, 0.11548736927021343, 0.11088505365508596, 0.09745734634626416, 0.10688553023408899], "dspearmanr": [0.10270898912056568, 0.10562658594582111, 0.10631883013752533, 0.09439400766010922, 0.09591876031681126], "drmse": [0.016403255984187126, 0.016478950157761574, 0.016311421990394592, 0.0164466742426157, 0.016318973153829575], "cpearsonr": [0.7398193434877876, 0.7389392905703058, 0.7409932046311327, 0.7406313267445693, 0.7420785707209121], "cspearmanr": [0.6978899217912617, 0.6970417097003964, 0.6975769997669803, 0.6971973759490423, 0.6982352893299112], "crmse": [0.01639275625348091, 0.016422288492321968, 0.016262710094451904, 0.016389552503824234, 0.016253262758255005]}