{"dpearsonr": [0.21389832492813243, 0.17059665449682798, 0.19300971872124106, 0.21115725182338685, 0.15370563924194877], "drmse": [0.08659949153661728, 0.09600484371185303, 0.09967675060033798, 0.09990779310464859, 0.09160731732845306], "cpearsonr": [0.7626257423834621, 0.7391020087546635, 0.753519543382095, 0.758230552724513, 0.7596468158784733], "crmse": [0.08686790615320206, 0.09570152312517166, 0.10014182329177856, 0.10043131560087204, 0.09112269431352615]}