{"dpearsonr": [0.3684067388852621, 0.353225259451884, 0.36669568816618914, 0.35738431576354207, 0.3518738737147071], "dspearmanr": [0.3153400214612667, 0.31624702089176004, 0.35999936617848605, 0.3250318464861712, 0.3114110514211198], "drmse": [0.011446836404502392, 0.01304283831268549, 0.012274853885173798, 0.012271600775420666, 0.012164857238531113], "cpearsonr": [0.7766421167792243, 0.7748934724923868, 0.7662727519796215, 0.7525046314853313, 0.7629041731118912], "cspearmanr": [0.7335144367607209, 0.7273079243252674, 0.7240910889971717, 0.7169591941656001, 0.7160770666516175], "crmse": [0.01191568560898304, 0.01301977876573801, 0.012293615378439426, 0.01230194978415966, 0.012242380529642105]}