{"dpearsonr": [0.20792200960104276, 0.17802405912137637, 0.17306925609089888, 0.21004434941655065, 0.14621618899553102], "drmse": [0.08674024045467377, 0.09536697715520859, 0.09986060112714767, 0.09997858107089996, 0.09137064218521118], "cpearsonr": [0.7610078956257282, 0.7367031976694408, 0.7485615844165089, 0.7535483395740017, 0.7603903662573757], "crmse": [0.08701163530349731, 0.09504836797714233, 0.10032420605421066, 0.10052181035280228, 0.09097569435834885]}