{"dpearsonr": [0.32352444833207633, 0.30026282194018883, 0.35421933536011313, 0.3297990661813427, 0.30505630020107816], "dspearmanr": [0.280217391262778, 0.27403368053304, 0.34511971525029705, 0.3050666747794252, 0.26122036336963445], "drmse": [0.012059202417731285, 0.013576011173427105, 0.012425627559423447, 0.012561260722577572, 0.012815548107028008], "cpearsonr": [0.7678886035254952, 0.7647986787080576, 0.758910998054877, 0.7450860813350592, 0.7467544854486696], "cspearmanr": [0.7259917162056686, 0.7170857613414141, 0.7183024668363432, 0.7090743165220232, 0.7015451758063805], "crmse": [0.012562818825244904, 0.013601492159068584, 0.012436803430318832, 0.012586466036736965, 0.012904179282486439]}