{"dpearsonr": [0.09686034238448386, 0.08007429014047629, 0.09988517031021285, 0.09645885292625327, 0.08937311393943491], "dspearmanr": [0.0858759873272342, 0.07088646057313958, 0.08820504359815265, 0.08711958849395889, 0.07408210745931317], "drmse": [0.01630297861993313, 0.016656439751386642, 0.016205744817852974, 0.016298234462738037, 0.016684915870428085], "cpearsonr": [0.7417972419771885, 0.7394729306862987, 0.74355909552106, 0.7413562339632975, 0.7395137412664845], "cspearmanr": [0.700851437900172, 0.6973649565699588, 0.7001955077805756, 0.6979501827933601, 0.697594909963298], "crmse": [0.016262425109744072, 0.016604090109467506, 0.016102274879813194, 0.01621641218662262, 0.01654260978102684]}