{"dpearsonr": [0.3664770276642484, 0.3407716604116582, 0.3463628599008926, 0.3727359827901436, 0.35004153409805644], "dspearmanr": [0.3238796814889169, 0.3186466450512215, 0.37657927144441056, 0.33797698317319125, 0.31547835531585117], "drmse": [0.011508692055940628, 0.013451222330331802, 0.01285460777580738, 0.012166879139840603, 0.012600083835422993], "cpearsonr": [0.7762525464677301, 0.7741072144581524, 0.7627739583604446, 0.7558100379837458, 0.7602467386870626], "cspearmanr": [0.7336552973625298, 0.7266408049934374, 0.7241449878937545, 0.719794249722213, 0.7152699169252283], "crmse": [0.011896158568561077, 0.013422740623354912, 0.012829090468585491, 0.012204357422888279, 0.012626881711184978]}