{"dpearsonr": [NaN, NaN, NaN, NaN, NaN], "drmse": [0.08338411152362823, 0.08298058807849884, 0.08495274186134338, 0.08415136486291885, 0.08362039178609848], "cpearsonr": [0.7395103015015861, 0.739620283264747, 0.7402482219584611, 0.7403836242486095, 0.7396937245519339], "crmse": [0.08403895795345306, 0.08361422270536423, 0.08558450639247894, 0.08478241413831711, 0.08428239077329636]}