{"dpearsonr": [NaN, NaN, NaN, NaN, NaN], "drmse": [0.08491393178701401, 0.09299085289239883, 0.09820976108312607, 0.09651695936918259, 0.08798716962337494], "cpearsonr": [0.7295832668639459, 0.7129258175162609, 0.7279092687747233, 0.7266630778761608, 0.7435580234482699], "crmse": [0.08510939031839371, 0.09276938438415527, 0.09851047396659851, 0.09702978283166885, 0.08771741390228271]}