{"dpearsonr": [0.4056160817395167, 0.38723079140790406, 0.4219787203287417, 0.39685828182465693, 0.4130461442950646], "dspearmanr": [0.3556631660349715, 0.3430514844609713, 0.39763322053985606, 0.37427832191859134, 0.362194605803518], "drmse": [0.01127380970865488, 0.01286993082612753, 0.011621604673564434, 0.011777762323617935, 0.011297157034277916], "cpearsonr": [0.7851339433980765, 0.7846288557875325, 0.7820074373001654, 0.7669501826077285, 0.7761451943820191], "cspearmanr": [0.7442435878716162, 0.7444017080243627, 0.7437861475645706, 0.7303679832827568, 0.729503396279633], "crmse": [0.011635432951152325, 0.012853276915848255, 0.011578111909329891, 0.011975551024079323, 0.011367320083081722]}