{"dpearsonr": [NaN, NaN, NaN, NaN, NaN], "drmse": [0.08884885162115097, 0.08578312397003174, 0.09185303002595901, 0.09495531022548676, 0.09681102633476257], "cpearsonr": [0.7431508934387917, 0.7295189865210346, 0.7162489282035507, 0.7211355047110706, 0.7308553057206111], "crmse": [0.08914630115032196, 0.08591973036527634, 0.09147755056619644, 0.09508448094129562, 0.09711587429046631]}