{"dpearsonr": [0.39183631943086744, 0.4079784546930456, 0.4459906236102039, 0.40676145255779655, 0.42884686594870763], "dspearmanr": [0.3459406163088987, 0.36462250416027914, 0.41529672099957265, 0.3759641001247047, 0.370396273723564], "drmse": [0.011234588921070099, 0.0124611621722579, 0.011235900223255157, 0.011710706166923046, 0.011198922991752625], "cpearsonr": [0.7825597131909444, 0.7871531170506965, 0.7829744941598895, 0.7639974929664528, 0.7748975634022577], "cspearmanr": [0.7424372199996647, 0.74708716903835, 0.7415378470716589, 0.7314757370220314, 0.728678651112954], "crmse": [0.011655162088572979, 0.012431226670742035, 0.011219344101846218, 0.011822917498648167, 0.011283818632364273]}