{"dpearsonr": [0.37174977289137084, 0.40581425810084887, 0.40748624509897535, 0.4038230038074516, 0.4298903927198406], "dspearmanr": [0.32851508435399224, 0.3589850723971336, 0.39795993949255515, 0.38349061918170857, 0.3746812879221821], "drmse": [0.011565515771508217, 0.012334403581917286, 0.01151246763765812, 0.0117736691609025, 0.011238020844757557], "cpearsonr": [0.7825358405546353, 0.789457084548254, 0.7813582512470352, 0.7680446933139468, 0.7770212567014877], "cspearmanr": [0.7415729892097036, 0.7461217591231417, 0.7419325143264861, 0.7302834254260379, 0.7328741743250713], "crmse": [0.011869791895151138, 0.012330731377005577, 0.011490602046251297, 0.011843857355415821, 0.011358611285686493]}