{"dpearsonr": [NaN, NaN, NaN, NaN, NaN], "drmse": [0.08492811769247055, 0.08772899955511093, 0.09100249409675598, 0.0954628735780716, 0.09360522776842117], "cpearsonr": [0.7433034954540512, 0.7294826738021928, 0.716120744392393, 0.7210917517492648, 0.7309259273663374], "crmse": [0.08522150665521622, 0.08785814046859741, 0.0906224325299263, 0.09559091180562973, 0.09391515702009201]}