{"dpearsonr": [NaN, NaN, NaN, NaN, NaN], "drmse": [0.08610566705465317, 0.08506008982658386, 0.08963219076395035, 0.09328052401542664, 0.09714388102293015], "cpearsonr": [0.7433287983539278, 0.7293930678917964, 0.7163917029887742, 0.721217715810573, 0.7306628514021656], "crmse": [0.08640015870332718, 0.08519493788480759, 0.08926544338464737, 0.0934072732925415, 0.09744501113891602]}