{"dpearsonr": [NaN, NaN, NaN, NaN, NaN], "drmse": [0.08880606293678284, 0.08702877163887024, 0.09325210005044937, 0.09558399021625519, 0.09777829796075821], "cpearsonr": [0.7433435854958723, 0.7295054058727457, 0.7163646654483812, 0.7214798340933015, 0.7309595137598549], "crmse": [0.08910467475652695, 0.08716336637735367, 0.09287306666374207, 0.09571510553359985, 0.09808947890996933]}