{"dpearsonr": [NaN, NaN, NaN, NaN, NaN], "drmse": [0.08622422814369202, 0.08540516346693039, 0.09041781723499298, 0.09405550360679626, 0.09744134545326233], "cpearsonr": [0.7429029339292849, 0.7295815432893322, 0.7160058500588439, 0.7205096714823922, 0.7302993081730869], "crmse": [0.08651529997587204, 0.08553272485733032, 0.09004973620176315, 0.09417872130870819, 0.097746342420578]}