{"dpearsonr": [NaN, NaN, NaN, NaN, NaN], "drmse": [0.08820199221372604, 0.08503123372793198, 0.09232983738183975, 0.09701938182115555, 0.09652005136013031], "cpearsonr": [0.7430221110637819, 0.7294751607662606, 0.7160305389033728, 0.7207160452810724, 0.7302234963076745], "crmse": [0.08849634975194931, 0.08516237139701843, 0.09195410460233688, 0.09714843332767487, 0.09682636708021164]}