{"dpearsonr": [0.3514061403937443, 0.3500990148195653, 0.40269638356004717, 0.33827367451601675, 0.38355813980882314], "dspearmanr": [0.30645712658547464, 0.3171329675894558, 0.37871393501013456, 0.3245410218203714, 0.3250031982691539], "drmse": [0.01178340520709753, 0.013271213509142399, 0.01163835171610117, 0.013048074208199978, 0.011554366908967495], "cpearsonr": [0.7780558649038443, 0.778897281163025, 0.7764192479040839, 0.7545652821415789, 0.7673100088844892], "cspearmanr": [0.737968745985522, 0.7383258889897292, 0.7344726788335898, 0.7192917097562, 0.7205492357468734], "crmse": [0.012121089734137058, 0.0132587980479002, 0.011618603952229023, 0.013138089329004288, 0.011660951189696789]}