{"dpearsonr": [NaN, NaN, NaN, NaN, NaN], "drmse": [0.09059707820415497, 0.08509817719459534, 0.09367518126964569, 0.09705045819282532, 0.09826976805925369], "cpearsonr": [0.7432267938401163, 0.7294516095602809, 0.7162977510025643, 0.7212863934021816, 0.7310861866848221], "crmse": [0.09089824557304382, 0.08523604273796082, 0.09329210966825485, 0.09717952460050583, 0.09857743233442307]}