{"dpearsonr": [0.3595629670290048, 0.3537239718345558, 0.39051434117790856, 0.37612770884103885, 0.39147385708118254], "dspearmanr": [0.32174428206110867, 0.3218311189639437, 0.3609482082464786, 0.34485876966885376, 0.3226228671597559], "drmse": [0.011705072596669197, 0.012988968752324581, 0.01222742535173893, 0.012003868818283081, 0.0118329469114542], "cpearsonr": [0.7799557480627457, 0.782289931757983, 0.7749143010578969, 0.7638531419565202, 0.7676999942745817], "cspearmanr": [0.7370191167259831, 0.7423807749028242, 0.7348490269456784, 0.7303596339900292, 0.7230768660821479], "crmse": [0.012042074464261532, 0.012957791797816753, 0.012202355079352856, 0.012116694822907448, 0.011903233826160431]}