{"dpearsonr": [NaN, NaN, NaN, NaN, NaN], "drmse": [0.08976130187511444, 0.08502330631017685, 0.09211482852697372, 0.09583377093076706, 0.09629728645086288], "cpearsonr": [0.7432427123977254, 0.7294341304370123, 0.7164993754854625, 0.7213684596668929, 0.7308949958570641], "crmse": [0.09005873650312424, 0.0851610079407692, 0.09174054861068726, 0.09596181660890579, 0.0966062992811203]}