{"dpearsonr": [NaN, NaN, NaN, NaN, NaN], "drmse": [0.0894223004579544, 0.08636509627103806, 0.09286746382713318, 0.09550733119249344, 0.09698168188333511], "cpearsonr": [0.7433248530678774, 0.729457364493356, 0.7160986516265196, 0.7213363811585317, 0.7310926645185797], "crmse": [0.08972030878067017, 0.08649925142526627, 0.09248262643814087, 0.09563407301902771, 0.0972898006439209]}