{"dpearsonr": [0.39567299075650275, 0.3981903140338204, 0.41957080232852023, 0.39486960017953227, 0.4096907008337602], "dspearmanr": [0.34108074664487226, 0.36711347419157564, 0.40664577406897184, 0.3738594890862718, 0.3610062221599122], "drmse": [0.011211889795958996, 0.012718427926301956, 0.011512728407979012, 0.011938707903027534, 0.011571599170565605], "cpearsonr": [0.7844420601170066, 0.7837458765567463, 0.7791841694846565, 0.7660247734306309, 0.7736046643996309], "cspearmanr": [0.742524022610382, 0.7447843295596284, 0.7401260884543254, 0.7309831308981757, 0.7285111010664531], "crmse": [0.011477405205368996, 0.012738881632685661, 0.011523870751261711, 0.01208336278796196, 0.011696717701852322]}