{"dpearsonr": [0.08296771222837787, 0.09500921861250274, 0.07866541120752346, 0.1675471527757943, 0.0647189396675892], "dspearmanr": [0.07635341841841614, 0.09566656231183844, 0.07518603013478647, 0.13077246737217393, 0.06118886293151248], "drmse": [0.01520275417715311, 0.016880864277482033, 0.01575305312871933, 0.014783221296966076, 0.015074474737048149], "cpearsonr": [0.7326479077410224, 0.736013696459572, 0.7281737711903303, 0.7166299297629202, 0.7216446568064468], "cspearmanr": [0.6920988064529594, 0.6876893228914496, 0.6867189708604011, 0.6799763860134123, 0.674556531476637], "crmse": [0.01560899056494236, 0.016958147287368774, 0.0156684722751379, 0.014828795567154884, 0.015157141722738743]}