{"dpearsonr": [0.07650574669234537, 0.06250113837591559, 0.05487990495382819, 0.07584284787243574, 0.057245209575030764], "dspearmanr": [0.061167258164866414, 0.05432704889999786, 0.061843078202824565, 0.0769894648279902, 0.06128277150739298], "drmse": [0.017508814111351967, 0.016927888616919518, 0.017349911853671074, 0.017657997086644173, 0.017200713977217674], "cpearsonr": [0.7446352589283746, 0.7459299096521375, 0.7427725427709754, 0.7438272087351208, 0.7444591208787437], "cspearmanr": [0.7015798181002385, 0.7035659463707391, 0.6995093468227257, 0.7013210555494963, 0.7007087485933653], "crmse": [0.01735718362033367, 0.016816064715385437, 0.017225096002221107, 0.01752491481602192, 0.017084898427128792]}