{"dpearsonr": [0.09064022444668929, 0.079717719294513, 0.05935847979789369, 0.15393702701789572, 0.07391851249427384], "dspearmanr": [0.07891392668934037, 0.07151977478449849, 0.06319501571466789, 0.13214492902865627, 0.07251258006131749], "drmse": [0.014577665366232395, 0.016530899330973625, 0.0160367488861084, 0.015262041240930557, 0.014878770336508751], "cpearsonr": [0.7339235816071566, 0.7350492728566396, 0.7257640013691583, 0.7163716134619923, 0.7214257780993721], "cspearmanr": [0.6926559560425224, 0.6872959736172405, 0.6852831309544752, 0.679912777732132, 0.6737390491345538], "crmse": [0.01505108829587698, 0.01658635586500168, 0.015955578535795212, 0.015275766141712666, 0.014977512881159782]}