{"dpearsonr": [0.07398125816919959, 0.07954593394329483, 0.06259971714360943, 0.07512693909544436, 0.049588691903882244], "dspearmanr": [0.07022128083773732, 0.07113944715262216, 0.07243262868648905, 0.0760327919266961, 0.05135235265989711], "drmse": [0.017596103250980377, 0.017433851957321167, 0.01679139956831932, 0.016826584935188293, 0.016999315470457077], "cpearsonr": [0.744704509555628, 0.744573944392635, 0.7444394623042989, 0.7457099345715763, 0.744211758133154], "cspearmanr": [0.702224084882942, 0.7021643750589233, 0.7005629505004863, 0.7023640989556117, 0.7015516116123535], "crmse": [0.017448939383029938, 0.01734004355967045, 0.01668621227145195, 0.016710717231035233, 0.016903193667531013]}