{"dpearsonr": [NaN, NaN, NaN, NaN, NaN], "drmse": [0.0820806622505188, 0.07986463606357574, 0.07990151643753052, 0.08104813098907471, 0.08365339040756226], "cpearsonr": [0.7393181824936833, 0.7394881972629382, 0.7398727287896505, 0.7401140450943325, 0.7395531449845484], "crmse": [0.08272777497768402, 0.08048518002033234, 0.08050418645143509, 0.08166759461164474, 0.08430927246809006]}