{"dpearsonr": [NaN, NaN, NaN, NaN, NaN], "drmse": [0.08359027653932571, 0.08961348235607147, 0.09258820861577988, 0.0930657610297203, 0.08800395578145981], "cpearsonr": [0.7294835793062151, 0.7125060277356178, 0.7271739505153652, 0.7260285573329588, 0.7438065065198611], "crmse": [0.08378128707408905, 0.08939938247203827, 0.09287853538990021, 0.09356755018234253, 0.08772784471511841]}