{"dpearsonr": [NaN, NaN, NaN, NaN, NaN], "drmse": [0.08338448405265808, 0.09081851691007614, 0.09418250620365143, 0.09336759895086288, 0.08433376252651215], "cpearsonr": [0.7294045984444867, 0.7124193609143367, 0.7270499286148296, 0.7261548483188511, 0.7437514356190578], "crmse": [0.08357618749141693, 0.09060052782297134, 0.0944746881723404, 0.09387018531560898, 0.08407113701105118]}