{"dpearsonr": [NaN, NaN, NaN, NaN, NaN], "drmse": [0.08187749981880188, 0.08098065108060837, 0.08134333789348602, 0.08132030814886093, 0.08013629168272018], "cpearsonr": [0.7391678697409377, 0.7394159671834235, 0.7398410227053096, 0.7401140012678601, 0.7396467879596614], "crmse": [0.08252110332250595, 0.08160386234521866, 0.08195339143276215, 0.08193626254796982, 0.08077269047498703]}