{"dpearsonr": [NaN, NaN, NaN, NaN, NaN], "drmse": [0.08097035437822342, 0.08343269675970078, 0.08143454045057297, 0.08107054978609085, 0.08055536448955536], "cpearsonr": [0.7353676467242722, 0.7364023307213817, 0.7355554148667705, 0.7355348335247828, 0.7342946191856505], "crmse": [0.08159729838371277, 0.08406828343868256, 0.08204611390829086, 0.08168411999940872, 0.08119172602891922]}