{"dpearsonr": [NaN, NaN, NaN, NaN, NaN], "drmse": [0.08239921182394028, 0.0933452919125557, 0.09421613812446594, 0.09301408380270004, 0.08467187732458115], "cpearsonr": [0.7254686876920573, 0.7085959509055464, 0.7197040702130001, 0.7183808976620325, 0.7399582122042387], "crmse": [0.08257683366537094, 0.0931238904595375, 0.09450783580541611, 0.09351979941129684, 0.08439243584871292]}