{"dpearsonr": [0.3399294989475041, 0.3044891471203985, 0.3628286643206619, 0.32199656320742287, 0.32656626514791426], "dspearmanr": [0.28634308007526144, 0.28681912279291555, 0.3306701286226184, 0.3078843402647905, 0.28145088172180777], "drmse": [0.011771065182983875, 0.013835668563842773, 0.012507790699601173, 0.012676763348281384, 0.012644041329622269], "cpearsonr": [0.7700988604031451, 0.7688512045127778, 0.7655824443196118, 0.7510445390373222, 0.7526422718012258], "cspearmanr": [0.7287692596402288, 0.7289570494347953, 0.7279674923265272, 0.7162593121755336, 0.7082296053371643], "crmse": [0.012034304440021515, 0.013816840946674347, 0.012485094368457794, 0.012822912074625492, 0.012719393707811832]}