{"dpearsonr": [0.4148895562640297, 0.42074010709997584, 0.43697026700331226, 0.43486393470399065, 0.4358450331326401], "dspearmanr": [0.35888023173057626, 0.37329231016009046, 0.39626323186626444, 0.39478213840366516, 0.3760530046142415], "drmse": [0.011129508726298809, 0.01242438331246376, 0.011502825655043125, 0.01149245910346508, 0.011360986158251762], "cpearsonr": [0.7864271293548447, 0.7875899097231781, 0.7859793195976732, 0.7715718525100658, 0.7759299473217934], "cspearmanr": [0.7451818965067094, 0.7454273405459269, 0.7439403334625723, 0.7379804367935902, 0.7318205140057797], "crmse": [0.011573756113648415, 0.012397108599543571, 0.011488654650747776, 0.01161474920809269, 0.011456048116087914]}