{"dpearsonr": [0.41821952416457336, 0.4018652646580871, 0.45220049038365384, 0.3714034321336216, 0.43154317820222604], "dspearmanr": [0.36188042587014857, 0.3687117869904147, 0.43303505676015036, 0.34026609351166165, 0.3715646552526199], "drmse": [0.010953163728117943, 0.012369281612336636, 0.011029096320271492, 0.01207208726555109, 0.011157740838825703], "cpearsonr": [0.7850120056676057, 0.7893485754929843, 0.7856304149955726, 0.7643370182527719, 0.7758423524170518], "cspearmanr": [0.7447487802172117, 0.7477753751270292, 0.742797319208181, 0.729515340076419, 0.7293910469006754], "crmse": [0.01127199549227953, 0.012373815290629864, 0.010994359850883484, 0.012189863249659538, 0.01124632265418768]}