{"dpearsonr": [0.08656725243886637, 0.10248369619448766, 0.08285947933639129, 0.05950701568913886, 0.06923454194329265], "dspearmanr": [0.08504657993720356, 0.10645648922187116, 0.0815394260589043, 0.06414182877329358, 0.08206857068174071], "drmse": [0.014044510200619698, 0.015704357996582985, 0.015308876521885395, 0.015191876329481602, 0.014797423034906387], "cpearsonr": [0.7367537723653684, 0.7383227927268512, 0.730193986006793, 0.7184440579863113, 0.7234395493517572], "cspearmanr": [0.6920786747729124, 0.6910012866811234, 0.6875768345388217, 0.6807505157318685, 0.6756188505460784], "crmse": [0.014562615193426609, 0.01584077626466751, 0.01518428698182106, 0.015198195353150368, 0.014906185679137707]}