{"dpearsonr": [0.05030411593039081, 0.023945481304976736, 0.06754161132586889, -0.014793183124989836, -9.702925393557937e-05], "drmse": [0.017591621726751328, 0.01534061785787344, 0.01341747585684061, 0.013622713275253773, 0.014046764932572842], "cpearsonr": [0.7303098882429756, 0.713519422021879, 0.7295374151873512, 0.7276852828719471, 0.7451812618157437], "crmse": [0.017854556441307068, 0.015431320294737816, 0.013445119373500347, 0.013631321489810944, 0.014326772652566433]}