{"dpearsonr": [NaN, 0.06385692702468578, 0.10605072448848568, 0.07328280441196999, 0.06376708877880184], "dspearmanr": [NaN, 0.06807973618948138, 0.09194462942948861, 0.08091659506424932, 0.07557822283173422], "drmse": [0.017479965463280678, 0.015330763533711433, 0.013424169272184372, 0.013387689366936684, 0.014120668172836304], "cpearsonr": [0.7306052417768887, 0.7135134534261374, 0.7293672633961721, 0.7280362094851337, 0.7449883029058685], "cspearmanr": [0.6909387899858647, 0.6703362368711524, 0.6830592905863665, 0.6738048722127661, 0.7055741998803992], "crmse": [0.01773919351398945, 0.015424082987010479, 0.01345104817301035, 0.013408058322966099, 0.014409941621124744]}