{"dpearsonr": [0.07607370934807443, 0.05914016587300517, 0.07502388630458016, 0.06496710494428133, 0.09970128499313055], "dspearmanr": [0.07291051956593383, 0.06926415003803409, 0.07345806427353144, 0.06276912017095918, 0.08655041100027716], "drmse": [0.01747421734035015, 0.015351626090705395, 0.01342601515352726, 0.013390233740210533, 0.014130906201899052], "cpearsonr": [0.7307507645795237, 0.7134210704076748, 0.7289300843588327, 0.7278687022573517, 0.7450022710775234], "cspearmanr": [0.6908332732161054, 0.6707787598648873, 0.6832454130068321, 0.6744189401599838, 0.7055895187252669], "crmse": [0.017737487331032753, 0.015439198352396488, 0.013450163416564465, 0.01340688019990921, 0.014423232525587082]}