{"dpearsonr": [-0.009285224028944026, -0.00519453603049785, -0.0015418242851511607, -0.007468307424529169, 0.0003064639838255568], "drmse": [0.07976292818784714, 0.10488338023424149, 0.08647512644529343, 0.08186221122741699, 0.08780266344547272], "cpearsonr": [0.7305829880514071, 0.7136587477437136, 0.730544890490718, 0.7290638147941514, 0.7449068792792656], "crmse": [0.07995764911174774, 0.10463953018188477, 0.08675411343574524, 0.08235731720924377, 0.08752714842557907]}