{"dpearsonr": [0.4103633224047331, 0.39222788979097833, 0.43974602017710296, 0.38551541877653017, 0.41662898515189384], "dspearmanr": [0.3678728206052481, 0.36054092132548826, 0.41172402645235534, 0.3589782123321625, 0.36216575190509037], "drmse": [0.0109384935349226, 0.01259093638509512, 0.011180581524968147, 0.01214270293712616, 0.011263936758041382], "cpearsonr": [0.7885904354556436, 0.786420418092771, 0.783895973692565, 0.764876628067762, 0.7783517169489745], "cspearmanr": [0.7476166185246451, 0.7487407262097571, 0.7449941387008041, 0.7304814619030329, 0.7320774204813912], "crmse": [0.01135510765016079, 0.012529822997748852, 0.011162291280925274, 0.012288309633731842, 0.01131527591496706]}