{"dpearsonr": [NaN, NaN, NaN, NaN, NaN], "drmse": [0.08750488609075546, 0.08741093426942825, 0.09103745222091675, 0.09390951693058014, 0.09558132290840149], "cpearsonr": [0.7429558474901021, 0.7295470334043577, 0.716085612626302, 0.7207785253773158, 0.730367314381052], "crmse": [0.08780161291360855, 0.08753938227891922, 0.09066469222307205, 0.09403809159994125, 0.09589095413684845]}