{"dpearsonr": [0.30179539845722025, 0.2547729551803307, 0.3013309218842429, 0.2918854364065407, 0.3178192979347834], "dspearmanr": [0.24240062571829285, 0.2147989610600164, 0.27335783050148144, 0.27625376334615487, 0.2328066817768724], "drmse": [0.012091836892068386, 0.01390757504850626, 0.012918424792587757, 0.013821424916386604, 0.012433293275535107], "cpearsonr": [0.7495594473378031, 0.7531928369643663, 0.7474817743802438, 0.7204897457749428, 0.7396744144586097], "cspearmanr": [0.7046065573517375, 0.7035843720756276, 0.7040139359280015, 0.6820199854448782, 0.6905578275588864], "crmse": [0.012527304701507092, 0.013915272429585457, 0.01291610673069954, 0.013882559724152088, 0.012533239088952541]}