{"dpearsonr": [0.4275340510794966, 0.406456522517415, 0.43462295296878095, 0.41216377937348647, 0.42902629522109426], "dspearmanr": [0.370345987574598, 0.3592479314172585, 0.4143207660890638, 0.38163875754567145, 0.3707673358784017], "drmse": [0.010877242311835289, 0.012478160671889782, 0.011497169733047485, 0.011872246861457825, 0.01134316623210907], "cpearsonr": [0.7890365814389796, 0.7905148810447947, 0.7828943469029949, 0.767906642822044, 0.7776636296265869], "cspearmanr": [0.74538260003587, 0.7485355540876147, 0.7422477154038456, 0.7333230092067827, 0.7323730551918375], "crmse": [0.011284293606877327, 0.012459089048206806, 0.011466321535408497, 0.012048385106027126, 0.01144873071461916]}