{"dpearsonr": [0.37306678995395864, 0.39195472921606106, 0.4205628567519837, 0.35217180566890594, 0.36918012755332474], "dspearmanr": [0.3286286023206599, 0.35076685119330503, 0.3976484102594291, 0.34252076376258633, 0.3202558461095819], "drmse": [0.01146051287651062, 0.012987236492335796, 0.011358198709785938, 0.012808521278202534, 0.012152434326708317], "cpearsonr": [0.7826252978500309, 0.7848136609213677, 0.7811328747721265, 0.7587113406401691, 0.7703514919978478], "cspearmanr": [0.7420961920890167, 0.7459010442226169, 0.7381020977538261, 0.727006931788204, 0.7253775871448342], "crmse": [0.0118545051664114, 0.012882882729172707, 0.0113297738134861, 0.012867704965174198, 0.012278310023248196]}