{"dpearsonr": [NaN, NaN, NaN, NaN, NaN], "drmse": [0.08514640480279922, 0.08586126565933228, 0.09050304442644119, 0.09371721744537354, 0.0969899520277977], "cpearsonr": [0.7433729050259474, 0.7294062896868503, 0.7162790672831076, 0.7210875696748628, 0.7307488948146547], "crmse": [0.08543877303600311, 0.08599327504634857, 0.09013143926858902, 0.09384322166442871, 0.09729523956775665]}