{"dpearsonr": [NaN, NaN, NaN, NaN, NaN], "drmse": [0.08752882480621338, 0.08290330320596695, 0.09210793673992157, 0.09311719983816147, 0.09626437723636627], "cpearsonr": [0.7432683482605472, 0.729392538176571, 0.7162836519459274, 0.7213818580061161, 0.7307501406195144], "crmse": [0.08782345801591873, 0.08304423093795776, 0.09172891080379486, 0.09324449300765991, 0.09657257795333862]}