{"dpearsonr": [NaN, NaN, NaN, NaN, NaN], "drmse": [0.08718225359916687, 0.08644728362560272, 0.09285777807235718, 0.0939035713672638, 0.09481487423181534], "cpearsonr": [0.7366466075746575, 0.7274126637250845, 0.7116371852542059, 0.7137887742798281, 0.7204339969993621], "crmse": [0.0874670222401619, 0.08655034005641937, 0.09248614311218262, 0.09403116255998611, 0.09511396288871765]}