{"dpearsonr": [NaN, NaN, NaN, NaN, NaN], "drmse": [0.08627241104841232, 0.08298671990633011, 0.08970130234956741, 0.09517764300107956, 0.09641370177268982], "cpearsonr": [0.7395622166026387, 0.725544737108718, 0.7101096468695077, 0.7101642018394658, 0.7224277731637955], "crmse": [0.08655356615781784, 0.08309394866228104, 0.08934670686721802, 0.09530021250247955, 0.09670978784561157]}