{"dpearsonr": [0.07269345439800047, 0.0733836929386832, 0.05018621957109366, 0.06539901543866561, 0.0608147006364215], "dspearmanr": [0.07523947671301516, 0.08177401957901805, 0.056113181148851096, 0.06358155568522685, 0.05786981652560683], "drmse": [0.01702876016497612, 0.016767553985118866, 0.01738111861050129, 0.017040681093931198, 0.01682068407535553], "cpearsonr": [0.7433724571057413, 0.7449828484167147, 0.7433710298885755, 0.7452123031917605, 0.7453910574384421], "cspearmanr": [0.7011819735467197, 0.7027203599782501, 0.701444073966745, 0.701764179310223, 0.7019240565484146], "crmse": [0.016864130273461342, 0.016621550545096397, 0.01720314845442772, 0.016910215839743614, 0.016703445464372635]}