{"dpearsonr": [0.06562309826173332, 0.08068623069685707, 0.056102730122496045, 0.06349751267196285, 0.05430410048058152], "dspearmanr": [0.06514443203683129, 0.09089523166566463, 0.05016435255990658, 0.07052789380048456, 0.05775327672979014], "drmse": [0.01676424965262413, 0.01691259816288948, 0.017448661848902702, 0.016809966415166855, 0.017526183277368546], "cpearsonr": [0.7439305155909612, 0.744635381958213, 0.7424569952113859, 0.7442162380071652, 0.7445190384407657], "cspearmanr": [0.7023686727098625, 0.7023454425592177, 0.6994189102689913, 0.700492274949616, 0.7021495677447508], "crmse": [0.016626443713903427, 0.016762861981987953, 0.017283720895648003, 0.016684701666235924, 0.0174215380102396]}