{"dpearsonr": [0.0711507827389472, 0.09968887221167515, 0.05788945877248303, 0.06128662959887034, 0.06546416632866972], "dspearmanr": [0.05841330600623396, 0.10157601516857513, 0.06226460458217074, 0.06514151193489043, 0.07832501828129139], "drmse": [0.01510506123304367, 0.01609700918197632, 0.016164124011993408, 0.016552168875932693, 0.015659455209970474], "cpearsonr": [0.7319914281910204, 0.7340460558579585, 0.7248582572003692, 0.7149737719897765, 0.721849136634706], "cspearmanr": [0.6916892625078227, 0.6869753340224367, 0.68611905033662, 0.6795656699404939, 0.6748410464678647], "crmse": [0.015567908994853497, 0.01617775298655033, 0.016050800681114197, 0.01650199480354786, 0.015708545222878456]}