{"dpearsonr": [0.0686629927549802, 0.09718344637491148, 0.06315250127100602, 0.07715192925625264, 0.08027374449341712], "dspearmanr": [0.06660376905503618, 0.08402797162544795, 0.05712912389037954, 0.08073348440154773, 0.06798912416058153], "drmse": [0.014732323586940765, 0.01599602773785591, 0.016685709357261658, 0.015291009098291397, 0.016654251143336296], "cpearsonr": [0.7332793249803868, 0.7350890309610523, 0.7246040650430958, 0.7157398021943543, 0.7189184260021101], "cspearmanr": [0.6921976738463665, 0.6870720257372963, 0.6858569527815125, 0.6793925454679278, 0.672930820376691], "crmse": [0.015209194272756577, 0.016025777906179428, 0.016552487388253212, 0.015283413231372833, 0.016687674447894096]}