{"dpearsonr": [0.27037315468141554, 0.2629053512620888, 0.2766714480684001, 0.28025515180739674, 0.2990709435455656], "dspearmanr": [0.20878546541580242, 0.2296858676215519, 0.26856414767372916, 0.26227711624376904, 0.2296958597062441], "drmse": [0.013160062953829765, 0.01517404429614544, 0.013667101040482521, 0.013656317256391048, 0.01328908372670412], "cpearsonr": [0.73679403989711, 0.7402451151422658, 0.7403347948773187, 0.7215741994554941, 0.7266576412989768], "cspearmanr": [0.692279355064084, 0.6884220764946152, 0.6953656721000173, 0.6817358854370568, 0.6754489790109606], "crmse": [0.013520765118300915, 0.01512015052139759, 0.01366553083062172, 0.013706974685192108, 0.013389036990702152]}