{"dpearsonr": [0.4224905418338553, 0.41647414964092516, 0.438380749258848, 0.418569026582293, 0.4261684280093287], "dspearmanr": [0.36448891223052665, 0.366276634221699, 0.40999144127696957, 0.3824888987704958, 0.36918771740286205], "drmse": [0.010892649181187153, 0.012152766808867455, 0.011411632411181927, 0.011732435785233974, 0.011132651939988136], "cpearsonr": [0.7896338811541749, 0.7913955091221484, 0.786201108521672, 0.7652145218264165, 0.7796359531430385], "cspearmanr": [0.7473140204092547, 0.7472363341910057, 0.744569887913232, 0.7309721333522076, 0.7335696293083802], "crmse": [0.011239655315876007, 0.012124188244342804, 0.011375830508768559, 0.011887110769748688, 0.011252774856984615]}