{"dpearsonr": [0.2787049847862328, 0.25501157733351487, 0.3320890173965154, 0.27059622245838766, 0.30991914057672504], "dspearmanr": [0.2346150459011167, 0.23905960800229772, 0.31925552401897656, 0.2688741562275512, 0.23540026699571046], "drmse": [0.013116544112563133, 0.016720037907361984, 0.013698713853955269, 0.013950303196907043, 0.01335195079445839], "cpearsonr": [0.7361298283455706, 0.7393500788500981, 0.732102847511445, 0.7199108401378276, 0.7255394129438685], "cspearmanr": [0.691789563500222, 0.6875442160881392, 0.6874647686059938, 0.6807342493643628, 0.6752595292818752], "crmse": [0.013587414287030697, 0.01666867546737194, 0.013634822331368923, 0.014011328108608723, 0.013441655784845352]}