{"dpearsonr": [0.2694871437437132, 0.29474555060670193, 0.30839113492940273, 0.2800161790140228, 0.2959647051551177], "dspearmanr": [0.22071485918205086, 0.2412452023713464, 0.2762496900109667, 0.2637886434861095, 0.21807253121298933], "drmse": [0.01311173103749752, 0.014544987119734287, 0.012833717279136181, 0.013900063000619411, 0.013507832773029804], "cpearsonr": [0.7370024013152046, 0.7403528840786909, 0.745466371343503, 0.7214996727727412, 0.726003458218235], "cspearmanr": [0.6922461114051297, 0.6880866929364404, 0.7019272355885683, 0.6823994363556478, 0.6759814802453539], "crmse": [0.01358836330473423, 0.014510123059153557, 0.012829102575778961, 0.01394533272832632, 0.013578454032540321]}