{"dpearsonr": [0.2774856566408491, 0.29945211144980116, 0.376032580581164, 0.2626565163864363, 0.30206481865640533], "dspearmanr": [0.2309354258565734, 0.24921344895960412, 0.35408504904229016, 0.2118947622245552, 0.2385151247505214], "drmse": [0.013140757568180561, 0.01353531889617443, 0.012197992764413357, 0.013081066310405731, 0.01335667259991169], "cpearsonr": [0.7373045340189037, 0.7586206133350463, 0.7499187205681566, 0.7362013312612106, 0.7264343219069799], "cspearmanr": [0.6926835796780538, 0.7080235104725958, 0.7077577157694835, 0.6985683484536365, 0.6756585008318763], "crmse": [0.013573444448411465, 0.013530334457755089, 0.012215503491461277, 0.013151331804692745, 0.013445000164210796]}