{"dpearsonr": [NaN, NaN, NaN, NaN, NaN], "drmse": [0.08737443387508392, 0.08496832847595215, 0.08899982273578644, 0.09363062679767609, 0.09686584770679474], "cpearsonr": [0.743328203687254, 0.7295360671210119, 0.7161505676861895, 0.7211096916701805, 0.7307262595370111], "crmse": [0.087669737637043, 0.08510226011276245, 0.08862872421741486, 0.09375796467065811, 0.09716729819774628]}