{"dpearsonr": [0.05756005800817249, 0.11266236935597153, 0.07780541559385068, 0.0735326875007433, 0.05585271383195717], "dspearmanr": [0.06428215271696476, 0.09918688086524559, 0.08388989318630484, 0.06695466271920032, 0.055612939774702115], "drmse": [0.015403923578560352, 0.016567960381507874, 0.0163290835916996, 0.016452116891741753, 0.017103208228945732], "cpearsonr": [0.7307095596489536, 0.7333350131320995, 0.7228938447218408, 0.7132607188035791, 0.7119230642862769], "cspearmanr": [0.6910479639863883, 0.6870420492895208, 0.6840499264234775, 0.6782257218827196, 0.6709613454095075], "crmse": [0.015925060957670212, 0.016595086082816124, 0.016182318329811096, 0.016409916803240776, 0.017199238762259483]}