{"dpearsonr": [0.05186497356449029, 0.06339335297107536, 0.05967081736463127, 0.06546562528034555, 0.06097022489221536], "dspearmanr": [0.05753741380697061, 0.07190220776738752, 0.06502108486691878, 0.06475455365259275, 0.07022973110426667], "drmse": [0.018315033987164497, 0.017806334421038628, 0.01731720194220543, 0.017691725865006447, 0.01841244474053383], "cpearsonr": [0.7396934845176246, 0.7401487477560353, 0.7393486120736974, 0.7416602838480673, 0.7392754444665702], "cspearmanr": [0.6994719680126372, 0.7010116786765164, 0.6970986081851565, 0.700098053999821, 0.699706925777291], "crmse": [0.018122492358088493, 0.01766195148229599, 0.01718030497431755, 0.017534654587507248, 0.018278436735272408]}