{"dpearsonr": [0.06578113893748362, 0.06289754007316968, 0.04676077093799562, 0.05008774164174374, 0.05054040628504884], "dspearmanr": [0.07482344445377934, 0.07078905541785166, 0.06654131948828698, 0.04978592131601156, 0.05393981741796105], "drmse": [0.016881756484508514, 0.018204834312200546, 0.017405137419700623, 0.01768418401479721, 0.01973634399473667], "cpearsonr": [0.7408022280270824, 0.7398803366076326, 0.7402005214457851, 0.7414583591775034, 0.7357994994821405], "cspearmanr": [0.6997171882558078, 0.7012778222823002, 0.6978648694563935, 0.6997561582964987, 0.6960460193997238], "crmse": [0.016770154237747192, 0.01804073341190815, 0.017284948378801346, 0.01755465939640999, 0.01954895630478859]}