{"dpearsonr": [0.060188792903122915, 0.09982031787716522, 0.06527060642846932, 0.07963665319165461, 0.060477541774722206], "dspearmanr": [0.0639220234952266, 0.09604470089453615, 0.06464564860451179, 0.0705156317984265, 0.058491709103373014], "drmse": [0.015269814990460873, 0.01704682782292366, 0.016653062775731087, 0.016364511102437973, 0.01708756759762764], "cpearsonr": [0.7289831977055385, 0.7322868924123744, 0.7234388108687576, 0.7121248637822962, 0.7161174452415784], "cspearmanr": [0.690172538693216, 0.6870158449652505, 0.6853825526268484, 0.6777039924192466, 0.6723108211420654], "crmse": [0.015775393694639206, 0.01708877645432949, 0.01649460382759571, 0.01634858176112175, 0.01712999865412712]}