{"dpearsonr": [0.04146505524303084, 0.03662129262149683, 0.037517160992478746, 0.039937022329187895, 0.030317562757658904], "drmse": [0.08672074228525162, 0.08747828751802444, 0.08750520646572113, 0.0864839255809784, 0.0883379578590393], "cpearsonr": [0.7357337469099428, 0.7345921555842222, 0.7357302986618905, 0.7368655963210506, 0.7381975596391377], "crmse": [0.08737689256668091, 0.08811533451080322, 0.08813107758760452, 0.087100550532341, 0.08900134265422821]}