{"dpearsonr": [0.0759728156378226, 0.08497200719111664, 0.08266407797307392, 0.07608940182624857, 0.09270046435469723], "dspearmanr": [0.08869730418544196, 0.08119100269843291, 0.07575406165855104, 0.07118170627198027, 0.0934893935082754], "drmse": [0.02073127031326294, 0.017896398901939392, 0.02128348872065544, 0.017940329387784004, 0.01737956888973713], "cpearsonr": [0.7074347682707721, 0.7269354815215759, 0.7046842210961535, 0.7230769128613999, 0.72678253998462], "cspearmanr": [0.6640721656167691, 0.6861974688571546, 0.659939242756325, 0.6782098280744646, 0.6846303481583029], "crmse": [0.020593896508216858, 0.01780914142727852, 0.021412063390016556, 0.017779815942049026, 0.01728416420519352]}