{"dpearsonr": [0.10480617483015207, 0.10544899185936905, 0.11125565419285602, 0.10458083220662151, 0.08965072838136545], "dspearmanr": [0.09671232854596258, 0.10633749033074907, 0.11158788493101374, 0.10080554105637352, 0.08191148038122512], "drmse": [0.01667749509215355, 0.016630589962005615, 0.016578318551182747, 0.016627198085188866, 0.017039094120264053], "cpearsonr": [0.7337372821218536, 0.7386697698172002, 0.7353407968719767, 0.7346978218850847, 0.7334108333723787], "cspearmanr": [0.6934005941947887, 0.6984380972630824, 0.6944656975741282, 0.6936828062443865, 0.6950912610428114], "crmse": [0.016641002148389816, 0.01657167263329029, 0.01652654819190502, 0.016560284420847893, 0.01698499172925949]}