{"dpearsonr": [0.28683210191705294, 0.2714178468545486, 0.34433751035616855, 0.32336489886582853, 0.28288762954115376], "dspearmanr": [0.2482369876464981, 0.2477720405182069, 0.35477901621139835, 0.30149022672777176, 0.2516979815642903], "drmse": [0.012741916812956333, 0.014455311000347137, 0.012778659351170063, 0.01265633013099432, 0.013095259666442871], "cpearsonr": [0.7649246520192695, 0.7641969199585174, 0.7596913050752215, 0.748426531135147, 0.7506228219428922], "cspearmanr": [0.7235481045644125, 0.7192788991400735, 0.7206105467776608, 0.7157448925582998, 0.7068881651551687], "crmse": [0.013155772350728512, 0.014475814998149872, 0.012792087160050869, 0.012695412151515484, 0.013163452968001366]}