{"dpearsonr": [0.06457227433381411, 0.07047710033681358, 0.09135984590165819, 0.06299699469628099, 0.06881601215999673], "dspearmanr": [0.06272720531930054, 0.06679976422012984, 0.09799731515644175, 0.06375299077132783, 0.07024898892334953], "drmse": [0.01805473305284977, 0.018177364021539688, 0.017200935631990433, 0.01894392818212509, 0.01818118430674076], "cpearsonr": [0.7209006879275502, 0.7216646935794854, 0.7356545417766933, 0.7191406101760474, 0.7251228832067426], "cspearmanr": [0.6837533016880595, 0.6875670433576152, 0.6958059310215533, 0.6858318830138173, 0.6871745513184186], "crmse": [0.01791295036673546, 0.01811867579817772, 0.017083579674363136, 0.018692687153816223, 0.018073154613375664]}