{"dpearsonr": [0.26891568025493573, 0.3119469813815636, 0.35295496398421833, 0.34227004665934296, 0.33036729100068774], "dspearmanr": [0.24426977854379114, 0.28356842313969843, 0.34085468630033244, 0.30597752727087435, 0.2958558498089969], "drmse": [0.01266796886920929, 0.013754388317465782, 0.01258354913443327, 0.012398443184792995, 0.012575809843838215], "cpearsonr": [0.772172783539232, 0.7744915698232779, 0.769413839464137, 0.7531348353631739, 0.7612485019003791], "cspearmanr": [0.7313248159815253, 0.7305148019575014, 0.7295478491236392, 0.7192241688861434, 0.7178923587559977], "crmse": [0.013196045532822609, 0.013721599243581295, 0.012594487518072128, 0.012477394193410873, 0.012646774761378765]}