{"dpearsonr": [0.04972912717059033, 0.05169056059769658, 0.0811820627901037, 0.061144096540651845, 0.05375953121769092], "dspearmanr": [0.051710218727612764, 0.05320974482397389, 0.07519724484279303, 0.06879686309053712, 0.06650266980025757], "drmse": [0.021208636462688446, 0.022821711376309395, 0.018444424495100975, 0.019335076212882996, 0.020669570192694664], "cpearsonr": [0.7124618266724562, 0.6924874694791676, 0.7215546963370861, 0.7260671051447237, 0.7100622191245777], "cspearmanr": [0.6770742191819472, 0.6665087693513966, 0.6815982761606764, 0.6866506822756391, 0.678808074037292], "crmse": [0.021119896322488785, 0.02269306778907776, 0.018366238102316856, 0.019415562972426414, 0.020531874150037766]}