{"dpearsonr": [0.08569550515173914, 0.06939769878096326, 0.08903177804728252, 0.08941481774564908, 0.09620601205011502], "dspearmanr": [0.08892606840851414, 0.07284515424441228, 0.08426031266804554, 0.09531653221958532, 0.09535915341703637], "drmse": [0.017283840104937553, 0.017705995589494705, 0.016859836876392365, 0.01657741703093052, 0.016666198149323463], "cpearsonr": [0.7283448499699592, 0.7290837113557639, 0.7341475561813544, 0.7389680453492635, 0.7377707076871599], "cspearmanr": [0.6882214047012188, 0.691980260079837, 0.6950263250413585, 0.6956606592319207, 0.6959362502021933], "crmse": [0.017148202285170555, 0.017652465030550957, 0.01675492525100708, 0.016462337225675583, 0.01658054068684578]}