{"dpearsonr": [0.05684798873721732, 0.05386521392327864, 0.06060738851999853, 0.06291452742843263, 0.07311065518381506], "dspearmanr": [0.060837314589468706, 0.06518019534714657, 0.05880160484217991, 0.0637933145128955, 0.07589535003451695], "drmse": [0.02646547742187977, 0.029112936928868294, 0.03923949971795082, 0.027565356343984604, 0.020656123757362366], "cpearsonr": [0.6775922836542008, 0.6871800957216639, 0.6589738685664601, 0.6769383962517811, 0.6942577838854936], "cspearmanr": [0.6358931492717608, 0.65133255047969, 0.6217116901249683, 0.6344642846805125, 0.6502844010359198], "crmse": [0.02631663903594017, 0.02892972342669964, 0.038752082735300064, 0.027937928214669228, 0.020592249929904938]}