{"dpearsonr": [0.07051028036721278, 0.08083044304412176, 0.09489070748193705, 0.07645913664980158, 0.09271124222314903], "dspearmanr": [0.07060659331039773, 0.08933829353742422, 0.09358549694802082, 0.07843748028610695, 0.09353763469664854], "drmse": [0.01734350062906742, 0.01722804829478264, 0.016724374145269394, 0.017765745520591736, 0.01692727766931057], "cpearsonr": [0.7338914007676217, 0.7306773023416131, 0.7349307086362422, 0.7249248493568068, 0.7341434935938664], "cspearmanr": [0.6949619514128421, 0.6918368714139784, 0.693653252520812, 0.6897190546090869, 0.6934429195836908], "crmse": [0.01725807785987854, 0.017190609127283096, 0.016611283645033836, 0.017721446231007576, 0.016853587701916695]}