{"dpearsonr": [0.32011592787691556, 0.30825238973099833, 0.30037831267767773, 0.3319997439990152, 0.33885984271764924], "dspearmanr": [0.29589365201101336, 0.3019428801759776, 0.3648566266738686, 0.3593749353927493, 0.30961062429481995], "drmse": [0.012254943139851093, 0.014365476556122303, 0.013893019407987595, 0.013664443977177143, 0.01257599052041769], "cpearsonr": [0.7714496955180964, 0.7752869095943611, 0.7587934403916851, 0.7544150515659755, 0.7579851003014194], "cspearmanr": [0.7305882623043533, 0.7315103862359953, 0.7182570450892584, 0.719538745393001, 0.716035263018971], "crmse": [0.0127057870849967, 0.014375485479831696, 0.013891192153096199, 0.013662423938512802, 0.012598171830177307]}