{"dpearsonr": [0.10762206122620378, 0.10221485242558162, 0.0927479340614963, 0.07832220060275985, 0.1038401014898489], "dspearmanr": [0.10660673069512165, 0.1024027204427428, 0.09595024357180505, 0.07545649360024706, 0.11164060839208487], "drmse": [0.016573505476117134, 0.01699114963412285, 0.016931194812059402, 0.01733243651688099, 0.016726434230804443], "cpearsonr": [0.7370423867264232, 0.737590621485817, 0.7371647241131627, 0.7320477694470023, 0.7389153117543765], "cspearmanr": [0.6943035709841782, 0.6951656630341769, 0.6935053748070088, 0.6928614611393195, 0.6971909641008296], "crmse": [0.016449375078082085, 0.01685725525021553, 0.016805682331323624, 0.017148146405816078, 0.016609517857432365]}