{"dpearsonr": [0.09995183646107056, 0.08317535192291849, 0.10430563696113382, 0.08181665125505984, 0.10437175879159206], "dspearmanr": [0.09996113766338938, 0.08176727783154625, 0.10839062714088442, 0.08283648621973264, 0.10594874390638104], "drmse": [0.01683722622692585, 0.017037495970726013, 0.01671089604496956, 0.01687489077448845, 0.016612108796834946], "cpearsonr": [0.7377208597360481, 0.7358841091962955, 0.7364521211468202, 0.737561715402568, 0.7360746056937489], "cspearmanr": [0.6947633966135934, 0.6951913039639664, 0.6932075438035058, 0.6960026794311641, 0.6949478067336198], "crmse": [0.016825642436742783, 0.01691441610455513, 0.016618965193629265, 0.016773995012044907, 0.016519663855433464]}