{"dpearsonr": [0.07718192038739584, 0.061877957355346326, 0.06819908183675787, 0.05571840018764332, 0.06744062281206412], "dspearmanr": [0.08013579842748526, 0.06166266734265708, 0.06590206663088279, 0.05838657949774614, 0.06328140855416635], "drmse": [0.017860062420368195, 0.018559198826551437, 0.017696859315037727, 0.03337651863694191, 0.018879130482673645], "cpearsonr": [0.7287645813124718, 0.7198691888128966, 0.7337335578282461, 0.673553275060235, 0.7147575777580394], "cspearmanr": [0.6912122040151142, 0.6857228280976368, 0.6936653580442506, 0.6369320226286768, 0.6793416696692353], "crmse": [0.017783675342798233, 0.018420374020934105, 0.017614752054214478, 0.033979613333940506, 0.018738506361842155]}