{"dpearsonr": [0.04185255070345184, 0.038767226153064126, 0.0428392004490973, 0.03850507992366732, 0.033358740898686526], "drmse": [0.08394373953342438, 0.08370096981525421, 0.08693607151508331, 0.08567649126052856, 0.08681346476078033], "cpearsonr": [0.7362579102404784, 0.7362568012621152, 0.7375728143704864, 0.7384650957515763, 0.738609972349246], "crmse": [0.08459381014108658, 0.08433648198843002, 0.08758551627397537, 0.0863075703382492, 0.08746546506881714]}