{"dpearsonr": [0.052803319845244244, 0.08723896729171604, 0.08825598512621846, 0.06111857728006397, 0.059679831788841065], "dspearmanr": [0.053167635319533224, 0.07863205313018597, 0.08242055991337212, 0.06241768280300022, 0.0587451689368156], "drmse": [0.03759540617465973, 0.020450331270694733, 0.018412835896015167, 0.020220624282956123, 0.019518131390213966], "cpearsonr": [0.6381594751295506, 0.7062368923089415, 0.7231561164955177, 0.6995405383287803, 0.7086623925849265], "cspearmanr": [0.6085673542241846, 0.6755782767406782, 0.6846556183401095, 0.6662596289976725, 0.6804089786879886], "crmse": [0.037291161715984344, 0.020542632788419724, 0.018359100446105003, 0.020133333280682564, 0.01948343589901924]}