{"dpearsonr": [0.36503674584740575, 0.23927699638806202, 0.3537517313962586, 0.34620542017942757, 0.3271794392247795], "dspearmanr": [0.32101278328696964, 0.26134841591438784, 0.3781819327809392, 0.3342785839400621, 0.2986675310712336], "drmse": [0.011669490486383438, 0.014824623242020607, 0.013132705353200436, 0.01237583439797163, 0.012719555757939816], "cpearsonr": [0.7751708300724018, 0.7624678939565763, 0.763978599783002, 0.7562300973492685, 0.7599892702902229], "cspearmanr": [0.7345071457090167, 0.7147719608354349, 0.7279408671412736, 0.7221917636767853, 0.7156135607994774], "crmse": [0.012069787830114365, 0.01477719098329544, 0.013082997873425484, 0.01242836657911539, 0.012762373313307762]}