{"dpearsonr": [0.37146308404206885, 0.3381069948108687, 0.2998332549907386, 0.34574509173225065, 0.39552870209831076], "dspearmanr": [0.3174143979028085, 0.3085569779224285, 0.2974097306999075, 0.31190556530630414, 0.3424275784831282], "drmse": [0.011516806669533253, 0.01367104984819889, 0.013627690263092518, 0.01258079893887043, 0.011998911388218403], "cpearsonr": [0.7845099781018195, 0.7840781658048968, 0.7696568687718616, 0.7595792862157548, 0.7723683202344922], "cspearmanr": [0.7421648730346526, 0.7392940069949561, 0.7309698898176097, 0.7262081893232759, 0.7277820697740265], "crmse": [0.012014778330922127, 0.013810751959681511, 0.013677493669092655, 0.012668193317949772, 0.012057575397193432]}