{"dpearsonr": [0.07938098961342933, 0.07691435281376735, 0.065895227431713, 0.0878158585629767, 0.07632009425595039], "dspearmanr": [0.08353565858189269, 0.07092577952502915, 0.05491125608284025, 0.0873275505289357, 0.07089291509134599], "drmse": [0.017557067796587944, 0.017687758430838585, 0.01813523657619953, 0.016889261081814766, 0.01786273717880249], "cpearsonr": [0.7266717260705239, 0.7278057534139306, 0.7264925020189412, 0.732432161083995, 0.7278077217952065], "cspearmanr": [0.688843780777092, 0.6924560563867552, 0.6869084605006277, 0.6937213129997527, 0.6905138462941284], "crmse": [0.01750144362449646, 0.017605984583497047, 0.01814097911119461, 0.01686442829668522, 0.017751865088939667]}