{"dpearsonr": [0.2771280891907072, 0.27496474594848885, 0.3256938330644226, 0.3456169719063078, 0.2937404936895932], "dspearmanr": [0.23673394136454445, 0.24513877530569955, 0.3205199767456351, 0.3087428099114501, 0.25418789281016413], "drmse": [0.012522969394922256, 0.014140872284770012, 0.01268832664936781, 0.012427840381860733, 0.012823333032429218], "cpearsonr": [0.7690499088230626, 0.766388504501496, 0.7617314887946826, 0.7490316418183527, 0.7536983488601807], "cspearmanr": [0.7265374576631688, 0.7204043499205816, 0.7218154758803114, 0.7135962276856341, 0.7081149663738602], "crmse": [0.013001278974115849, 0.01415563840419054, 0.0127142034471035, 0.012492665089666843, 0.012908948585391045]}