{"dpearsonr": [0.023378095888877907, 0.025720963592931915, 0.028730725844244975, 0.0282980799615593, 0.02794585452910729], "drmse": [0.08499513566493988, 0.08542151749134064, 0.08901152014732361, 0.08769558370113373, 0.08416743576526642], "cpearsonr": [0.7240319564142315, 0.718754791332948, 0.7285692419708434, 0.7217639454812066, 0.7235751072411479], "crmse": [0.08565788716077805, 0.08606179058551788, 0.08966059237718582, 0.08835796266794205, 0.08481905609369278]}