{"dpearsonr": [0.07531810613287512, 0.08426327349173031, 0.08364162604901546, 0.05889477909485059, 0.07731550938952389], "dspearmanr": [0.07471285856300147, 0.08006770768443502, 0.08756047495351321, 0.061598812903165295, 0.08594411587590849], "drmse": [0.018105853348970413, 0.017339635640382767, 0.01939401403069496, 0.0217069610953331, 0.01896578073501587], "cpearsonr": [0.7245645216618307, 0.7300782254244907, 0.7174983279389326, 0.708503782273726, 0.7136323405162158], "cspearmanr": [0.6835237016692091, 0.6897645484943221, 0.6741992732374592, 0.6585980675995663, 0.6737932806980828], "crmse": [0.018061019480228424, 0.017310652881860733, 0.019355954602360725, 0.021957308053970337, 0.018811751157045364]}