{"dpearsonr": [0.11131419970240485, 0.060874493793033634, 0.11899941650489515, 0.07445174171661224, 0.08523371798240995], "dspearmanr": [0.11257975049432524, 0.07378183879911306, 0.11904179819549673, 0.07576868375457112, 0.09417710125398492], "drmse": [0.12087105959653854, 0.12214001268148422, 0.11849258840084076, 0.10432087630033493, 0.09364210814237595], "cpearsonr": [NaN, NaN, NaN, NaN, NaN], "cspearmanr": [NaN, NaN, NaN, NaN, NaN], "crmse": [0.12097776681184769, 0.12298998981714249, 0.11841712146997452, 0.10482010990381241, 0.09361342340707779]}