{"dpearsonr": [0.09010539977486494, 0.08196863820599234, 0.08801655099890333, 0.09045068604711211, 0.08129064991946698], "dspearmanr": [0.09257401928832977, 0.0833122900278288, 0.08733023186854351, 0.08436779991946002, 0.07822761679737711], "drmse": [0.01733478717505932, 0.017117084935307503, 0.017143111675977707, 0.017372217029333115, 0.01734350249171257], "cpearsonr": [0.7356924400511853, 0.7345914464827127, 0.736513855013461, 0.737794184862155, 0.7291902170250958], "cspearmanr": [0.6931704524599928, 0.6947259937178022, 0.6936954919603752, 0.6934936626489979, 0.6865226716239307], "crmse": [0.01719720847904682, 0.01705554872751236, 0.01702233962714672, 0.01730591617524624, 0.01718907244503498]}