{"dpearsonr": [0.3210142440994374, 0.2838547875122625, 0.3231399915114476, 0.3181924424492969, 0.34854555513535534], "dspearmanr": [0.3045291956218824, 0.2867543550628454, 0.37744706993087956, 0.30576829047051324, 0.31620037456030725], "drmse": [0.012260076589882374, 0.014309277758002281, 0.013489294797182083, 0.012904663570225239, 0.012786372564733028], "cpearsonr": [0.7719343920616705, 0.771355749501889, 0.7597989843509243, 0.758092122381858, 0.7618757585019507], "cspearmanr": [0.7285577651513595, 0.7249094251566235, 0.7220864508406227, 0.7234898822471468, 0.7166267614785946], "crmse": [0.012691431678831577, 0.014241330325603485, 0.013439220376312733, 0.013008450157940388, 0.012818928807973862]}