{"dpearsonr": [0.34601034675656833, 0.29216435607153335, 0.31576074696969525, 0.32636634021034344, 0.3432768145425866], "dspearmanr": [0.3054187166489817, 0.3031772352373448, 0.3802361988416483, 0.3519373126032436, 0.30949073244845265], "drmse": [0.01191361341625452, 0.014056342653930187, 0.014155254699289799, 0.013226055540144444, 0.012313785031437874], "cpearsonr": [0.7741989614850873, 0.7649491927631583, 0.7622018465883681, 0.7514420252430848, 0.7614353159392998], "cspearmanr": [0.7325629430175592, 0.7215225599221123, 0.7254173866262238, 0.7148563857016362, 0.7174761638682393], "crmse": [0.012348591350018978, 0.013998089358210564, 0.014115802012383938, 0.013251432217657566, 0.012397093698382378]}