{"dpearsonr": [0.1158903646524644, 0.10842733663975167, 0.10719503733569917, 0.09792353705061672, 0.1102984665593427], "dspearmanr": [0.11797131247466446, 0.1038027612357695, 0.10486747774463213, 0.09426301743133768, 0.10426867093012178], "drmse": [0.016453029587864876, 0.016807202249765396, 0.01651434600353241, 0.016623014584183693, 0.016624972224235535], "cpearsonr": [0.7381048789958148, 0.735658214475347, 0.7375595368037443, 0.737231167761955, 0.7362374079330468], "cspearmanr": [0.697381003620371, 0.6956750212453909, 0.6960212309542585, 0.6954135088849719, 0.696260389729889], "crmse": [0.016381463035941124, 0.01674650050699711, 0.01638033054769039, 0.016508178785443306, 0.0165364108979702]}