{"dpearsonr": [0.20145613763771686, 0.13795222802891394, 0.17071969772857398, 0.17515488732040074, 0.15809642368780838], "drmse": [0.08579573780298233, 0.09635348618030548, 0.1007440835237503, 0.09754811227321625, 0.0922943651676178], "cpearsonr": [0.7609320527310464, 0.7329837271334397, 0.7499775080953643, 0.7519505628117119, 0.7539439363435098], "crmse": [0.0860055610537529, 0.09604926407337189, 0.10115360468626022, 0.0981074646115303, 0.09197397530078888]}