{"dpearsonr": [0.0629417840337512, 0.07102841210980791, 0.08659361531638077, 0.07997306733401637, 0.05532484166775673], "dspearmanr": [0.05980124072796909, 0.06874753561247234, 0.0901018722404593, 0.08487501427667161, 0.06055571224706964], "drmse": [0.017699630931019783, 0.01770877279341221, 0.017540667206048965, 0.017507201060652733, 0.01834738813340664], "cpearsonr": [0.7288598838102641, 0.7211071669702762, 0.7357897607993097, 0.7352824358609132, 0.7258909021356371], "cspearmanr": [0.690780379246126, 0.6837547350674995, 0.6947496314311337, 0.6935008394527437, 0.6899460598325257], "crmse": [0.01767800562083721, 0.01764659583568573, 0.01749107986688614, 0.01749151572585106, 0.018300576135516167]}