{"dpearsonr": [0.020504275622353886, 0.020186749119120433, 0.0209751020123148, 0.023149755662267554, 0.018620068948587136], "drmse": [0.08616747707128525, 0.08536187559366226, 0.08689258992671967, 0.08711087703704834, 0.08499661087989807], "cpearsonr": [0.7275654191313299, 0.7278066945303158, 0.7287887204729773, 0.7305551162914716, 0.7381146105240213], "crmse": [0.08685421943664551, 0.08601361513137817, 0.08753912150859833, 0.08776645362377167, 0.08565321564674377]}