{"dpearsonr": [0.28461243305374917, 0.27650001541537456, 0.3299119264898461, 0.33337235218814526, 0.2626674485389492], "dspearmanr": [0.24251439748097528, 0.25540811041172773, 0.3230247584482262, 0.3079678488195281, 0.22575510668347798], "drmse": [0.012443019077181816, 0.014010347425937653, 0.01264065783470869, 0.0126663101837039, 0.01315203495323658], "cpearsonr": [0.7651768767914167, 0.7664170701904827, 0.7596592009115666, 0.7490903072525505, 0.7493098531837544], "cspearmanr": [0.7239774147215812, 0.721585808273696, 0.7210501909903647, 0.7150153120961681, 0.7048891582816927], "crmse": [0.012908530421555042, 0.014036961831152439, 0.012632960453629494, 0.012700788676738739, 0.013222195208072662]}