{"dpearsonr": [0.33553570208406347, 0.2906851682462547, 0.3514252006971935, 0.2892549396908295, 0.3219044150948011], "dspearmanr": [0.29880254251370253, 0.3054803345366424, 0.3721522863378479, 0.3306700267122427, 0.29766459053880484], "drmse": [0.011868773028254509, 0.014643910340964794, 0.012753513641655445, 0.013582557439804077, 0.013015422970056534], "cpearsonr": [0.7733632256149988, 0.7710940319152189, 0.7639595732974135, 0.7505720104755115, 0.757859395891218], "cspearmanr": [0.7295052049958258, 0.7285245823944673, 0.7243970791468877, 0.7149457682253655, 0.714207236814594], "crmse": [0.012414447963237762, 0.01454997155815363, 0.012710554525256157, 0.013602357357740402, 0.013093553483486176]}