{"dpearsonr": [0.046188276402284796, 0.04802106157423819, 0.04959566883653116, 0.04587159845683114, 0.09589884658848322], "dspearmanr": [0.05062853996170937, 0.043939115683186515, 0.05897441344771815, 0.05568156316475163, 0.08678111419864014], "drmse": [0.131216362118721, 0.09818956255912781, 0.09310334920883179, 0.09725324809551239, 0.10513995587825775], "cpearsonr": [NaN, NaN, NaN, NaN, NaN], "cspearmanr": [NaN, NaN, NaN, NaN, NaN], "crmse": [0.13260331749916077, 0.09954255819320679, 0.09415804594755173, 0.09842285513877869, 0.10634467750787735]}