{"dpearsonr": [0.059068125329327585, 0.06629899965273867, 0.0553768008373195, 0.06113711585809656, 0.05295665537635598], "dspearmanr": [0.04884825267517359, 0.06878588970196248, 0.06293519945046698, 0.061614631072485396, 0.05386093464036223], "drmse": [0.018489131703972816, 0.018276410177350044, 0.017828091979026794, 0.017475469037890434, 0.018625544384121895], "cpearsonr": [0.7294731091524627, 0.7172400598873406, 0.7284954968415908, 0.7325113311205468, 0.7284043975628957], "cspearmanr": [0.690484741453207, 0.6840771186923739, 0.6896301653490419, 0.6934701289869245, 0.692603350881791], "crmse": [0.01849033124744892, 0.018226612359285355, 0.017738284543156624, 0.017378102988004684, 0.018435368314385414]}