{"dpearsonr": [0.321974214531007, 0.2986602703154696, 0.3214533616615091, 0.34877857936711676, 0.34221582659649247], "dspearmanr": [0.28641393789427844, 0.29211690237757765, 0.3565384984134222, 0.35803412905398513, 0.3126413967644308], "drmse": [0.012265019118785858, 0.013964275829494, 0.01339099183678627, 0.012675485573709011, 0.012279275804758072], "cpearsonr": [0.7678684268232493, 0.7697705523196736, 0.7579072428311203, 0.750767741901267, 0.762968815726065], "cspearmanr": [0.7260533286452324, 0.7247682177680119, 0.719894252317766, 0.7142076765276955, 0.7183033333621663], "crmse": [0.01271805353462696, 0.013916867785155773, 0.013392915017902851, 0.012718886137008667, 0.01230013370513916]}