{"dpearsonr": [0.2582741156611952, 0.23278346280972642, 0.3282941227641364, 0.3023088625557777, 0.23822213881549523], "dspearmanr": [0.20651751437309998, 0.22725763422149683, 0.3096150776877652, 0.27373627319871735, 0.20393540438023927], "drmse": [0.013020587153732777, 0.015129256062209606, 0.012840901501476765, 0.013049611821770668, 0.013598722405731678], "cpearsonr": [0.7595090423273764, 0.7531110222260803, 0.7519031908444934, 0.7389426024580068, 0.7356293972814596], "cspearmanr": [0.7175531247738505, 0.7070536945661434, 0.711268269426727, 0.7031355651555119, 0.6903699085386961], "crmse": [0.013440757989883423, 0.015265061520040035, 0.012819366529583931, 0.01308838278055191, 0.013710692524909973]}