{"dpearsonr": [0.11400620683360296, 0.09093054440476474, 0.10342338949138989, 0.09789255583781274, 0.10884876688618655], "dspearmanr": [0.11311474785606082, 0.09094912336264856, 0.10577901981766416, 0.1019442078742899, 0.10803100065022712], "drmse": [0.016590768471360207, 0.016832735389471054, 0.016624029725790024, 0.016626043245196342, 0.016797687858343124], "cpearsonr": [0.7358057954104521, 0.7382857924356734, 0.7369036152243489, 0.7368442841518889, 0.7368336101629019], "cspearmanr": [0.6941374594921718, 0.6992732416250416, 0.6935680403469975, 0.6949305379903116, 0.6956863623282433], "crmse": [0.016527937725186348, 0.016772238537669182, 0.016521302983164787, 0.01651941053569317, 0.016694897785782814]}