{"dpearsonr": [0.1793225710915417, 0.14577791107815385, 0.15703978954288647, 0.18548227671518885, 0.13771711960506494], "drmse": [0.08678622543811798, 0.097783163189888, 0.10072475671768188, 0.09838439524173737, 0.09049268066883087], "cpearsonr": [0.7555996208212654, 0.7301754207350538, 0.7474512918509013, 0.750665384274363, 0.7585750259612579], "crmse": [0.08707019686698914, 0.09747257083654404, 0.10114564001560211, 0.09899048507213593, 0.09014490246772766]}