{"dpearsonr": [0.06024188642284669, 0.045493602267074044, 0.05997104128385409, 0.07245180106414154, 0.07954057131407685], "dspearmanr": [0.057214144223463374, 0.04646593519839618, 0.04821899145026988, 0.0671978504601395, 0.07806348583769301], "drmse": [0.020208751782774925, 0.020361963659524918, 0.0207651536911726, 0.019447796046733856, 0.020669452846050262], "cpearsonr": [0.7144134469540235, 0.7123779955924971, 0.71523296036541, 0.7127762499364727, 0.7079254155532039], "cspearmanr": [0.679853153668089, 0.6785096591921848, 0.6788657765388394, 0.6755924893464144, 0.6766022969089067], "crmse": [0.020098216831684113, 0.020449012517929077, 0.020753737539052963, 0.019514810293912888, 0.020558981224894524]}