{"dpearsonr": [0.0821042758789659, 0.07698624813278543, 0.0750536141825643, 0.07983848441486828, 0.07884799554624104], "dspearmanr": [0.08487167833126578, 0.08363639132885045, 0.07814399353054712, 0.08251825913360661, 0.07992067398155935], "drmse": [0.018279004842042923, 0.018030080944299698, 0.018689574673771858, 0.0182753074914217, 0.018342003226280212], "cpearsonr": [0.7196468080758363, 0.7228837784430077, 0.7168104193513564, 0.7189291171159283, 0.7191881686488224], "cspearmanr": [0.6801735875861386, 0.6849387818181987, 0.6773599064944635, 0.6783472529113119, 0.6792052752522645], "crmse": [0.018089547753334045, 0.017854979261755943, 0.018463199958205223, 0.01811915636062622, 0.01815517619252205]}