{"dpearsonr": [0.012898480082349938, 0.01567868936885371, 0.01654797214253355, 0.01048938597199353, 0.009350109477333491], "drmse": [0.08709879964590073, 0.08670834451913834, 0.08699464052915573, 0.08508241176605225, 0.08669071644544601], "cpearsonr": [0.7250458271543756, 0.7233201408476779, 0.7252408486655274, 0.7246790207973172, 0.7444116042706455], "crmse": [0.08777517080307007, 0.08735094219446182, 0.08765540271997452, 0.08569882065057755, 0.08734618127346039]}