{"dpearsonr": [0.026379013079033852, 0.02977128168792067, 0.024143161224340928, 0.027295324457081955, 0.02128872310009452], "drmse": [0.08694373816251755, 0.08479274809360504, 0.08723455667495728, 0.08530600368976593, 0.08401496708393097], "cpearsonr": [0.7341791880684713, 0.7340095723561063, 0.7339270920277843, 0.735282810205091, 0.7376851360453333], "crmse": [0.08760026097297668, 0.08541451394557953, 0.08786452561616898, 0.08590815216302872, 0.08465040475130081]}