{"dpearsonr": [0.034921652805297604, 0.03877630280415923, 0.033351867211379435, 0.037184787443190974, 0.03027015151399722], "drmse": [0.08922025561332703, 0.08733466267585754, 0.0874859169125557, 0.0893641859292984, 0.08979397267103195], "cpearsonr": [0.735986443273299, 0.7346483347930731, 0.7366399930657578, 0.7364424974372384, 0.736101102613778], "crmse": [0.08989378064870834, 0.08800484985113144, 0.08813417702913284, 0.09002131968736649, 0.09049414098262787]}