{"dpearsonr": [0.061081914203280366, 0.057100128203039294, 0.06728825893318231, 0.04352846239279384, 0.056929306008856304], "dspearmanr": [0.06125834786339148, 0.06364947844707732, 0.06724566538152515, 0.04444474602280941, 0.06144431536723596], "drmse": [0.019683264195919037, 0.020451407879590988, 0.019338643178343773, 0.020018720999360085, 0.022176960483193398], "cpearsonr": [0.7074626174464782, 0.7162805358528302, 0.7225735269151353, 0.7086607677490929, 0.7192253094767458], "cspearmanr": [0.6737517148814147, 0.682777437917805, 0.6828990155865533, 0.6736243863641165, 0.6839458741729714], "crmse": [0.01969759538769722, 0.020608030259609222, 0.019213158637285233, 0.019792549312114716, 0.022087369114160538]}