{"dpearsonr": [0.19021387264693415, 0.1473770289366037, 0.176375168547145, 0.18709326405584686, 0.13940444514502298], "drmse": [0.08703234791755676, 0.09409221261739731, 0.10013525187969208, 0.09840668737888336, 0.09057358652353287], "cpearsonr": [0.7576779686882595, 0.7324092054714029, 0.750149148772456, 0.7528487729239274, 0.7513858489506426], "crmse": [0.08721092343330383, 0.09378783404827118, 0.10056708753108978, 0.09897655993700027, 0.0902508869767189]}