{"dpearsonr": [0.3287112962338633, 0.2713221492146869, 0.3295497644670716, 0.3336039203713308, 0.32420986476668506], "dspearmanr": [0.3020224081357772, 0.2665812410056322, 0.37678026894157807, 0.3125143378890455, 0.30327853055797604], "drmse": [0.01194845512509346, 0.014681796543300152, 0.01354093849658966, 0.012668818235397339, 0.013114742003381252], "cpearsonr": [0.7753191356561454, 0.769412790614837, 0.7611049194281144, 0.7536196206691385, 0.75748310998874], "cspearmanr": [0.7345082908616637, 0.723497754183027, 0.722351946293624, 0.7187333165835254, 0.7142610173742303], "crmse": [0.012357779778540134, 0.01459481380879879, 0.01349121704697609, 0.012754538096487522, 0.013152114115655422]}