{"dpearsonr": [0.2868438872125642, 0.2789756690008709, 0.35387635697786385, 0.3269336060976601, 0.2825354999117751], "dspearmanr": [0.23323254948825015, 0.25386519707621, 0.35138630623061357, 0.3060784265721067, 0.26042203987244744], "drmse": [0.012517902068793774, 0.014271807856857777, 0.012629351578652859, 0.012501894496381283, 0.013100076466798782], "cpearsonr": [0.7635782997850991, 0.7656463693215817, 0.7607342038282849, 0.7489868317404337, 0.751666479788466], "cspearmanr": [0.7217536832891001, 0.7206858074330059, 0.7208933898067101, 0.7137322533568016, 0.709096152685908], "crmse": [0.012936048209667206, 0.014249151572585106, 0.012663879431784153, 0.012547558173537254, 0.013201003894209862]}