{"dpearsonr": [0.4099042040833991], "dspearmanr": [0.3609244909126478], "drmse": [0.010882245376706123], "cpearsonr": [0.7786584655499548], "cspearmanr": [0.7318638799590657], "crmse": [0.011258835904300213]}