{"dpearsonr": [0.357112461253949, 0.29301097862443803, 0.3473292596644114, 0.32483752999309634, 0.3257124904664059], "dspearmanr": [0.31131392867744556, 0.3082655026935559, 0.3487319373982534, 0.2942678612046154, 0.2869324938706432], "drmse": [0.011667330749332905, 0.014626355841755867, 0.012809280306100845, 0.012875603511929512, 0.012542227283120155], "cpearsonr": [0.7724945227706752, 0.7695264000307735, 0.7627929480018238, 0.7528900685355683, 0.7630190178351135], "cspearmanr": [0.7314651843903014, 0.726278414235533, 0.7222988299966765, 0.7165412413497921, 0.7176064908098361], "crmse": [0.012064644135534763, 0.014519218355417252, 0.012749372981488705, 0.012968478724360466, 0.012611063197255135]}