{"dpearsonr": [0.27183355590277203, 0.30668396091300987, 0.3453576319350097, 0.3129680288528102, 0.288158518431566], "dspearmanr": [0.24158223326684553, 0.27292782736830623, 0.3263270129812734, 0.2810609839660964, 0.24612697979535927], "drmse": [0.012711835093796253, 0.013843855820596218, 0.012605146504938602, 0.01276678591966629, 0.01285239215940237], "cpearsonr": [0.7700086835525584, 0.7671874856332339, 0.763241854399884, 0.7471069847681491, 0.7506710361444132], "cspearmanr": [0.7291574641535705, 0.7223710589351734, 0.7221463214291888, 0.7127539051973111, 0.7050426745880385], "crmse": [0.013175337575376034, 0.013809393160045147, 0.012596392072737217, 0.012803602032363415, 0.012946619652211666]}