{"dpearsonr": [0.016353480593113343, 0.016904184161674142, 0.014000924328171316, 0.011782794932637144, 0.007201186322594017], "drmse": [0.08652886003255844, 0.08719741553068161, 0.08842054754495621, 0.0862288549542427, 0.08836239576339722], "cpearsonr": [0.7267415119253405, 0.7282186153606052, 0.7279631245590773, 0.7309006282264091, 0.7257435633603904], "crmse": [0.08728140592575073, 0.08791077882051468, 0.0891498327255249, 0.08692764490842819, 0.0890970453619957]}