{"dpearsonr": [0.2965486964475821, 0.2546844102766673, 0.3491900688386269, 0.308670783837115, 0.29588697770665817], "dspearmanr": [0.26014674275690614, 0.24176755022552976, 0.3394437743465981, 0.28560228454516035, 0.2643464231727824], "drmse": [0.012483968399465084, 0.014514820650219917, 0.012616789899766445, 0.012706197798252106, 0.012938467785716057], "cpearsonr": [0.7675150166956664, 0.7615924859880366, 0.760719291768436, 0.7471000574728764, 0.7516813053374513], "cspearmanr": [0.7261845295876904, 0.715299715897656, 0.7223621181679102, 0.7115888114035461, 0.7067492321641793], "crmse": [0.012913823127746582, 0.014502905309200287, 0.012598536908626556, 0.012756498530507088, 0.01301366463303566]}