{"dpearsonr": [0.35110484927819346, 0.3320561416647241, 0.3720057532236879, 0.33988165593150854, 0.33797856232804785], "dspearmanr": [0.28769150987433567, 0.30068686755382545, 0.35252005166523065, 0.30696851209829, 0.2984463453793324], "drmse": [0.011735058389604092, 0.013513736426830292, 0.012214613147079945, 0.012481371872127056, 0.012474915012717247], "cpearsonr": [0.7784347311721369, 0.7749324077306627, 0.7685941539134328, 0.7539753282867611, 0.7615722610836274], "cspearmanr": [0.7360905458767902, 0.7303366066152956, 0.7287567813142855, 0.7183113387461182, 0.7160422169708066], "crmse": [0.012196448631584644, 0.013528533279895782, 0.012194612063467503, 0.012560540810227394, 0.01255013793706894]}