{"dpearsonr": [0.34210674107367545, 0.32728468711163283, 0.31056949220127505, 0.3033534370676813, 0.32835514431408347], "dspearmanr": [0.3049311822420036, 0.32355301890017374, 0.36523648971239275, 0.3408633587793174, 0.3152082004574883], "drmse": [0.011975166387856007, 0.01418483816087246, 0.014085283502936363, 0.013727856799960136, 0.013168174773454666], "cpearsonr": [0.7762612103563612, 0.775506690073828, 0.7541660096180353, 0.7482722715167232, 0.7584874361139355], "cspearmanr": [0.7337500127530778, 0.7326178452350094, 0.7175426144251668, 0.7125520167499587, 0.7146757264214312], "crmse": [0.012391618452966213, 0.014087513089179993, 0.013967545703053474, 0.013730453327298164, 0.013187792152166367]}