{"dpearsonr": [0.25826364470219215, 0.2708811615138257, 0.3311043842437395, 0.2754246263432091, 0.26245001365129633], "dspearmanr": [0.207674481258509, 0.2418249095387073, 0.3138692833636138, 0.2476727651846688, 0.2151705172715635], "drmse": [0.012869980186223984, 0.014182728715240955, 0.012879532761871815, 0.013236542232334614, 0.013478913344442844], "cpearsonr": [0.756980467891126, 0.7568001380941771, 0.7516319064056494, 0.7394353973166867, 0.7376919816728633], "cspearmanr": [0.7147187598775974, 0.7089027875363358, 0.7102594106917458, 0.7046185620916958, 0.6938536222965092], "crmse": [0.01331373956054449, 0.014170881360769272, 0.012866432778537273, 0.013275844044983387, 0.013595526106655598]}