{"dpearsonr": [0.20555132442740887, 0.16979608655186962, 0.18807442925832582, 0.20650401830559428, 0.13584185807804314], "drmse": [0.08351805806159973, 0.09408023953437805, 0.10059882700443268, 0.09625167399644852, 0.08913562446832657], "cpearsonr": [0.761469319093087, 0.7386267830077884, 0.7535929720688351, 0.7584592392565983, 0.7488848934257704], "crmse": [0.0837712436914444, 0.09380080550909042, 0.10107658803462982, 0.09680955857038498, 0.08883046358823776]}