{"dpearsonr": [0.002874115995103099, 0.006789148624982832, 0.0013460350088573775, 0.0010593188859581808, -0.0020225722816528857], "drmse": [0.08760609477758408, 0.08499545603990555, 0.08787281066179276, 0.08707374334335327, 0.08665566146373749], "cpearsonr": [0.728800522971001, 0.7274635530474399, 0.7283334980042702, 0.7293098601181643, 0.7342462517241755], "crmse": [0.08827314525842667, 0.08563288301229477, 0.08852370083332062, 0.08772332966327667, 0.08731988072395325]}