{"dpearsonr": [0.19952636970340873, 0.1414508107809836, 0.17430556287007634, 0.18710444802287604, 0.16477126494094735], "drmse": [0.08883696049451828, 0.0968073382973671, 0.0997261330485344, 0.1009967178106308, 0.09361236542463303], "cpearsonr": [0.7593990230716332, 0.7321076628776296, 0.7503746097007192, 0.753679534426846, 0.7601802102505751], "crmse": [0.08907173573970795, 0.0965394452214241, 0.10014848411083221, 0.10155576467514038, 0.09328236430883408]}