{"dpearsonr": [0.0824057884415585, 0.09296689085114354, 0.09598590324946932, 0.08024592380964471, 0.10068366483043031], "dspearmanr": [0.08138000428663783, 0.09286344540940739, 0.09849766245170036, 0.07676993591985885, 0.10428209283508574], "drmse": [0.017003381624817848, 0.016908720135688782, 0.016898201778531075, 0.01731829158961773, 0.017007261514663696], "cpearsonr": [0.7380387747354672, 0.7387031343544148, 0.737781817929318, 0.7292709057083958, 0.7371751468483214], "cspearmanr": [0.6978520338583757, 0.6990685519791423, 0.6955814014439939, 0.688054796689189, 0.6942234019152027], "crmse": [0.01685984432697296, 0.016736654564738274, 0.016777239739894867, 0.01719578355550766, 0.016912143677473068]}