{"dpearsonr": [0.42040366664127593, 0.42429490915557433, 0.4649437013031116, 0.45054588985933425, 0.41990549347305384], "dspearmanr": [0.3753275667695728, 0.39385720966367105, 0.43986579644469526, 0.41488777098039104, 0.37232893976788933], "drmse": [0.010625435970723629, 0.011644972488284111, 0.010415310971438885, 0.010735994204878807, 0.010831848718225956], "cpearsonr": [0.7844600854925016, 0.7856140376643131, 0.7826584110164065, 0.7673623015763205, 0.7709903242941281], "cspearmanr": [0.7372055234078438, 0.7361281954815467, 0.7373342317550801, 0.7286568096268434, 0.7207968197352685], "crmse": [0.010901512578129768, 0.01163562573492527, 0.010488019324839115, 0.01082219835370779, 0.010901456698775291]}