{"dpearsonr": [0.3345830785324224, 0.25711875283898755, 0.3457453163355889, 0.297998460499289, 0.31651932049205816], "dspearmanr": [0.3005738210995089, 0.25842834743064563, 0.3585000160472108, 0.28572512805925654, 0.2993062105227862], "drmse": [0.012045258656144142, 0.014598219655454159, 0.01307353563606739, 0.012992806732654572, 0.013131158426404], "cpearsonr": [0.7755936550904905, 0.7670027753196164, 0.7612188882542225, 0.7511541633515655, 0.7562471614947414], "cspearmanr": [0.7336616483398252, 0.7197323266683999, 0.7232161941079989, 0.7146151445011213, 0.7144975437096739], "crmse": [0.012459062039852142, 0.014609389007091522, 0.01299208402633667, 0.013034667819738388, 0.013139396905899048]}