{"dpearsonr": [0.36606424059257975, 0.3367152297492495, 0.3587227549400112, 0.3571526651857835, 0.3748034478813308], "dspearmanr": [0.3153106211627167, 0.3097066861650562, 0.3361130883765935, 0.32525592284840427, 0.32292737409165495], "drmse": [0.01149230357259512, 0.013531936332583427, 0.012461625970900059, 0.012516933493316174, 0.012143878266215324], "cpearsonr": [0.7800805729835482, 0.7812077466451197, 0.7724569595416947, 0.7569611791339356, 0.7662475527642658], "cspearmanr": [0.7379255664275558, 0.7370514962182172, 0.7322158376747857, 0.7221339310654734, 0.7230489635584965], "crmse": [0.011919728480279446, 0.013513192534446716, 0.012445573695003986, 0.01261234749108553, 0.012237311340868473]}