{"dpearsonr": [0.07254191242699808, 0.07067435565567713, 0.09420452559563848, 0.07328465243095182, 0.06321945673690249], "dspearmanr": [0.06956183618443469, 0.07247985646922743, 0.08525444992876369, 0.06525458598279518, 0.059735334404021706], "drmse": [0.01765216328203678, 0.018065080046653748, 0.017308665439486504, 0.01731099747121334, 0.018377812579274178], "cpearsonr": [0.7290134262168529, 0.7217927248861706, 0.7317176090229331, 0.732070147256334, 0.7192111237710237], "cspearmanr": [0.689585530812564, 0.6864434565877374, 0.6929741536640708, 0.6929708311128581, 0.6824278418923934], "crmse": [0.017566632479429245, 0.017946885898709297, 0.01725817285478115, 0.017209582030773163, 0.01833721064031124]}