{"dpearsonr": [0.0784245615310353, 0.0763565141297126, 0.052111495537003706, 0.07123429590518922, 0.07502818376956481], "dspearmanr": [0.07577900426363503, 0.07605821041557563, 0.05185206005309428, 0.06345115164999551, 0.07994530212108358], "drmse": [0.01780863292515278, 0.01696685515344143, 0.01785730943083763, 0.01872551627457142, 0.01781885139644146], "cpearsonr": [0.7243957127212141, 0.7341836353778899, 0.7255417884362624, 0.7290742148616869, 0.7240057115667697], "cspearmanr": [0.6862264180723859, 0.6950990592976106, 0.6883156880625947, 0.6908557348035413, 0.686144154288648], "crmse": [0.0177728570997715, 0.01685825176537037, 0.017679329961538315, 0.01849842071533203, 0.017658250406384468]}