{"dpearsonr": [0.10549298993948644, 0.07976607750277194, 0.09472391928931927, 0.08944631260127082, 0.10174657730468506], "dspearmanr": [0.09590897342705819, 0.0752199062420222, 0.09163636675261051, 0.08677348596624264, 0.09771211535214315], "drmse": [0.016793139278888702, 0.01742725260555744, 0.016780013218522072, 0.01804688759148121, 0.01718297228217125], "cpearsonr": [0.7362209085756177, 0.7350718245901974, 0.7386043553215731, 0.7321431789393354, 0.7316204572775589], "cspearmanr": [0.6960882378608674, 0.6945026120569996, 0.6941404841651857, 0.6868377108737201, 0.6890655937960144], "crmse": [0.016733979806303978, 0.017319748178124428, 0.0166623592376709, 0.01803959719836712, 0.017028285190463066]}