{"dpearsonr": [0.07747666640156287, 0.08959465966642424], "dspearmanr": [0.0760873812678072, 0.08664485058312593], "drmse": [0.01805078610777855, 0.01806214451789856], "cpearsonr": [0.7197967258203929, 0.7223905116279947], "cspearmanr": [0.680353644270996, 0.6842405817312072], "crmse": [0.017931118607521057, 0.017976948991417885]}