{"dpearsonr": [0.18985842731055239, 0.16238686179294812, 0.17718653691180442, 0.20021235381861555, 0.14812208159812737], "drmse": [0.08639905601739883, 0.0939006581902504, 0.0997844785451889, 0.09804970026016235, 0.08773151785135269], "cpearsonr": [0.7597106526200103, 0.7366861305504836, 0.7508728163253108, 0.7559641954461405, 0.751853960615774], "crmse": [0.08656717836856842, 0.09360902011394501, 0.10020297765731812, 0.09856604784727097, 0.08744153380393982]}