{"dpearsonr": [0.21098199152727537, 0.15942082364436586, 0.19033486434112765, 0.1934041374988774, 0.1330844153849933], "drmse": [0.08577550202608109, 0.09422636777162552, 0.09901872277259827, 0.0987398773431778, 0.08905087411403656], "cpearsonr": [0.7600161051908548, 0.7348292062499538, 0.7525101240239531, 0.7530590334488475, 0.7503181471912417], "crmse": [0.08600456267595291, 0.09394834190607071, 0.09942563623189926, 0.09930071979761124, 0.08872673660516739]}