{"dpearsonr": [0.11123127508967699, 0.08659038032427263, 0.11777317860814412, 0.06762559829147936, 0.09561039589260904], "dspearmanr": [0.11059054177287367, 0.10374703872260284, 0.11736700111948169, 0.06789658856007208, 0.10053638284879111], "drmse": [0.1336582899093628, 0.11611361801624298, 0.12736690044403076, 0.13951514661312103, 0.12990644574165344], "cpearsonr": [NaN, NaN, NaN, NaN, NaN], "cspearmanr": [NaN, NaN, NaN, NaN, NaN], "crmse": [0.1337580382823944, 0.11668986082077026, 0.12780965864658356, 0.14011244475841522, 0.1301584541797638]}