{"dpearsonr": [0.060002586313734514, 0.05891970114190954, 0.06957364974339336, 0.0628117221428757, 0.0736326501160684], "dspearmanr": [0.056561631525428396, 0.061079303841421025, 0.07361099609502077, 0.06950311106918274, 0.060317588010221225], "drmse": [0.11181063950061798, 0.12178930640220642, 0.10785359889268875, 0.09861110150814056, 0.09291396290063858], "cpearsonr": [NaN, NaN, NaN, NaN, NaN], "cspearmanr": [NaN, NaN, NaN, NaN, NaN], "crmse": [0.11299093067646027, 0.12311733514070511, 0.10915068536996841, 0.0996142327785492, 0.09409423172473907]}