{"dpearsonr": [0.3427299562593411, 0.32183538111904864, 0.3672684406984364, 0.32981777202763884, 0.3326281083246146], "dspearmanr": [0.3037002776505581, 0.3046914823939723, 0.3939386932360274, 0.32023354309900415, 0.3046736283058453], "drmse": [0.01201777532696724, 0.013824640773236752, 0.012773039750754833, 0.012595979496836662, 0.012464042752981186], "cpearsonr": [0.772752980450659, 0.7771132985085195, 0.7662744693165627, 0.7538050285920627, 0.7640896462465351], "cspearmanr": [0.7314426057744479, 0.7335612279664117, 0.7284293397329984, 0.7193088050330347, 0.7175899949571836], "crmse": [0.012490526773035526, 0.013778023421764374, 0.01272866502404213, 0.012652917765080929, 0.012496490962803364]}