{"dpearsonr": [0.09353622531681612, 0.09340693547544664, 0.11514807832586693, 0.10445571701284721, 0.1083500571477757], "dspearmanr": [0.09495799140585492, 0.09007073249564886, 0.11632929148036092, 0.10044373123156461, 0.10840907371477858], "drmse": [0.016963854432106018, 0.016901828348636627, 0.016468094661831856, 0.016875218600034714, 0.016872651875019073], "cpearsonr": [0.7374866404120475, 0.7365737214932996, 0.7389093044055984, 0.7367284659865525, 0.736719948072705], "cspearmanr": [0.6941132357762767, 0.6951735608221159, 0.6961586838945236, 0.6954051136552593, 0.6947986236873541], "crmse": [0.016910584643483162, 0.016784310340881348, 0.016363291069865227, 0.016750259324908257, 0.01679125986993313]}