{"dpearsonr": [0.04029052430822874, 0.037794581290154027, 0.04549900261859486, 0.05065749486801315, 0.04660714329237585], "dspearmanr": [0.04477819860763668, 0.0440726112268332, 0.050157868917313185, 0.05988784229947451, 0.05161956897016916], "drmse": [0.12393279373645782, 0.10943333804607391, 0.12166020274162292, 0.13030783832073212, 0.11953087151050568], "cpearsonr": [NaN, NaN, NaN, NaN, NaN], "cspearmanr": [NaN, NaN, NaN, NaN, NaN], "crmse": [0.1253683716058731, 0.1108158677816391, 0.12302134931087494, 0.13182508945465088, 0.12099684774875641]}