{"dpearsonr": [0.32849738612173346, 0.3210089721543748, 0.34564655551951756, 0.32643417269125363, 0.28741659895519717], "dspearmanr": [0.2952728632560098, 0.3121533695605288, 0.37484843152270114, 0.32898599632920944, 0.2878461376043854], "drmse": [0.012600315734744072, 0.014066798612475395, 0.01320827379822731, 0.012837516143918037, 0.014312815852463245], "cpearsonr": [0.7699780259633908, 0.7745197182409902, 0.7636388464538757, 0.750830724902576, 0.759291777857294], "cspearmanr": [0.731536806956593, 0.7314446114909866, 0.7255255312026893, 0.7176635530591371, 0.7158422343639247], "crmse": [0.013032239861786366, 0.013998138718307018, 0.01316177286207676, 0.012879319489002228, 0.014288069680333138]}