{"dpearsonr": [0.1472651675830669, 0.09522836636622713, 0.13248775132779808, 0.12059101614100136, 0.07236059004784515], "dspearmanr": [0.1447341232299252, 0.11510388968571794, 0.14029222543795256, 0.0759759715902815, 0.08576818193301429], "drmse": [0.1398826688528061, 0.098940409719944, 0.09729878604412079, 0.1048046201467514, 0.11146891862154007], "cpearsonr": [NaN, NaN, NaN, NaN, NaN], "cspearmanr": [NaN, NaN, NaN, NaN, NaN], "crmse": [0.14012844860553741, 0.09946535527706146, 0.09739809483289719, 0.1054009422659874, 0.11175661534070969]}