{"dpearsonr": [0.07934782793878939, 0.08903421049394877, 0.10548384266633123, 0.10634275146846893, 0.11012861303722968], "dspearmanr": [0.08193069369058772, 0.0890425055435555, 0.10267863940635079, 0.10306649787215488, 0.10740097410362201], "drmse": [0.018129674717783928, 0.017052115872502327, 0.0168335922062397, 0.016544785350561142, 0.016688130795955658], "cpearsonr": [0.737747405223821, 0.736816427112999, 0.7351966022146524, 0.7388387221696887, 0.7344051917922763], "cspearmanr": [0.6942094391800184, 0.6961660582778162, 0.6919025911369802, 0.6957233384909561, 0.6918338525025615], "crmse": [0.01812460459768772, 0.017009645700454712, 0.016741439700126648, 0.016443876549601555, 0.016582094132900238]}