{"dpearsonr": [0.3813619776995001, 0.3571074224828164, 0.3561279516456791, 0.33919305753372336, 0.3737154915170602], "dspearmanr": [0.33756073320317886, 0.33107180192824204, 0.33530844989675823, 0.30718899891996343, 0.3291980893912083], "drmse": [0.011298751458525658, 0.013235660269856453, 0.01253982912749052, 0.01255604438483715, 0.011971786618232727], "cpearsonr": [0.7826923806956388, 0.7814122174389337, 0.7730732092700646, 0.7583853010778453, 0.7674313434119756], "cspearmanr": [0.7408395909768993, 0.737870044389042, 0.7324509715091506, 0.7209195104542364, 0.721354322059416], "crmse": [0.011834172531962395, 0.013209298253059387, 0.012582603842020035, 0.012606238946318626, 0.012034639716148376]}