{"dpearsonr": [0.3393590750597363, 0.28258722773301315, 0.311800504362872, 0.3398444630180743, 0.31815374817944314], "dspearmanr": [0.30184070354976533, 0.2862126750024012, 0.3555829127513935, 0.34577192466814977, 0.2945249174850569], "drmse": [0.011996571905910969, 0.014192326925694942, 0.013915129005908966, 0.01282019354403019, 0.013046441599726677], "cpearsonr": [0.7759364928352966, 0.7688309879378004, 0.7626153574632786, 0.7534151960941019, 0.7613042319069222], "cspearmanr": [0.7338717152194907, 0.7229318454492979, 0.725362316918707, 0.7196326334265314, 0.7174630538066298], "crmse": [0.012369046919047832, 0.014155051670968533, 0.013789983466267586, 0.012863131240010262, 0.013087503612041473]}