{"dpearsonr": [0.3557423804716706, 0.33472621288276394, 0.3347355470270208, 0.3455799290139296, 0.35116985775281323], "dspearmanr": [0.3167349593248678, 0.32793206652072415, 0.36261955648706545, 0.335719537831311, 0.3108301987573847], "drmse": [0.011682664044201374, 0.01375294104218483, 0.013154584914445877, 0.012362945824861526, 0.012293335050344467], "cpearsonr": [0.7749314968180969, 0.7757513637433368, 0.7617017237964661, 0.7542519004594138, 0.7618617246897695], "cspearmanr": [0.731271176594722, 0.7333797043872907, 0.7232945666414615, 0.7194054664840602, 0.7174766471651928], "crmse": [0.01210783887654543, 0.013686737976968288, 0.013179285451769829, 0.012423649430274963, 0.012347783893346786]}