{"dpearsonr": [0.20341120185919184, 0.15095606151330893, 0.18654982261312764, 0.1842232593749277, 0.1589879726696971], "drmse": [0.08401669561862946, 0.09427004307508469, 0.10123982280492783, 0.09912869334220886, 0.08751358836889267], "cpearsonr": [0.7608615650454468, 0.7329930187818181, 0.7510359478588179, 0.7528505249714631, 0.7579945584916473], "crmse": [0.0842345654964447, 0.09398504346609116, 0.10166402161121368, 0.09967084228992462, 0.08718973398208618]}