{"dpearsonr": [0.3696056952965208, 0.35129163454892753, 0.36068620159799464, 0.3498423874382031, 0.3636543179741597], "dspearmanr": [0.3065555252991876, 0.3155391612334509, 0.3354366314634636, 0.32133078221249894, 0.30995781173066106], "drmse": [0.0114366440102458, 0.013384697027504444, 0.012394780293107033, 0.01234621275216341, 0.012188510037958622], "cpearsonr": [0.7822047026459589, 0.7806771119055053, 0.7747903643327106, 0.761117430429729, 0.7667362547252459], "cspearmanr": [0.739377873370813, 0.7362868538917994, 0.7322032502298568, 0.7256703595045015, 0.7223973139706613], "crmse": [0.011882640421390533, 0.013373734429478645, 0.012387503869831562, 0.012403134256601334, 0.012260899879038334]}