{"dpearsonr": [0.026704292801160063, 0.02786561666727626, 0.025351880422456397, 0.0291084754544186, 0.02219590789108031], "drmse": [0.08599186688661575, 0.08526912331581116, 0.08652869611978531, 0.08663631975650787, 0.08458774536848068], "cpearsonr": [0.7326812470242213, 0.7313176549804482, 0.7313070889019129, 0.7318375808441545, 0.7379385124448524], "crmse": [0.08665034174919128, 0.08592033386230469, 0.08716914057731628, 0.08727376908063889, 0.08525517582893372]}