{"dpearsonr": [0.10107789034177168, 0.08103327559911766, 0.1043332248809075, 0.09891308818407904, 0.08995068877373592], "dspearmanr": [0.09181728346677187, 0.07868267897271808, 0.10228271524081067, 0.09836410326810932, 0.08990691048775525], "drmse": [0.016612865030765533, 0.017057592049241066, 0.01671518012881279, 0.016788020730018616, 0.017191583290696144], "cpearsonr": [0.7383020208418867, 0.7355930392297211, 0.7354745291057364, 0.7371303305552036, 0.7310483087256798], "cspearmanr": [0.6971513174458412, 0.6935715947785746, 0.6917636483111983, 0.6939489512775816, 0.689247171855748], "crmse": [0.016545258462429047, 0.01696362905204296, 0.016607699915766716, 0.01667429320514202, 0.017084935680031776]}