{"dpearsonr": [0.19826009970254602, 0.14720375191100973, 0.1862144040233072, 0.2020435546094902, 0.16106797530974887], "drmse": [0.08428233861923218, 0.09469351917505264, 0.09999021887779236, 0.09862588346004486, 0.09138074517250061], "cpearsonr": [0.7611837789746894, 0.7342329098692055, 0.7520922158912474, 0.7593980961600891, 0.7531308995422774], "crmse": [0.08450376242399216, 0.09438718110322952, 0.10041723400354385, 0.09915989637374878, 0.0910697653889656]}