{"dpearsonr": [0.24320424862162376, 0.24278207785659217, 0.3061878266176586, 0.3059205363010914, 0.2188998446828948], "dspearmanr": [0.197604616265587, 0.20803920295362915, 0.28714865794006156, 0.2693698869891652, 0.18695920847109426], "drmse": [0.013034803792834282, 0.01454965490847826, 0.013103775680065155, 0.012940791435539722, 0.013979684561491013], "cpearsonr": [0.7566341535096686, 0.7535800090426247, 0.7508067622049082, 0.7401026727971649, 0.7386631772913548], "cspearmanr": [0.7149048518588751, 0.7088340243262634, 0.7088351415743338, 0.703899917482264, 0.6936691844939404], "crmse": [0.013455620966851711, 0.014522996731102467, 0.01306877564638853, 0.013000029139220715, 0.01408694963902235]}