{"dpearsonr": [0.34830624328539256, 0.30253489727307614, 0.341305377769101, 0.3369850913135805, 0.320255634075513], "dspearmanr": [0.29754049412110156, 0.27728992563800015, 0.31917249888148586, 0.30605919239373125, 0.2791491442528241], "drmse": [0.011734905652701855, 0.013917726464569569, 0.012745387852191925, 0.01249651238322258, 0.012738330289721489], "cpearsonr": [0.7778721956382583, 0.7721974174801423, 0.7677148188760993, 0.7531644692342054, 0.7599997267420379], "cspearmanr": [0.7367317143138259, 0.7291585867514809, 0.7271075477523988, 0.7178877464972155, 0.716483349571007], "crmse": [0.012215505354106426, 0.013894759118556976, 0.012744792737066746, 0.01254495233297348, 0.012836538255214691]}