{"dpearsonr": [0.052361466414733264, 0.054431546238650916, 0.06959338138610084, 0.06361727460378344, 0.054697547874782176], "dspearmanr": [0.05534672242970581, 0.05238923836284233, 0.06890375476842675, 0.06990884625276764, 0.05872995413561232], "drmse": [0.020469460636377335, 0.01959315687417984, 0.02070578560233116, 0.019606929272413254, 0.021126873791217804], "cpearsonr": [0.7104664120544005, 0.7219451674601435, 0.7097795987674557, 0.7215733313706503, 0.6991605113717151], "cspearmanr": [0.6741952819600648, 0.6883523789539004, 0.6736455355876205, 0.6808695276058928, 0.6679704804439793], "crmse": [0.020309163257479668, 0.019565986469388008, 0.02080361545085907, 0.01964179426431656, 0.02105482667684555]}