{"dpearsonr": [0.20107011461036947, 0.1556346131055532, 0.17852872457039592, 0.20336729587203228, 0.16381648000549698], "drmse": [0.08381081372499466, 0.09318871796131134, 0.09982607513666153, 0.09716731309890747, 0.09100066125392914], "cpearsonr": [0.7621671755914993, 0.7371538157619639, 0.7531512268123338, 0.7581154018234599, 0.7518621555419479], "crmse": [0.08401713520288467, 0.09291938692331314, 0.10024229437112808, 0.09772219508886337, 0.09069466590881348]}