{"dpearsonr": [0.08116033777236764, 0.08094685605198793, 0.08660255790193329, 0.0818769159907097, 0.0902569381735548], "dspearmanr": [0.07974636733964958, 0.07514308957009826, 0.08526695399916764, 0.07668215452042036, 0.08761446309885126], "drmse": [0.018398988991975784, 0.018015975132584572, 0.01885160803794861, 0.02286445163190365, 0.018189139664173126], "cpearsonr": [0.7230919061885736, 0.728153933982656, 0.7124616278421885, 0.7129737207575481, 0.7173062830955266], "cspearmanr": [0.6810671478766795, 0.6877459504876504, 0.6681847006181717, 0.6662097603734091, 0.6724192900594278], "crmse": [0.01836409606039524, 0.017922084778547287, 0.01874665357172489, 0.022818874567747116, 0.018111037090420723]}