{"dpearsonr": [0.08859668802268474, 0.08911247407061482, 0.10666714016643343, 0.08622257939597303, 0.08699494548228176], "dspearmanr": [0.08764951679149408, 0.08216811381089352, 0.10393740967320549, 0.08575226448267652, 0.08548903568654392], "drmse": [0.016774369403719902, 0.017148243263363838, 0.0164103452116251, 0.01657092012465, 0.01705208048224449], "cpearsonr": [0.7385824995013353, 0.735781577282117, 0.7374628273169973, 0.7394723099578046, 0.7343809737083847], "cspearmanr": [0.6967816741597818, 0.6960718153339354, 0.695522719796064, 0.6962841830782939, 0.6939488590514524], "crmse": [0.016728095710277557, 0.017079096287488937, 0.016383187845349312, 0.01653834991157055, 0.017088377848267555]}