{"dpearsonr": [0.04086802747131497, 0.039541586072292446, 0.04059197457139698, 0.03803076166188356, 0.038328694868194776], "drmse": [0.08450460433959961, 0.08544518798589706, 0.08758928626775742, 0.08709801733493805, 0.08729643374681473], "cpearsonr": [0.7364702968905024, 0.7374049325205444, 0.7373463405765017, 0.7373887216328305, 0.7385832988475488], "crmse": [0.08515532314777374, 0.08609025925397873, 0.08823231607675552, 0.08775767683982849, 0.08797523379325867]}