{"dpearsonr": [0.19443164287101186, 0.1494573444005809, 0.17523857617585248, 0.1849817010951002, 0.15627340711281687], "drmse": [0.08561363071203232, 0.09448512643575668, 0.09863627701997757, 0.09823878854513168, 0.08855132758617401], "cpearsonr": [0.7579193584218927, 0.7329014406167425, 0.7507601633981194, 0.7550575886010679, 0.7517660197805782], "crmse": [0.08585171401500702, 0.09418448805809021, 0.09900391101837158, 0.09875553101301193, 0.0882745236158371]}