{"dpearsonr": [0.10156500027996548, 0.09097303032373931, 0.10849057945034102, 0.10256977756369617, 0.09269367577726685], "dspearmanr": [0.10442512184539322, 0.08670194455485354, 0.10593754564425945, 0.09769054571976082, 0.09040648667674686], "drmse": [0.01673866994678974, 0.01686195097863674, 0.016527419909834862, 0.01646936871111393, 0.017435211688280106], "cpearsonr": [0.7361242700170996, 0.7355597047349373, 0.7385026449722457, 0.7370396307876715, 0.7327025951359877], "cspearmanr": [0.695360720720551, 0.6952842398272883, 0.6964653530907969, 0.6951841403872353, 0.6908347359929983], "crmse": [0.01666862890124321, 0.01677372120320797, 0.016437117010354996, 0.016375938430428505, 0.01746169477701187]}