{"dpearsonr": [0.2599163879686954, 0.26187335076748763, 0.3053589509250919, 0.29220437067604715, 0.22657584438164938], "dspearmanr": [0.22059311822879174, 0.23309570072410637, 0.2927611004449684, 0.2579941753662408, 0.1943138993833053], "drmse": [0.012807448394596577, 0.01445100363343954, 0.013053509406745434, 0.01312453392893076, 0.013885168358683586], "cpearsonr": [0.7593673308875585, 0.7564449331393244, 0.7536124848235358, 0.7406517824583521, 0.7361144094094215], "cspearmanr": [0.7169038926619128, 0.7110614268777419, 0.7132037827110894, 0.7046421861196611, 0.6916870348677815], "crmse": [0.013268856331706047, 0.014422036707401276, 0.013033127412199974, 0.013164137490093708, 0.01399115938693285]}