{"dpearsonr": [0.31133014436076784, 0.29968233585512144, 0.35883911952295233, 0.3565501175643279, 0.29812252227143027], "dspearmanr": [0.2622584391406413, 0.27971170350259045, 0.34137100086522904, 0.32409874545282763, 0.2554451032149056], "drmse": [0.012165011838078499, 0.013665796257555485, 0.012407276779413223, 0.012342505156993866, 0.012860869988799095], "cpearsonr": [0.7695189898784394, 0.7695031492813885, 0.7655486910728482, 0.7553855403110747, 0.7547277201040262], "cspearmanr": [0.7277717201882423, 0.7247521366966287, 0.7248877287549225, 0.7207966329653966, 0.7094329860046803], "crmse": [0.012650114484131336, 0.013736114837229252, 0.012401710264384747, 0.012387961149215698, 0.012919172644615173]}