{"dpearsonr": [0.34907109456456553, 0.28404161870852557, 0.3326186384524616, 0.34653414589938586, 0.30730283058986646], "dspearmanr": [0.31286446257967765, 0.2975645533194906, 0.34810271024548967, 0.33340239502270297, 0.2772135102167427], "drmse": [0.011913051828742027, 0.01431126520037651, 0.013483166694641113, 0.012590340338647366, 0.012969615869224072], "cpearsonr": [0.7748020274159327, 0.768599439783379, 0.7632262553190506, 0.7519751510893322, 0.7576490532246778], "cspearmanr": [0.7340629858347514, 0.7201227819606868, 0.7230251475560963, 0.7178469353192638, 0.7098882602360952], "crmse": [0.012333846651017666, 0.014244097284972668, 0.013396793976426125, 0.01265668123960495, 0.013018430210649967]}