{"dpearsonr": [0.02714852908139221, 0.026936089210015893, 0.026058160439108618, 0.031405484336860585, 0.022925670576958837], "drmse": [0.08691658824682236, 0.08493299782276154, 0.087336465716362, 0.08691589534282684, 0.08382061123847961], "cpearsonr": [0.7320220968685934, 0.7283175812076853, 0.731747844043407, 0.7304715128815051, 0.7383084106505006], "crmse": [0.08751755207777023, 0.08550716191530228, 0.08791428059339523, 0.08746390044689178, 0.08441796898841858]}