{"dpearsonr": [0.27613472813881, 0.2951565443282243, 0.3544761174970255, 0.29788038720066656, 0.28538818020158024], "dspearmanr": [0.24397988131457468, 0.2714985697609368, 0.37139700496637923, 0.2872223376072505, 0.2548577316272443], "drmse": [0.012890796177089214, 0.013836013153195381, 0.012617690488696098, 0.012913807295262814, 0.012980228289961815], "cpearsonr": [0.7676874472817047, 0.7681286332354399, 0.7614289538750227, 0.7443863538367815, 0.7518392851010368], "cspearmanr": [0.7243453550299949, 0.7231586790454196, 0.7222290412764129, 0.7089966871759552, 0.7050456344209394], "crmse": [0.013340326026082039, 0.013816358521580696, 0.012583218514919281, 0.012956271879374981, 0.013057239353656769]}