{"dpearsonr": [0.20417549970523796, 0.1689064836642891, 0.18858683871300702, 0.19516821643555865, 0.14144476478037057], "drmse": [0.08636411279439926, 0.09549830108880997, 0.09869548678398132, 0.0957457423210144, 0.09068064391613007], "cpearsonr": [0.7599440794113713, 0.7366821034379022, 0.7540616645097041, 0.7573501135680045, 0.750688049208112], "crmse": [0.08662041276693344, 0.0952182412147522, 0.09912285208702087, 0.09629075974225998, 0.09038973599672318]}