{"dpearsonr": [0.09241416224082323, 0.07529030975841615, 0.08878484336964014, 0.09274748020332954, 0.10150004896056296], "dspearmanr": [0.09185471074730352, 0.07639923858234585, 0.09338379911775876, 0.09185074708828485, 0.10170517799574302], "drmse": [0.016917727887630463, 0.01754474826157093, 0.016954628750681877, 0.016735756769776344, 0.016594821587204933], "cpearsonr": [0.7326435511021199, 0.7317598236627809, 0.7356817832033165, 0.7350921300898885, 0.737431061259116], "cspearmanr": [0.6923268481108669, 0.6922990906752523, 0.6939488945847502, 0.6939100267928279, 0.6958243258152724], "crmse": [0.016792375594377518, 0.017402252182364464, 0.01682279258966446, 0.016617555171251297, 0.016511324793100357]}