{"dpearsonr": [0.2835093910108003, 0.3147558758014902, 0.36565796979526555, 0.3492740503752777, 0.30006359518218595], "dspearmanr": [0.24417969071009166, 0.28475604596596726, 0.34605122910941555, 0.31195726593262046, 0.26376242236743064], "drmse": [0.012437296099960804, 0.013691048137843609, 0.012316788546741009, 0.012554127722978592, 0.01283838041126728], "cpearsonr": [0.7696247523433688, 0.7701502532178235, 0.7643025591765349, 0.7531127827819687, 0.7539196895590928], "cspearmanr": [0.7297769915946277, 0.7264075156097057, 0.7239297120925956, 0.717309017957023, 0.7128162493223584], "crmse": [0.01284802332520485, 0.013656554743647575, 0.01232234388589859, 0.012610168196260929, 0.012936526909470558]}