{"dpearsonr": [0.25130189975123096, 0.2891338885477416, 0.35056584329579743, 0.33532296870580064, 0.3294321833828488], "dspearmanr": [0.21270612512791326, 0.2582007617505392, 0.3271024468356355, 0.30303459222812607, 0.275505248777205], "drmse": [0.013102494180202484, 0.01397799514234066, 0.012462455779314041, 0.012483553029596806, 0.01256489846855402], "cpearsonr": [0.7702395991063484, 0.7683786692893937, 0.7650935895998418, 0.7520113220878067, 0.7572039889764249], "cspearmanr": [0.7283418277673797, 0.7237088099272637, 0.7249409593462557, 0.717214682043387, 0.71138157350894], "crmse": [0.013514496386051178, 0.013944962061941624, 0.012468881905078888, 0.012552998960018158, 0.012674091383814812]}