{"dpearsonr": [0.05933094621310086, 0.08424252369030466, 0.087194049651412, 0.04554702312824111, 0.04857202466506634], "dspearmanr": [0.057517258712543456, 0.08424036298780502, 0.07004232106711505, 0.04696720866233216, 0.051747026143473936], "drmse": [0.01967030018568039, 0.02034466713666916, 0.017974333837628365, 0.02084725722670555, 0.02081054449081421], "cpearsonr": [0.7171861868500131, 0.7175064908918404, 0.7251111208320304, 0.7118632997352324, 0.7090092189422432], "cspearmanr": [0.6801187897180636, 0.6841775217330296, 0.6865996570427992, 0.6761532507977441, 0.6766262597523292], "crmse": [0.019621165469288826, 0.02036391757428646, 0.0178467258810997, 0.02079019322991371, 0.020816415548324585]}