{"dpearsonr": [0.10526789856685197, 0.09951927939827869, 0.08996359637342467, 0.09199737100887413, 0.0742606273179981], "dspearmanr": [0.09767533312438431, 0.09760242823813638, 0.08654226514872584, 0.09371101115940737, 0.06841720209972856], "drmse": [0.016578154638409615, 0.01655210740864277, 0.016964178532361984, 0.016558559611439705, 0.016856493428349495], "cpearsonr": [0.7325167018718327, 0.7376670251996771, 0.7320999311434508, 0.7365767256529566, 0.7333575158289208], "cspearmanr": [0.6925308146030674, 0.696567749187498, 0.691648651212954, 0.695707539636674, 0.6918614030717551], "crmse": [0.01653199829161167, 0.016550669446587563, 0.016890276223421097, 0.01656184159219265, 0.016780925914645195]}