{"dpearsonr": [0.08605167856076236, 0.051650236018609776, 0.08284965469099943, 0.06301336065324983, 0.05259116847827212], "dspearmanr": [0.08373175161051899, 0.05656579770869537, 0.07254524046654161, 0.06258330751297912, 0.051555715930779865], "drmse": [0.017708439379930496, 0.018573632463812828, 0.017802227288484573, 0.018127566203475, 0.01807747408747673], "cpearsonr": [0.7296282946935839, 0.7347397042951234, 0.7190836572688771, 0.7225274529857261, 0.7254260630330254], "cspearmanr": [0.690541095874322, 0.6954365853838844, 0.6788243752550446, 0.6854061471892299, 0.6893064773968388], "crmse": [0.017649251967668533, 0.01857409067451954, 0.01774376444518566, 0.017967676743865013, 0.01802109368145466]}