{"dpearsonr": [0.4099042040833991, 0.43895466218917334], "dspearmanr": [0.3609244909126478, 0.40386253933416266], "drmse": [0.010882245376706123, 0.011497323401272297], "cpearsonr": [0.7786584655499548, 0.7869961533028192], "cspearmanr": [0.7318638799590657, 0.7396409149428189], "crmse": [0.011258835904300213, 0.01149387564510107]}