{"dpearsonr": [0.05766612276538081, 0.06386359162169918, 0.07383135630482675, 0.05682053091059831, 0.05751872718668613], "dspearmanr": [0.0662614816477898, 0.06322656803112263, 0.07134447433240533, 0.0516677068274817, 0.061214943958555326], "drmse": [0.018902022391557693, 0.018978217616677284, 0.01768007129430771, 0.018861865624785423, 0.019199654459953308], "cpearsonr": [0.7246757265138911, 0.717751988825229, 0.7307856740034816, 0.7185213926119742, 0.7154195206503867], "cspearmanr": [0.6872052423191635, 0.685826073945294, 0.6902325373633861, 0.6801964237287734, 0.6818771204514282], "crmse": [0.0187990739941597, 0.01899048313498497, 0.01762430928647518, 0.018771043047308922, 0.019074566662311554]}