{"dpearsonr": [0.1967239100848953, 0.1535816115672206, 0.17747995990782248, 0.18702019900510145, 0.14803979636227838], "drmse": [0.08656490594148636, 0.09391477704048157, 0.09930969774723053, 0.09655028581619263, 0.0879460796713829], "cpearsonr": [0.7602904162885835, 0.7353428520619948, 0.750346364652622, 0.7554878081409484, 0.7495729227873584], "crmse": [0.08681262284517288, 0.09362155944108963, 0.09972963482141495, 0.09708943963050842, 0.0876607745885849]}