{"dpearsonr": [0.03237609442112676, 0.03341215823903456, 0.03668625696370863, 0.03772359011482441, 0.0412627052675141], "drmse": [0.08374535292387009, 0.0847277119755745, 0.08837299048900604, 0.08521494269371033, 0.08502679318189621], "cpearsonr": [0.7363601496752538, 0.7356870826646097, 0.736441486868955, 0.7373114856032775, 0.7394081259305092], "crmse": [0.08440031111240387, 0.08536488562822342, 0.0890171080827713, 0.08583037555217743, 0.08568478375673294]}