{"dpearsonr": [0.06062101750216057, 0.056381181869271046, 0.06233629882958293, 0.07442730647470294, 0.07145227619543867], "dspearmanr": [0.06657199975837791, 0.050259187490242274, 0.0713939442555834, 0.0748902682526663, 0.07489019023745855], "drmse": [0.022587850689888, 0.022100647911429405, 0.02015305869281292, 0.0224369578063488, 0.02280568890273571], "cpearsonr": [0.6942727986871751, 0.6921807609651729, 0.7020940778332094, 0.7019784746058538, 0.6925508761493918], "cspearmanr": [0.6582351812071976, 0.6618641493632164, 0.6625326100134131, 0.6628697816093042, 0.6630768098019363], "crmse": [0.02280547097325325, 0.02208351530134678, 0.020173268392682076, 0.022622032091021538, 0.023138362914323807]}