{"dpearsonr": [0.18812340791396118, 0.15129566461317143, 0.16749254841520358, 0.19311964656657482, 0.1546063133793444], "drmse": [0.08630199730396271, 0.09689728170633316, 0.09997613728046417, 0.09778020530939102, 0.09235749393701553], "cpearsonr": [0.7586142362636226, 0.7335873606250084, 0.7493320911569069, 0.7537966099579047, 0.753603130434256], "crmse": [0.08652735501527786, 0.0965830609202385, 0.1003679633140564, 0.09832003712654114, 0.09203779697418213]}