{"dpearsonr": [0.1019550581364069, 0.09640841071929224, 0.08317203694753082, 0.08684125598947715, 0.09026032879727158], "dspearmanr": [0.09934098914289723, 0.09404086757790028, 0.08697688167084804, 0.08673528567866015, 0.089343115183538], "drmse": [0.016891855746507645, 0.016925545409321785, 0.017415447160601616, 0.017740342766046524, 0.017585506662726402], "cpearsonr": [0.7364842169195507, 0.735094219720777, 0.7310640344561933, 0.7330912945144676, 0.7304837687909952], "cspearmanr": [0.695951067861119, 0.6921017750240869, 0.6890426537577142, 0.6887341290476399, 0.6891429427065838], "crmse": [0.016852175816893578, 0.016880841925740242, 0.01734575815498829, 0.01759258843958378, 0.017460430040955544]}