{"dpearsonr": [0.022355901328413728, 0.0242865402364034, 0.02722783651842182, 0.022740331295077083, 0.01699625827864042], "drmse": [0.08702049404382706, 0.08831708878278732, 0.08823198825120926, 0.08692388981580734, 0.08695080131292343], "cpearsonr": [0.7322206808415147, 0.7325119175723909, 0.7350491917290827, 0.7351234209518644, 0.7344482525708376], "crmse": [0.08772260695695877, 0.0889987200498581, 0.08891842514276505, 0.08758150786161423, 0.08764393627643585]}