{"dpearsonr": [0.33229394557291553, 0.3115077201756464, 0.3312306665752158, 0.32725943579623523, 0.3613190753913197], "dspearmanr": [0.3020222786803184, 0.314207268702887, 0.36491897024950365, 0.33076616449830654, 0.32859695608590167], "drmse": [0.012025956064462662, 0.014219223521649837, 0.013045262545347214, 0.012966527603566647, 0.012384072877466679], "cpearsonr": [0.7735351262624455, 0.770303421626114, 0.7628404220328133, 0.7552213680890004, 0.7642643417540135], "cspearmanr": [0.730724228278102, 0.7298260341280105, 0.7237005446636843, 0.7181349413793338, 0.7184133431755749], "crmse": [0.012534582056105137, 0.01422538235783577, 0.0129843195900321, 0.012993075884878635, 0.012397156096994877]}