{"dpearsonr": [0.07747666640156287], "dspearmanr": [0.0760873812678072], "drmse": [0.01805078610777855], "cpearsonr": [0.7197967258203929], "cspearmanr": [0.680353644270996], "crmse": [0.017931118607521057]}