{"dpearsonr": [0.36144004378637296, 0.29797138930082834, 0.31680552279166607, 0.3338571670827701, 0.3208500241887671], "dspearmanr": [0.3165377287426908, 0.30105650003017537, 0.3419196192098688, 0.3431835285817123, 0.2961755419197877], "drmse": [0.011554182507097721, 0.01437872089445591, 0.013145677745342255, 0.012918435037136078, 0.01282195933163166], "cpearsonr": [0.7838254446667705, 0.7697223119180004, 0.7612765314019889, 0.75092681475235, 0.7590577862345116], "cspearmanr": [0.7420698236428973, 0.7254844742520371, 0.7203461961050537, 0.7147495164346989, 0.714733000647512], "crmse": [0.012049460783600807, 0.01430861372500658, 0.013075560331344604, 0.012989929877221584, 0.012865585274994373]}