{"dpearsonr": [NaN, NaN, NaN, NaN, NaN], "drmse": [0.0871509239077568, 0.0850924551486969, 0.09208831936120987, 0.09464102238416672, 0.09589900821447372], "cpearsonr": [0.7429254504969969, 0.7294084546588405, 0.7159288649081245, 0.7206773263451145, 0.7300093314597639], "crmse": [0.08744481205940247, 0.08522186428308487, 0.09171074628829956, 0.09476572275161743, 0.09620190411806107]}