{"dpearsonr": [NaN, NaN, NaN, NaN, NaN], "drmse": [0.08652395009994507, 0.08651921153068542, 0.09249799698591232, 0.09365259110927582, 0.09429831057786942], "cpearsonr": [0.743063195869566, 0.7295205052219882, 0.7162104364942977, 0.7206208142563028, 0.7303168521866041], "crmse": [0.08681900054216385, 0.08664518594741821, 0.09212397038936615, 0.09377709031105042, 0.09460144490003586]}