{"dpearsonr": [NaN, NaN, NaN, NaN, NaN], "dspearmanr": [NaN, NaN, NaN, NaN, NaN], "drmse": [0.016434701159596443, 0.016157176345586777, 0.016151832416653633, 0.016089675948023796, 0.016303783282637596], "cpearsonr": [0.7460888823194176, 0.7465044439552695, 0.7460900660194696, 0.7467981717459192, 0.7466826190975426], "cspearmanr": [0.7016555345604615, 0.7021025877472913, 0.7032507660733384, 0.7025291001383394, 0.7011927437664313], "crmse": [0.016298403963446617, 0.01604086346924305, 0.016031382605433464, 0.015970813110470772, 0.016176002100110054]}