{"dpearsonr": [0.06628545813057195, 0.07108930712119291, 0.10102698404078891, 0.11852325980289631, 0.07409255820798394], "dspearmanr": [0.07749298858620847, 0.06882829682865443, 0.11256691180167845, 0.1049560421777603, 0.06268839299000344], "drmse": [0.014034634456038475, 0.015526431612670422, 0.014990124851465225, 0.014630586840212345, 0.014477808028459549], "cpearsonr": [0.7352868313062928, 0.7370321594921301, 0.7301686143525823, 0.7183443149960258, 0.7236096630814774], "cspearmanr": [0.6919940756666939, 0.6877416166453187, 0.6861502587405841, 0.6804413635800078, 0.6751373570428084], "crmse": [0.014605160802602768, 0.015608672052621841, 0.014881898649036884, 0.014646552503108978, 0.014601429924368858]}