{"dpearsonr": [NaN, NaN, NaN, NaN, NaN], "dspearmanr": [NaN, NaN, NaN, NaN, NaN], "drmse": [0.01779952272772789, 0.015370112843811512, 0.013494182378053665, 0.013461037538945675, 0.014147229492664337], "cpearsonr": [0.7293920663237412, 0.712643470193723, 0.727854506215475, 0.7270328219198314, 0.7439321899723526], "cspearmanr": [0.6896796427136861, 0.6702679467001678, 0.6814419045246896, 0.6727860591499085, 0.7041002496815384], "crmse": [0.018063588067889214, 0.01546479295939207, 0.01351714227348566, 0.013480613939464092, 0.014438400976359844]}