{"dpearsonr": [0.057405511317080174, 0.05905430483472313, 0.0772314893673017, 0.11200292980816343, 0.08194292582149056], "dspearmanr": [0.0660122019061477, 0.06043553206048793, 0.08387341623121512, 0.09760264987402525, 0.0916861443617089], "drmse": [0.016131911426782608, 0.016300126910209656, 0.01609865017235279, 0.015854688361287117, 0.01597837544977665], "cpearsonr": [0.7467818755557901, 0.7463126351794248, 0.7464950205459469, 0.7474194974884828, 0.7470564241654982], "cspearmanr": [0.7024374362846805, 0.7030203842808787, 0.7014671794212365, 0.7022473005965508, 0.7021480040715411], "crmse": [0.016009945422410965, 0.016171421855688095, 0.015971889719367027, 0.015738075599074364, 0.015860484912991524]}