{"dpearsonr": [NaN, NaN, NaN, NaN, NaN], "drmse": [0.0815964862704277, 0.08296481519937515, 0.08211683481931686, 0.08167307078838348, 0.08227034658193588], "cpearsonr": [0.7392956348723335, 0.7394493915280562, 0.739890045968483, 0.7401534021771868, 0.7396098533505286], "crmse": [0.08223588764667511, 0.08359917998313904, 0.08273724466562271, 0.08228963613510132, 0.08292066305875778]}