{"dpearsonr": [NaN, NaN, NaN, NaN, NaN], "drmse": [0.08311216533184052, 0.09294898808002472, 0.09503718465566635, 0.09376945346593857, 0.08655166625976562], "cpearsonr": [0.7294782553974735, 0.7124110554130108, 0.7271831138370332, 0.725964886827021, 0.7439578281479955], "crmse": [0.08330684900283813, 0.09272540360689163, 0.0953318402171135, 0.09427206963300705, 0.08628261089324951]}