{"dpearsonr": [NaN, NaN, NaN, NaN, NaN], "dspearmanr": [NaN, NaN, NaN, NaN, NaN], "drmse": [0.01779182069003582, 0.015376521274447441, 0.013527419418096542, 0.013454463332891464, 0.014151382260024548], "cpearsonr": [0.7296298795678313, 0.7125557961494834, 0.7278754274206589, 0.727180145119179, 0.7439124873687741], "cspearmanr": [0.6896727480495995, 0.6702927347097255, 0.6816244300312696, 0.6727869658000122, 0.70433828386667], "crmse": [0.018055863678455353, 0.015472177416086197, 0.013552977703511715, 0.013472789898514748, 0.014443221502006054]}