{"dpearsonr": [0.2744408564290376, 0.2753414332786093, 0.30419239905603385, 0.289210475568642, 0.31126164128535455], "dspearmanr": [0.22250382236451235, 0.22622159056940158, 0.26531395204293495, 0.27767920345270164, 0.2266831335062687], "drmse": [0.013147629797458649, 0.014507637359201908, 0.012829333543777466, 0.013774697668850422, 0.013397254049777985], "cpearsonr": [0.7370042672814164, 0.7406000860231887, 0.7472289194128819, 0.7196244472585976, 0.7254123162716284], "cspearmanr": [0.6925109463386214, 0.6880054264297665, 0.7032895334157736, 0.6808411055436411, 0.6754074100782909], "crmse": [0.013608621433377266, 0.014425236731767654, 0.012832284905016422, 0.013820908032357693, 0.013482936657965183]}