{"dpearsonr": [NaN, NaN, NaN, NaN, NaN], "drmse": [0.08846146613359451, 0.08676757663488388, 0.09153220802545547, 0.09596177935600281, 0.09762649983167648], "cpearsonr": [0.7432426005153535, 0.7294535563496258, 0.7164079936721561, 0.721264109877259, 0.7308380267349825], "crmse": [0.08876058459281921, 0.08690155297517776, 0.09115785360336304, 0.09608910977840424, 0.09793483465909958]}