{"dpearsonr": [NaN, NaN, NaN, NaN, NaN], "drmse": [0.08429752290248871, 0.09301671385765076, 0.09317395091056824, 0.09349781274795532, 0.0868769958615303], "cpearsonr": [0.7253995791358165, 0.7082289557631456, 0.7130769394204368, 0.7130471883641181, 0.7405526679435074], "crmse": [0.08447443693876266, 0.09279084205627441, 0.09346127510070801, 0.09399447590112686, 0.08659428358078003]}