{"dpearsonr": [NaN, NaN, NaN, NaN, NaN], "drmse": [0.08286095410585403, 0.08312256634235382, 0.08051960170269012, 0.08152541518211365, 0.0826561376452446], "cpearsonr": [0.7354527281177606, 0.7361347776431749, 0.7309169812460949, 0.7317528142894709, 0.7351944662080778], "crmse": [0.08349853754043579, 0.08375678211450577, 0.08111780881881714, 0.08213461935520172, 0.08330772072076797]}