{"dpearsonr": [0.40287061981510636, 0.4141542860861332, 0.4455598156375407, 0.4034482606916246, 0.4388353088389617], "dspearmanr": [0.3618897266301789, 0.37047031074477704, 0.43066943797798707, 0.3836910312352866, 0.3870648771763846], "drmse": [0.011137329041957855, 0.012331086210906506, 0.011046024039387703, 0.01180387195199728, 0.011178254149854183], "cpearsonr": [0.787955750626421, 0.790932466303111, 0.7853568224469438, 0.7665990657234166, 0.7792730418977982], "cspearmanr": [0.7464914661003839, 0.7491104902785871, 0.7430654419062419, 0.7323918443041696, 0.7346726627854994], "crmse": [0.011547674424946308, 0.012330186553299427, 0.011013857088983059, 0.011910522356629372, 0.011302761733531952]}