{"dpearsonr": [0.3814291387772125, 0.3773548923445753, 0.43842539460340524, 0.40107902111047194, 0.4044436368017267], "dspearmanr": [0.34346196819325153, 0.3446652525180162, 0.4081971114823065, 0.390043002741577, 0.34302049448097094], "drmse": [0.011226540431380272, 0.01283272635191679, 0.011171465739607811, 0.011707598343491554, 0.011555207893252373], "cpearsonr": [0.784731202949499, 0.783919801749541, 0.7810259877823492, 0.7675187561190127, 0.77270109443733], "cspearmanr": [0.739733558421941, 0.7441944977527379, 0.7384557514837874, 0.7309289134286513, 0.7279640487628282], "crmse": [0.011606146581470966, 0.012814185582101345, 0.011159065179526806, 0.011919831857085228, 0.011651652865111828]}