{"dpearsonr": [NaN, NaN, NaN, NaN, NaN], "drmse": [0.08367118239402771, 0.08239033818244934, 0.08330234885215759, 0.08176429569721222, 0.08225061744451523], "cpearsonr": [0.7395194531686677, 0.7397043941165757, 0.7402208925144507, 0.7404567852662657, 0.739746577673096], "crmse": [0.08432365208864212, 0.08302406966686249, 0.0839204341173172, 0.08238110691308975, 0.08290378749370575]}