{"dpearsonr": [NaN, NaN, NaN, NaN, NaN], "drmse": [0.08520164340734482, 0.09235787391662598, 0.09638185054063797, 0.09387673437595367, 0.08656642585992813], "cpearsonr": [0.7295430546575143, 0.7128464558698799, 0.7278187936944844, 0.7266976556346818, 0.7435031255216418], "crmse": [0.08539766818284988, 0.09213889390230179, 0.09667741507291794, 0.09438072890043259, 0.08630038797855377]}