{"dpearsonr": [0.028192585542639363, -0.022567304181616746, -0.01396420089028707, -0.009044601756686784, 0.007691825420918602], "drmse": [0.09434163570404053, 0.10241653025150299, 0.11023004353046417, 0.1268264353275299, 0.11944233626127243], "cpearsonr": [0.7284508279424201, 0.7113305805117767, 0.7245656992274396, 0.7127342547821045, 0.713642207256804], "crmse": [0.09448158740997314, 0.10220436751842499, 0.11058463901281357, 0.12742160260677338, 0.11838558316230774]}