{"dpearsonr": [-0.010313639453129903, -0.009314778319930845, -0.003787277137382414, 0.01522610130533701, 0.0015472129337653334], "drmse": [0.10877764225006104, 0.11651046574115753, 0.11907035112380981, 0.1178213581442833, 0.0893857330083847], "cpearsonr": [0.6408204793961169, 0.6590065937327391, 0.6692801888178094, 0.6501777141696411, 0.7157496300832581], "crmse": [0.1092073991894722, 0.11649985611438751, 0.1194724589586258, 0.11868848651647568, 0.08863034099340439]}