{"dpearsonr": [0.0187103285456658, 0.018416742509442294, 0.01822087943695451, 0.01812745685502468, 0.0013310039867088128], "drmse": [0.10684693604707718, 0.10677052289247513, 0.10794103145599365, 0.10530728846788406, 0.09345000982284546], "cpearsonr": [0.7347651542198267, 0.7338039928891762, 0.7411781611957291, 0.7346012498640768, 0.7354953934251292], "crmse": [0.10703199356794357, 0.10692710429430008, 0.108064666390419, 0.10551116615533829, 0.09406686574220657]}