{"dpearsonr": [0.019841005668906425, 0.005622884453256644, -0.0650520478004813, 0.018260098109174058, 0.008526313683967024], "drmse": [0.09184614568948746, 0.10212595015764236, 0.1066185012459755, 0.1116936206817627, 0.09484030306339264], "cpearsonr": [0.729437838073643, 0.713193260195251, 0.7270301930529935, 0.7242444690069416, 0.7278026274137519], "crmse": [0.09202264249324799, 0.10191888362169266, 0.10700429975986481, 0.11228696256875992, 0.09410291165113449]}