{"dpearsonr": [0.01204631059706542, 0.01188996087616641, 0.010073798211683433, 0.006279612257297008, -0.0021444969628116642], "drmse": [0.08718346059322357, 0.0871637612581253, 0.0873483419418335, 0.08538389950990677, 0.08723179996013641], "cpearsonr": [0.7390456051539044, 0.7391221138541465, 0.7396906846878137, 0.739570791741337, 0.7372019527262995], "crmse": [0.08785024285316467, 0.08780696243047714, 0.08797237277030945, 0.0860142856836319, 0.08789993077516556]}