{"dpearsonr": [0.014307485013253787, -0.0017653293415941043, -0.0036625228742531413, -0.0055037097641633965, -0.003055119644383992], "drmse": [0.08709068596363068, 0.08793316781520844, 0.08858061581850052, 0.09143595397472382, 0.0862124040722847], "cpearsonr": [0.7393084931562056, 0.7384536234299456, 0.7387404267150267, 0.7388916020165203, 0.7390350193942544], "crmse": [0.08775396645069122, 0.08868132531642914, 0.08931609988212585, 0.09211617708206177, 0.08690005540847778]}