{"dpearsonr": [0.014754579389806547, 0.014296249721856193, 0.015762152053064044, 0.01564781741347716, -0.0026080208724242105], "drmse": [0.09500035643577576, 0.0962529331445694, 0.09633132815361023, 0.09591541439294815, 0.08874814957380295], "cpearsonr": [0.7374157042816312, 0.7372826522073065, 0.7379420976841768, 0.7384573138800589, 0.7369591693948234], "crmse": [0.09548486024141312, 0.09674504399299622, 0.09678194671869278, 0.0964011624455452, 0.08944154530763626]}