{"dpearsonr": [-0.006606897471562268, -0.004605553029612554, -0.004732960851329951, -0.005166989840561755, -0.0035918679639341806], "drmse": [0.10853201150894165, 0.1090727373957634, 0.10882195085287094, 0.1089203953742981, 0.09855448454618454], "cpearsonr": [0.6210048998032286, 0.606911852026357, 0.6206292097366289, 0.5638725788351737, 0.6886923584417011], "crmse": [0.10982205718755722, 0.1103137880563736, 0.11009187251329422, 0.11017628014087677, 0.09949324280023575]}