{"dpearsonr": [0.008803246611224195, -0.014037203565874776, 0.007400738694585206, 0.006333494426617762, 0.008646399681823742], "drmse": [0.1092412918806076, 0.1166897714138031, 0.11959081888198853, 0.1198369637131691, 0.09030153602361679], "cpearsonr": [0.6136622304397051, 0.6111980589293832, 0.6331930422531138, 0.6048689588202246, 0.7049601138568592], "crmse": [0.10965836048126221, 0.11668986082077026, 0.11998360604047775, 0.12072162330150604, 0.0897347629070282]}