{"dpearsonr": [-0.004940321909034185, -0.0008055250289483053, 0.014327460484009423, 0.013862770785271181, 0.007613638898255344], "drmse": [0.10868798196315765, 0.1093318909406662, 0.10579441487789154, 0.10201598703861237, 0.09665268659591675], "cpearsonr": [0.6755782880589108, 0.6675251873596533, 0.7368607938954904, 0.7362339379780175, 0.7365186175172298], "crmse": [0.10992037504911423, 0.1105179712176323, 0.10594809800386429, 0.10221753269433975, 0.09710296988487244]}