{"dpearsonr": [-0.007301785179897538, 0.005744045536637339, -0.01913083342854504, 0.002670783017642549, 0.007558778751515595], "drmse": [0.08837886154651642, 0.09807753562927246, 0.10189121961593628, 0.1049252450466156, 0.09065546095371246], "cpearsonr": [0.7296040320054439, 0.7121453179535081, 0.7280476955441493, 0.7261753907255523, 0.7394982293603329], "crmse": [0.08857142180204391, 0.09789534658193588, 0.10219331085681915, 0.10549132525920868, 0.0902254581451416]}