{"dpearsonr": [0.037772887659468346, 0.007502837021408378, -0.008451635137051617, -0.0018290042940894361, 0.012430252020537283], "drmse": [0.0880831629037857, 0.0967278704047203, 0.1003325805068016, 0.09804265946149826, 0.09249250590801239], "cpearsonr": [0.7294357374332036, 0.712852670017295, 0.7273530428231799, 0.7256496425512703, 0.7300386252881739], "crmse": [0.08827383816242218, 0.096501924097538, 0.10062643140554428, 0.09857560694217682, 0.09190776944160461]}