{"dpearsonr": [0.009772385743558739, -0.0012171643830441502, -0.004705703092474408, 0.015802194301914638, 0.012121529320250905], "drmse": [0.10905771702528, 0.11647657305002213, 0.12012340873479843, 0.11952155828475952, 0.09433143585920334], "cpearsonr": [0.6135609815869709, 0.5940929971973754, 0.6124280651100198, 0.5682429951991923, 0.704457893131786], "crmse": [0.10950338840484619, 0.11647842824459076, 0.12052243947982788, 0.12039888650178909, 0.09355399012565613]}