{"dpearsonr": [0.010543675339564908, -0.0253183223851091, -0.05850332398974851, 0.015829406016943152, -0.026802080820471183], "drmse": [0.10851157456636429, 0.11615919321775436, 0.11094439774751663, 0.12571567296981812, 0.14329993724822998], "cpearsonr": [0.6682522626973393, 0.6573348669471466, 0.7277666541561958, 0.7105433607014912, 0.7175232902418471], "crmse": [0.10893075913190842, 0.11615783721208572, 0.11134427040815353, 0.12625259160995483, 0.14226281642913818]}