{"dpearsonr": [0.014673382436493621, 0.007912222146844497, -0.008657662861750424, 0.011455407145774782, 0.005807410543895837], "drmse": [0.10926475375890732, 0.11675891280174255, 0.1208776980638504, 0.11996016651391983, 0.09366397559642792], "cpearsonr": [0.5907337085848353, 0.6044479468370115, 0.6172419340508737, 0.5700362966633328, 0.6994237416997895], "crmse": [0.10966628789901733, 0.11677196621894836, 0.12127472460269928, 0.12082046270370483, 0.09298983961343765]}