{"dpearsonr": [0.013963881808237773, 0.014286802825385967, 0.015319441358702855, 0.015261398347960056, -0.0021779028523076435], "drmse": [0.09432478994131088, 0.09455681592226028, 0.09331005811691284, 0.09143897891044617, 0.08477427810430527], "cpearsonr": [0.7375518288885389, 0.7378487741363247, 0.7381194377186672, 0.7386154626735711, 0.7373585383670307], "crmse": [0.09483517706394196, 0.09498964250087738, 0.09381724148988724, 0.09195303171873093, 0.08546530455350876]}