{"dpearsonr": [-0.008807277285782497, -0.0019947261684811093, -0.014684519804824436, 0.014170755697519721, 0.037547146069617815], "drmse": [0.1067427322268486, 0.11597336828708649, 0.11752570420503616, 0.11431606858968735, 0.08683278411626816], "cpearsonr": [0.673032402788658, 0.643228037168078, 0.6894599514588985, 0.6743537619405225, 0.7013060395782986], "crmse": [0.10711228102445602, 0.11591607332229614, 0.11794012039899826, 0.115009605884552, 0.08577931672334671]}