{"dpearsonr": [-0.005880686603610544, -0.003755313093528081, -0.0060965418831814685, -0.007927348607854384, -0.009435411354973285], "drmse": [0.10909976810216904, 0.10936224460601807, 0.10787007957696915, 0.10902025550603867, 0.10041733086109161], "cpearsonr": [0.6230316256898613, 0.6221886853016267, 0.6377172078861136, 0.5956559425286644, 0.6827583008581148], "crmse": [0.11032272130250931, 0.11059661209583282, 0.10914260894060135, 0.11027336120605469, 0.1013011783361435]}