{"dpearsonr": [-0.007204324907263548, -0.005592969442573583, -0.006634328063234911, -0.004744806179590279, -0.010449713735222684], "drmse": [0.10504021495580673, 0.1077231764793396, 0.1057332381606102, 0.10498673468828201, 0.09019484370946884], "cpearsonr": [0.688319935470906, 0.6549844372955077, 0.6828907229768286, 0.6693049561474592, 0.7289906148882007], "crmse": [0.1061568632721901, 0.10896608233451843, 0.10694580525159836, 0.10609065741300583, 0.09095537662506104]}