{"dpearsonr": [-0.005188080180270282, -0.005260915869229122, -0.005184325261865748, -0.005000929017026382, -0.004037673150975116], "drmse": [0.10800546407699585, 0.1084495261311531, 0.10724247246980667, 0.10676033049821854, 0.09062841534614563], "cpearsonr": [0.6503810306031849, 0.6706913249228708, 0.6679857395390894, 0.6661148151266186, 0.7165205840377928], "crmse": [0.10930134356021881, 0.1097155511379242, 0.10848864912986755, 0.10804402828216553, 0.09150152653455734]}