{"dpearsonr": [-0.005675836979917801, -0.0049498423933606915, 0.0026916334141349994, -0.00587150790455818, -0.0069371843163480214], "drmse": [0.10947154462337494, 0.10943838208913803, 0.11058837175369263, 0.10883157700300217, 0.10182661563158035], "cpearsonr": [0.5930793473739098, 0.6179459431060069, 0.6244437402469685, 0.569954573844707, 0.6755792289713395], "crmse": [0.11070845276117325, 0.11068864911794662, 0.11175098270177841, 0.11010260134935379, 0.10293285548686981]}