{"dpearsonr": [-0.012360856852175691, -0.007189279845732785, 0.005151930614268895, -0.008633834493431055, 0.022121318166227158], "drmse": [0.09155616164207458, 0.09964897483587265, 0.10386832058429718, 0.10628395527601242, 0.08614429086446762], "cpearsonr": [0.7290509252343246, 0.7125875434601909, 0.7272231785402423, 0.7242855857091042, 0.7237401572821597], "crmse": [0.09174489974975586, 0.09942252188920975, 0.10417050123214722, 0.10684004426002502, 0.08542990684509277]}