{"dpearsonr": [0.01672233937469436, 0.01657192117132735, 0.016062248302344307, 0.01619990461053129, -0.001098556395677484], "drmse": [0.09823739528656006, 0.09564583003520966, 0.09796063601970673, 0.09373503178358078, 0.08390848338603973], "cpearsonr": [0.7380944258986409, 0.7381185253539838, 0.7384967238640695, 0.7382333050805925, 0.7370675120412051], "crmse": [0.09863957017660141, 0.09617319703102112, 0.09837034344673157, 0.0942617803812027, 0.08457875996828079]}