{"dpearsonr": [0.02719991119766037, -Infinity, -0.026158756993940522, 0.009180589510838017, 0.018720359470461266], "drmse": [0.09276292473077774, 0.10118111968040466, 0.1058432087302208, 0.1104290634393692, 0.08529685437679291], "cpearsonr": [0.7288645189885223, 0.7122506609481407, 0.7264108457821228, 0.7224154556628803, 0.7294268389812334], "crmse": [0.09294592589139938, 0.10095427930355072, 0.10615852475166321, 0.11100197583436966, 0.08459234237670898]}