{"dpearsonr": [NaN, NaN, NaN, NaN, NaN], "dspearmanr": [NaN, NaN, NaN, NaN, NaN], "drmse": [0.016416499391198158, 0.01618979126214981, 0.016076799482107162, 0.016128871589899063, 0.01629149354994297], "cpearsonr": [0.7463562186802175, 0.7463295696711325, 0.7458130029497474, 0.7464004754632216, 0.7466951845991561], "cspearmanr": [0.7017248279568409, 0.7019529338219991, 0.702818641456157, 0.7022996853421715, 0.7016907403728411], "crmse": [0.01628098264336586, 0.016071410849690437, 0.015969811007380486, 0.016011511906981468, 0.0161657202988863]}