{"dpearsonr": [0.07454969377889843, 0.07162498798158558, 0.07083038903580181, 0.09393727082532409, 0.07972248129053483], "dspearmanr": [0.07361519516043054, 0.0731147854211343, 0.08479414294914435, 0.10268593668386089, 0.08046697275097062], "drmse": [0.01605716533958912, 0.016158249229192734, 0.01620141603052616, 0.01589648611843586, 0.016005517914891243], "cpearsonr": [0.7471445158287768, 0.7468498440207529, 0.746450963875701, 0.7472298290848516, 0.7472634314293697], "cspearmanr": [0.7027255665728772, 0.7030263505954921, 0.7017540265565441, 0.7023204160892802, 0.7021878735016289], "crmse": [0.01594797521829605, 0.016063937917351723, 0.01607968658208847, 0.0157869141548872, 0.01589837297797203]}