{"dpearsonr": [NaN, NaN, NaN, NaN, NaN], "dspearmanr": [NaN, NaN, NaN, NaN, NaN], "drmse": [0.017767738550901413, 0.015380168333649635, 0.013624023646116257, 0.013458343222737312, 0.014142030850052834], "cpearsonr": [0.7296413736498042, 0.7126077773368872, 0.7280631840195338, 0.7273839592598003, 0.7438708554236158], "cspearmanr": [0.6896530785936461, 0.6703155517362004, 0.681818862839516, 0.6728516762795517, 0.7044541572355882], "crmse": [0.01803111657500267, 0.015475879423320293, 0.01365336962044239, 0.01347662415355444, 0.014433960430324078]}