{"dpearsonr": [0.08505462478611936, 0.07871676846810216, 0.07675693643130711, 0.12203613345385808, 0.07006172324678571], "dspearmanr": [0.07047440230037447, 0.07207092643338377, 0.07709697401611228, 0.12260766750627929, 0.08207441128639596], "drmse": [0.014008309692144394, 0.015530663542449474, 0.015063404105603695, 0.014595153741538525, 0.014397071674466133], "cpearsonr": [0.7356412275254328, 0.737342655142079, 0.7305682288297859, 0.7185444495665441, 0.7234482683887784], "cspearmanr": [0.6922457138799769, 0.6874977541145273, 0.6866020009243423, 0.6800941234999707, 0.6745616170241402], "crmse": [0.014525063335895538, 0.015618226490914822, 0.01494909729808569, 0.014610367827117443, 0.014509890228509903]}