{"dpearsonr": [0.06571711846143481, 0.08699131567997537, 0.05340651043540295, 0.06318546835329798, 0.08842426265513155], "dspearmanr": [0.06331755563327196, 0.08618059498299448, 0.056257226638382556, 0.06816567420120602, 0.0839340597813602], "drmse": [0.014851517975330353, 0.01609155908226967, 0.015590651892125607, 0.015353546477854252, 0.014443418942391872], "cpearsonr": [0.7356628815567736, 0.7375135029157311, 0.7288352245659183, 0.7157077373302312, 0.7224656012438634], "cspearmanr": [0.690312588766336, 0.6887072074903992, 0.6851356177849212, 0.6797663147240262, 0.6744312743944757], "crmse": [0.015486557967960835, 0.016134899109601974, 0.015485418029129505, 0.015331480652093887, 0.01454916037619114]}