{"dpearsonr": [0.08629024040808828, 0.07407352158568044, 0.06880509612125546, 0.09721131027603198, 0.07108433321802442], "dspearmanr": [0.0772756660719888, 0.08096618573486619, 0.07917333045570207, 0.09005846100473588, 0.07973320443127546], "drmse": [0.014001353643834591, 0.016712602227926254, 0.015191346406936646, 0.014801893383264542, 0.014462187886238098], "cpearsonr": [0.7372024859550375, 0.7377848000438384, 0.7303111597806367, 0.7184259622713666, 0.7234146981355771], "cspearmanr": [0.6919460575178962, 0.6871393920170379, 0.6871858790557982, 0.6808355276783192, 0.6747748826743651], "crmse": [0.01456223614513874, 0.016772592440247536, 0.015090489760041237, 0.014779649674892426, 0.014576400630176067]}