{"dpearsonr": [0.04194252283862177, 0.06497294096545372, 0.05850065128983366, 0.07965587761267558, 0.05242588693968835], "dspearmanr": [0.053953791990404704, 0.046729461578859086, 0.07837629937528309, 0.08264412437565995, 0.05689644464010841], "drmse": [0.01694578304886818, 0.017982110381126404, 0.017110520973801613, 0.019689379259943962, 0.01656021550297737], "cpearsonr": [0.7451037043602848, 0.7431084947260561, 0.7436536269909361, 0.7430204446185132, 0.746478596796402], "cspearmanr": [0.7027220545855063, 0.6977631267771299, 0.698809507941598, 0.6992105776305686, 0.7032409120523623], "crmse": [0.016787750646471977, 0.017867475748062134, 0.01694803312420845, 0.019616978242993355, 0.01642444357275963]}