{"dpearsonr": [NaN, NaN, NaN, NaN, NaN], "drmse": [0.08524685353040695, 0.09123251587152481, 0.09474565833806992, 0.09553620964288712, 0.08768989145755768], "cpearsonr": [0.7295488129162879, 0.7126676202996152, 0.7275095796272075, 0.7265862861834914, 0.7438185918054133], "crmse": [0.08543967455625534, 0.09101381152868271, 0.09503966569900513, 0.09604787081480026, 0.0874180942773819]}