{"dpearsonr": [0.06030860718359257, 0.0624303376195688, 0.07689682115167666, 0.08007400924625256, 0.07931452551204307], "dspearmanr": [0.06521616625570054, 0.06212954054105397, 0.07533882661244562, 0.08815854171511314, 0.0793023114999505], "drmse": [0.014254184439778328, 0.01630282774567604, 0.015828654170036316, 0.017597122117877007, 0.01436278410255909], "cpearsonr": [0.7357253963645193, 0.7367911048820697, 0.7272132760000086, 0.7153679246939755, 0.720474170578441], "cspearmanr": [0.6920751074038504, 0.6870159991683833, 0.684904743063245, 0.6787957877282924, 0.6721213976119571], "crmse": [0.014815607108175755, 0.0163692869246006, 0.01570378988981247, 0.017544623464345932, 0.014463245868682861]}