{"dpearsonr": [0.06398856705619613, 0.05228263435853654, 0.060174872041535966, 0.051011838669399706, 0.05786497308108861], "dspearmanr": [0.06527644114521639, 0.05487295362665248, 0.0592789121679984, 0.054093969443035836, 0.05449676155820834], "drmse": [0.017591066658496857, 0.01640121079981327, 0.01589549519121647, 0.016706136986613274, 0.01665697805583477], "cpearsonr": [0.7434673141836756, 0.7465305801891146, 0.7471890079832555, 0.7454757561052832, 0.7455373179639508], "cspearmanr": [0.699739185013995, 0.7036338451461979, 0.7024785374372805, 0.7001109345627189, 0.7019693603068325], "crmse": [0.017433561384677887, 0.01627679541707039, 0.015810469165444374, 0.016567738726735115, 0.016520287841558456]}