{"dpearsonr": [0.06244579361537066, 0.06654743588422116, 0.053935015621999656, 0.07073554757440695, 0.07061189798525368], "dspearmanr": [0.05142168156452999, 0.06252230775885684, 0.05478109253781929, 0.0665713922146373, 0.06715159372432551], "drmse": [0.01847359538078308, 0.017140278592705727, 0.016346031799912453, 0.01631956733763218, 0.016542501747608185], "cpearsonr": [0.7438996329688463, 0.7434769391795224, 0.744001896160824, 0.7446626038945345, 0.7455752131545879], "cspearmanr": [0.7015333493215268, 0.6988062557956306, 0.69985567785335, 0.7008200658276724, 0.7020826092766076], "crmse": [0.018301354721188545, 0.01699480414390564, 0.016247225925326347, 0.016220754012465477, 0.016440121456980705]}