{"dpearsonr": [0.05615235814742456, 0.060109351245091015, 0.07111856149790112, 0.06912623188593663, 0.05259236390801156], "dspearmanr": [0.05815051763221961, 0.056586863936779794, 0.07112795306413396, 0.06989974674481095, 0.05781579358644238], "drmse": [0.017651543021202087, 0.016855577006936073, 0.018624942749738693, 0.01758939027786255, 0.01933322846889496], "cpearsonr": [0.7446304031400082, 0.7453175533541705, 0.7424937571524345, 0.7453170578710491, 0.7415895421073052], "cspearmanr": [0.7011272267484588, 0.7016610405986604, 0.6983955840164753, 0.7015600078973638, 0.6965036522365861], "crmse": [0.017507651820778847, 0.01671445369720459, 0.018578320741653442, 0.017486121505498886, 0.019281480461359024]}