{"dpearsonr": [0.06592117529835188, 0.08071233830989308, 0.053366131911336746, 0.0440490429971809, 0.05872262923993092], "dspearmanr": [0.06702894290434953, 0.07195759462504193, 0.053525694587711475, 0.04822296674760813, 0.06005716147661774], "drmse": [0.016395842656493187, 0.016454769298434258, 0.01663869246840477, 0.01732015050947666, 0.016300590708851814], "cpearsonr": [0.744101283272292, 0.745986910610019, 0.7446440732080869, 0.7452072846972709, 0.7453790646264667], "cspearmanr": [0.7003904684706884, 0.7021688266866911, 0.7000110026288026, 0.7004647378459805, 0.7013028627822006], "crmse": [0.016266416758298874, 0.01632751151919365, 0.016516726464033127, 0.01721911132335663, 0.016182752326130867]}