{"dpearsonr": [0.06435365572309709, 0.07448925588530247, 0.08206325107168563, 0.08013409473868664, 0.09892818694865747], "dspearmanr": [0.0622934073340083, 0.07174464586735271, 0.08280302916065474, 0.07592235610456771, 0.1073882906926539], "drmse": [0.01416475884616375, 0.01580188050866127, 0.015254653058946133, 0.015011562034487724, 0.014338715933263302], "cpearsonr": [0.734597991352476, 0.7370033814460043, 0.7284447145333806, 0.7174339185915983, 0.7232648913850627], "cspearmanr": [0.6916127609728046, 0.6884019876865533, 0.6853788890532401, 0.679270740252808, 0.6749079915340099], "crmse": [0.014715923927724361, 0.015874335542321205, 0.015141459181904793, 0.014990017749369144, 0.014458617195487022]}