{"dpearsonr": [0.04829279555504228, 0.0773818239316363, 0.04851175642446651, 0.05037214950844831, 0.045836994766270796], "dspearmanr": [0.04428930223508727, 0.07516222630546449, 0.05102273400117452, 0.04518257543415936, 0.047979260646372195], "drmse": [0.016390526667237282, 0.016716990619897842, 0.01668739505112171, 0.01659730263054371, 0.01668483018875122], "cpearsonr": [0.7460192713860536, 0.7452650049716937, 0.7451778307476961, 0.7465941629883889, 0.7456307518891656], "cspearmanr": [0.7022016548774824, 0.7010713414110373, 0.7001215673032429, 0.7028450283275464, 0.7020782350527687], "crmse": [0.01626919023692608, 0.016590848565101624, 0.016565829515457153, 0.016469992697238922, 0.01656031422317028]}