{"dpearsonr": [0.05772798133763677, 0.09519872801163944, 0.04597428412378013, 0.0518373900715124, 0.06663588318701871], "dspearmanr": [0.05558576090610719, 0.07805230315788882, 0.051277530368466204, 0.04891879869646886, 0.06435785693409263], "drmse": [0.016098307445645332, 0.01607055775821209, 0.01660287193953991, 0.01637657918035984, 0.016038987785577774], "cpearsonr": [0.7467938580537395, 0.7471483358823489, 0.7450588911978753, 0.7465616758675397, 0.7465441793721096], "cspearmanr": [0.7017204822790956, 0.7034267715971889, 0.6997016383215722, 0.70271074555837, 0.702041094849687], "crmse": [0.01599816232919693, 0.01597112976014614, 0.01646467298269272, 0.016255468130111694, 0.015936382114887238]}