{"dpearsonr": [0.06564855257804522, 0.10482127964773147, 0.0779878890553821, 0.05670714372145206, 0.0721296070310616], "dspearmanr": [0.06912220552846629, 0.08253842414125748, 0.07044669973758598, 0.05993940580924976, 0.06520952911131309], "drmse": [0.014613448642194271, 0.01581404358148575, 0.017082298174500465, 0.015490352176129818, 0.015043361112475395], "cpearsonr": [0.7362011868877169, 0.7379320280611229, 0.7251291363824466, 0.7145625069668844, 0.7189798735083298], "cspearmanr": [0.6919868718514333, 0.6875907622188562, 0.6855930591188983, 0.6777354653403798, 0.6733080208081798], "crmse": [0.015192405320703983, 0.015917440876364708, 0.017380736768245697, 0.015479747205972672, 0.015163986012339592]}