{"dpearsonr": [-0.0061971933810369435, 0.008417420861004148, -0.0015318142765019431, 0.005449125753358188, 0.002952643120917572], "drmse": [0.08433743566274643, 0.09166888892650604, 0.09855978190898895, 0.09555129706859589, 0.08678116649389267], "cpearsonr": [0.7295997964531042, 0.7127847070597002, 0.727638831633011, 0.7265898144936003, 0.7438857716116921], "crmse": [0.08453036844730377, 0.091450035572052, 0.09886042028665543, 0.09606287628412247, 0.0865110531449318]}