{"dpearsonr": [0.03981624264849648, 0.054183768102721026, 0.06352576971178243, 0.05523352054349936, 0.06459758664758543], "dspearmanr": [0.050112206720327256, 0.05116864889719621, 0.06803659110848108, 0.07314462086554202, 0.07446319356199484], "drmse": [0.0177776962518692, 0.018002286553382874, 0.01882859133183956, 0.018900787457823753, 0.017659571021795273], "cpearsonr": [0.7460579387251002, 0.7449002649271612, 0.7445503865504715, 0.7442837089035048, 0.7444226391507399], "cspearmanr": [0.7014501898777183, 0.7008951697884966, 0.7004431337210995, 0.7016458522447784, 0.7014476539280616], "crmse": [0.01759369671344757, 0.017803000286221504, 0.018609514459967613, 0.018701113760471344, 0.01748490147292614]}