{"dpearsonr": [0.06213491248402728, 0.07085404989855419, 0.0509706334514179, 0.06426361707791974, 0.06023363288684873], "dspearmanr": [0.06902243803645172, 0.07797637289516589, 0.05227523606997284, 0.07439067417715534, 0.07912277362916578], "drmse": [0.020564286038279533, 0.019535833969712257, 0.016704734414815903, 0.02135983109474182, 0.019635329023003578], "cpearsonr": [0.7452866502031348, 0.7413454520540778, 0.7436849367703676, 0.7260965428135326, 0.7445269344779714], "cspearmanr": [0.7021412582760276, 0.6983832560732126, 0.6990250151990897, 0.6955350306916214, 0.7001242309799324], "crmse": [0.020341427996754646, 0.01933845318853855, 0.016542252153158188, 0.021069077774882317, 0.019385626539587975]}