{"dpearsonr": [0.07823738408640847, 0.09448733768205626, 0.056929812854701084, 0.08029237902503045, 0.07689471369913908], "dspearmanr": [0.08828920669799276, 0.0905915923206601, 0.057806988414905135, 0.07888870338198817, 0.08653222308904707], "drmse": [0.06844990700483322, 0.16753536462783813, 0.10636702179908752, 0.3458464443683624, 0.23969465494155884], "cpearsonr": [NaN, NaN, NaN, NaN, NaN], "cspearmanr": [NaN, NaN, NaN, NaN, NaN], "crmse": [0.06872408837080002, 0.1685294210910797, 0.10652119666337967, 0.34813499450683594, 0.23949238657951355]}