{"dpearsonr": [0.07322345880061475, 0.07293704510280383, 0.07388038273005226, 0.07129094718663939, 0.09848470633376286], "dspearmanr": [0.0747198232435694, 0.07912511947186121, 0.07647436427445128, 0.0740788484333408, 0.1051213988178787], "drmse": [0.014639013446867466, 0.016430893912911415, 0.01734219864010811, 0.015648121014237404, 0.014280114322900772], "cpearsonr": [0.7250751697758578, 0.7376505745973916, 0.7286002762236211, 0.7179420992765058, 0.724170444309302], "cspearmanr": [0.683767611267093, 0.6876152300900318, 0.6847806715952051, 0.6801567201707643, 0.6751797466333346], "crmse": [0.015194964595139027, 0.016541868448257446, 0.017177939414978027, 0.015607394278049469, 0.014386423863470554]}