{"dpearsonr": [NaN, NaN, NaN, NaN, NaN], "drmse": [0.08464649319648743, 0.09211251139640808, 0.09540871530771255, 0.09890139847993851, 0.08754175156354904], "cpearsonr": [0.7295679908112912, 0.7127747535692613, 0.7273102736841891, 0.7263620230758076, 0.7437804586065258], "crmse": [0.08483700454235077, 0.09189527481794357, 0.0957028791308403, 0.09942075610160828, 0.08727189153432846]}