{"dpearsonr": [NaN, 0.07708930600504937, 0.08011097255024854, 0.06503385151996541, 0.06781518739349426], "dspearmanr": [NaN, 0.07875596761166463, 0.06914557865641426, 0.06340693770343332, 0.06761924791382844], "drmse": [0.0661255419254303, 0.016290796920657158, 0.015958471223711967, 0.015410315245389938, 0.01516101323068142], "cpearsonr": [NaN, 0.7376473944954547, 0.7298157923773342, 0.7166410655965637, 0.7234636959468714], "cspearmanr": [NaN, 0.6883170780562469, 0.6859287198719768, 0.6789568924189143, 0.6744962960099933], "crmse": [0.06718339771032333, 0.016377413645386696, 0.015825435519218445, 0.015390087850391865, 0.015256115235388279]}