{"dpearsonr": [NaN, NaN, NaN, NaN, NaN], "drmse": [0.0821768194437027, 0.08229923248291016, 0.08324839174747467, 0.08439140766859055, 0.08449484407901764], "cpearsonr": [0.7393374951040299, 0.7396200740620096, 0.7398356654207786, 0.7403476535634649, 0.7395184449139908], "crmse": [0.08282304555177689, 0.08293324708938599, 0.08387159556150436, 0.08502411097288132, 0.08515789359807968]}