{"dpearsonr": [0.07286615519057252, 0.0559199420136114, 0.04609451231894742, 0.06374452663579808, 0.06162816551983397], "dspearmanr": [0.06748531369907984, 0.04832316760245395, 0.052730811059149396, 0.07143582595913735, 0.06980067424029722], "drmse": [0.01681487075984478, 0.016888143494725227, 0.01674766093492508, 0.016600921750068665, 0.01652778685092926], "cpearsonr": [0.739648779361894, 0.7431997144786349, 0.741719356397195, 0.7430233756936758, 0.7403526285492], "cspearmanr": [0.6969678781823546, 0.7007333139851711, 0.6975730535217629, 0.6987115186448982, 0.6971428050558804], "crmse": [0.01667618192732334, 0.016749748960137367, 0.016629647463560104, 0.016442783176898956, 0.016409389674663544]}