{"dpearsonr": [0.06568164571567267, 0.06212905340023842, 0.06864626982270954, 0.06364735810011507, 0.06940290753363615], "dspearmanr": [0.06776011843734722, 0.07023065306303287, 0.07712561496724027, 0.06939449973243526, 0.0773867143133138], "drmse": [0.014323476701974869, 0.01793542131781578, 0.015560179948806763, 0.015497183427214622, 0.014759482815861702], "cpearsonr": [0.7346158748040019, 0.7367094368705971, 0.7295914175775335, 0.7186383162022902, 0.7236393968174744], "cspearmanr": [0.6912933840011125, 0.6883647415428735, 0.6866176151855277, 0.6794199904042311, 0.6751685586961461], "crmse": [0.014897205866873264, 0.017996080219745636, 0.015445806086063385, 0.01547134481370449, 0.014847038313746452]}