{"dpearsonr": [0.06353453586376331, 0.060871643288467836, 0.04189401313345927, 0.05569801063011791, 0.037762871420157905], "dspearmanr": [0.057803530143450445, 0.07080168640780062, 0.04960696627503016, 0.06668648697966362, 0.043941354373111106], "drmse": [0.016583535820245743, 0.01649586297571659, 0.017072075977921486, 0.016451513394713402, 0.016460776329040527], "cpearsonr": [0.74503594619059, 0.7461025724074847, 0.7448718908992233, 0.7460193972792167, 0.7443268084946578], "cspearmanr": [0.7012358030438307, 0.702845530449106, 0.7001946869388169, 0.7023369048114227, 0.6999437586415596], "crmse": [0.01646796613931656, 0.016385335475206375, 0.016923334449529648, 0.01633453369140625, 0.016359111294150352]}