{"dpearsonr": [0.05584138230453608, 0.10567448928089018, 0.07941823553506361, 0.06262416584303863, 0.08393103016175632], "dspearmanr": [0.05571061134817646, 0.10518159856517255, 0.08615049832366772, 0.07055814349233945, 0.07971315138044566], "drmse": [0.014914206229150295, 0.023123085498809814, 0.017235642299056053, 0.015686148777604103, 0.014947928488254547], "cpearsonr": [0.7363599143456951, 0.7295112346486848, 0.7273485095304333, 0.7176280261763591, 0.7223004148989611], "cspearmanr": [0.6924745481327695, 0.6830557687009503, 0.6832213964354473, 0.6798691632832579, 0.6734122630005681], "crmse": [0.015482394024729729, 0.023529574275016785, 0.017093459144234657, 0.015672938898205757, 0.015075739473104477]}