{"dpearsonr": [NaN, NaN, NaN, NaN, NaN], "drmse": [0.0840478166937828, 0.09066378325223923, 0.09505384415388107, 0.09494839608669281, 0.08956459909677505], "cpearsonr": [0.7294168075041376, 0.7128028723040184, 0.7276611971258745, 0.72629187999485, 0.7438260274429072], "crmse": [0.0842401534318924, 0.09044922888278961, 0.09534880518913269, 0.09545941650867462, 0.08928125351667404]}