{"dpearsonr": [0.04876655555890923, 0.062070076564853575, 0.05270757050851537, 0.05215145795515203, 0.052253880516535955], "dspearmanr": [0.049258293992547914, 0.07267999738615176, 0.06626850220303676, 0.04747009992069559, 0.060717889766545144], "drmse": [0.01688992604613304, 0.017024042084813118, 0.019221771508455276, 0.016940588131546974, 0.01688074879348278], "cpearsonr": [0.745656945376968, 0.7457057137771848, 0.7440233401886098, 0.7442625266998119, 0.7451985445485516], "cspearmanr": [0.7025035963261356, 0.7024488317766203, 0.7012384772658036, 0.7002548596279363, 0.7021899982434306], "crmse": [0.016786418855190277, 0.016878461465239525, 0.018976468592882156, 0.016789574176073074, 0.0167410746216774]}