{"dpearsonr": [0.04977466952259543, 0.07728908397871945, 0.053795480396339045, 0.08380490822825439, 0.05502606809378331], "dspearmanr": [0.04668920913967607, 0.06668978134588369, 0.060665267370647, 0.077835102933723, 0.057100470384083855], "drmse": [0.016738928854465485, 0.016198905184864998, 0.016617106273770332, 0.016141382977366447, 0.01679658330976963], "cpearsonr": [0.7465454904669732, 0.7468402438669568, 0.7459475632496464, 0.7471820551248617, 0.746023884171572], "cspearmanr": [0.7017766776537445, 0.703628675390673, 0.7011086691766582, 0.7022416497042641, 0.7021729798231653], "crmse": [0.016641389578580856, 0.01610046625137329, 0.016482602804899216, 0.016020651906728745, 0.016656972467899323]}