{"dpearsonr": [0.06893712862628518, 0.07206844428128875, 0.08040723102922032, 0.09742916650480274, 0.08005296052772667], "dspearmanr": [0.06921551316757309, 0.07668897425453373, 0.09321999904683745, 0.07570663506900399, 0.0838350879627977], "drmse": [0.01417774148285389, 0.01582423411309719, 0.015142685733735561, 0.0147976353764534, 0.014685551635921001], "cpearsonr": [0.7360304231025719, 0.7375858586955351, 0.7307829977226384, 0.7183602612734956, 0.722104324821643], "cspearmanr": [0.6920268147783534, 0.6879584610200982, 0.6870674259118298, 0.6801975967651531, 0.6749207200897263], "crmse": [0.014760094694793224, 0.015904327854514122, 0.015041516162455082, 0.014796636067330837, 0.014776305295526981]}