{"dpearsonr": [0.06074642533074154, 0.07674699642684761, 0.06899365224422972, 0.06706126112044516, 0.07122334656688312], "dspearmanr": [0.05499581442715372, 0.07473948190940354, 0.07101428842987158, 0.07652718065635641, 0.07739601037760391], "drmse": [0.014645058661699295, 0.01575370691716671, 0.015590382739901543, 0.014958765357732773, 0.0149364173412323], "cpearsonr": [0.7342640289873131, 0.7372577469289746, 0.7296931406231838, 0.7184916117787443, 0.7228975647890516], "cspearmanr": [0.6913171529577091, 0.6878956853452275, 0.6860305526192405, 0.6799259504851832, 0.674544017137624], "crmse": [0.015236721374094486, 0.015847571194171906, 0.015501626767218113, 0.01493883691728115, 0.01503848284482956]}