{"dpearsonr": [0.0502709023792607, 0.05759471328205148, 0.0566060760436845, 0.04999935002853322, 0.0471756188535513], "dspearmanr": [0.08296101330351914, 0.05610487902136685, 0.07535088250837417, 0.0504852481650938, 0.05180640581125504], "drmse": [0.017333459109067917, 0.01757337711751461, 0.017986923456192017, 0.02060152217745781, 0.024682408198714256], "cpearsonr": [0.7443955536130217, 0.7456698510921395, 0.7436091137469559, 0.7460366032565795, 0.7416543264806713], "cspearmanr": [0.7008979821808891, 0.7022366967831254, 0.6999235883143969, 0.7016862827121721, 0.6987817519544761], "crmse": [0.017152341082692146, 0.017524652183055878, 0.01790606416761875, 0.020588761195540428, 0.024860171601176262]}