{"dpearsonr": [0.05494309036131096, 0.04045742057643465, 0.07102126513201544, 0.06246635696691398, 0.061404776840971335], "dspearmanr": [0.07492645960931699, 0.05771928609991066, 0.07207246287514836, 0.05819859817742903, 0.06604189733865458], "drmse": [0.017794493585824966, 0.018090732395648956, 0.017223332077264786, 0.016807492822408676, 0.017185945063829422], "cpearsonr": [0.7431844990366353, 0.7424900799395359, 0.7451254258692839, 0.7448036848641387, 0.7455416296627904], "cspearmanr": [0.700610112327281, 0.7003886718211646, 0.7007093780105118, 0.7003922838737272, 0.7021432289508858], "crmse": [0.017634514719247818, 0.01791265793144703, 0.01706789620220661, 0.016660278663039207, 0.01701292395591736]}