{"dpearsonr": [0.06095695961485415, 0.0641479764810689, 0.059028975115818005, 0.07099780246320817, 0.08184240260951378], "dspearmanr": [0.0589075025949485, 0.05980999106892294, 0.05988162053476839, 0.07283679158839712, 0.08815000618352752], "drmse": [0.1266336590051651, 0.1341582089662552, 0.14916345477104187, 0.07270704954862595, 0.1505434215068817], "cpearsonr": [NaN, NaN, NaN, NaN, NaN], "cspearmanr": [NaN, NaN, NaN, NaN, NaN], "crmse": [0.1266738921403885, 0.13521507382392883, 0.1496090143918991, 0.07289451360702515, 0.15065258741378784]}