{"dpearsonr": [NaN, NaN, NaN, NaN, NaN], "drmse": [0.08293028920888901, 0.08067753165960312, 0.08418044447898865, 0.08357534557580948, 0.08373623341321945], "cpearsonr": [0.7391938098333812, 0.7395086270297593, 0.7401327015214288, 0.7399812268101214, 0.7393879977115051], "crmse": [0.08357381820678711, 0.08130592107772827, 0.08480846881866455, 0.08420320600271225, 0.08439246565103531]}