{"dpearsonr": [0.07176700898993536, 0.05171006426277118, 0.06952933068261268, 0.06608288798657484, 0.06925235755693146], "dspearmanr": [0.07015817390895705, 0.059984431392025056, 0.0700483647660391, 0.07715427988630781, 0.0820803733853103], "drmse": [0.13815784454345703, 0.0993841141462326, 0.11002019792795181, 0.11141490936279297, 0.1316748410463333], "cpearsonr": [NaN, NaN, NaN, NaN, NaN], "cspearmanr": [NaN, NaN, NaN, NaN, NaN], "crmse": [0.13925455510616302, 0.10048501938581467, 0.11129938811063766, 0.11252333968877792, 0.13322682678699493]}