{"dpearsonr": [NaN, 0.07223691022775976, 0.06474186962735269, 0.07660947955648498, 0.05982813328072935], "dspearmanr": [NaN, 0.0694633140446337, 0.0799820083167437, 0.07525089467414924, 0.060951148429708245], "drmse": [0.07923372089862823, 0.017536913976073265, 0.016829289495944977, 0.01663537137210369, 0.01747055910527706], "cpearsonr": [NaN, 0.7448613071277381, 0.7460665791395451, 0.7441799505199208, 0.7446646300692455], "cspearmanr": [NaN, 0.7015879404900485, 0.7005457427753105, 0.7002785698871637, 0.7004917671021746], "crmse": [0.07802525162696838, 0.01734093390405178, 0.01667921058833599, 0.01651812717318535, 0.017333880066871643]}