{"dpearsonr": [0.06485976084325291, 0.05093740711832516, 0.057418967447328086, 0.0386325912799675, 0.07231990072450593], "dspearmanr": [0.07214010817875822, 0.05753535867546444, 0.04762602323105468, 0.049717060525579795, 0.0809407055461306], "drmse": [0.01752222701907158, 0.01741141639649868, 0.016594773158431053, 0.01774863339960575, 0.019652454182505608], "cpearsonr": [0.7455591366920786, 0.7450911780082287, 0.7420437572228579, 0.7450121606846789, 0.7438444609484831], "cspearmanr": [0.7022887469632507, 0.7024489202500036, 0.6988129716864764, 0.7015667788827585, 0.7014498458474908], "crmse": [0.017336420714855194, 0.01723538711667061, 0.016445310786366463, 0.017778731882572174, 0.019605759531259537]}