{"dpearsonr": [NaN, NaN, 0.0006402129535536302, 0.0009466732741868523, NaN], "drmse": [0.08253731578588486, 0.0808301493525505, 0.0821322500705719, 0.082764632999897, 0.08515143394470215], "cpearsonr": [0.7392546411476091, 0.739622612208301, 0.740057149339359, 0.7401203392117867, 0.7395762970001183], "crmse": [0.08318495005369186, 0.08145375549793243, 0.08275409042835236, 0.08338940888643265, 0.08581478148698807]}