{"dpearsonr": [NaN, -0.003632918200113366, 0.0009606312253466043, -0.005546735803518592, NaN], "drmse": [0.08345557004213333, 0.083295539021492, 0.08142226189374924, 0.08386387676000595, 0.0831763818860054], "cpearsonr": [0.7393685528018906, 0.7397136109462854, 0.7398215812273935, 0.7402153590706443, 0.7393737404903721], "crmse": [0.08410024642944336, 0.0839340016245842, 0.08203930407762527, 0.08449758589267731, 0.08383174985647202]}