{"dpearsonr": [0.0785277175605348, 0.07041364199585728, 0.06981427832655848, 0.06928944706010004, 0.08066573964731201], "dspearmanr": [0.06937592674875975, 0.07691021300952712, 0.08047546255807775, 0.06969832255377187, 0.07607591497979967], "drmse": [0.014283738099038601, 0.01623549871146679, 0.015398383140563965, 0.015848321840167046, 0.01472878735512495], "cpearsonr": [0.734143878062473, 0.7373673503080305, 0.7279052286553824, 0.7173989915095987, 0.7232871683022319], "cspearmanr": [0.6898585758643582, 0.6871777310362565, 0.685661436471026, 0.6799779022502546, 0.6746755206331274], "crmse": [0.014903237111866474, 0.01631210558116436, 0.015267016366124153, 0.015799907967448235, 0.014839442446827888]}