{"dpearsonr": [0.09017237510549667, 0.059737314913025835, 0.0746430218399474, 0.07650467007950154, 0.07881795010606867], "dspearmanr": [0.08514149875745765, 0.06885138894160484, 0.07176437518463986, 0.06828224816485062, 0.0853150430493255], "drmse": [0.014882144518196583, 0.016468236222863197, 0.01661473885178566, 0.016098571941256523, 0.015296023339033127], "cpearsonr": [0.7343156027802316, 0.7368924561453797, 0.7293610622625147, 0.7179357373429063, 0.7221750711037181], "cspearmanr": [0.6903135354547689, 0.6873724623814269, 0.6863515173549112, 0.6808868720197498, 0.6746571835686466], "crmse": [0.015457886271178722, 0.016576630994677544, 0.016513030976057053, 0.016043713316321373, 0.015425346791744232]}