{"dpearsonr": [0.05876225144786655, 0.06906775878724992, 0.056773069461256806, 0.04957247791575373, 0.07395673564183704], "dspearmanr": [0.05555796071538245, 0.06024722384400584, 0.07717897875079797, 0.06004172133905578, 0.08029827759174571], "drmse": [0.017685826867818832, 0.016322439536452293, 0.018640372902154922, 0.01907677762210369, 0.016845673322677612], "cpearsonr": [0.7428784784107059, 0.7468992701203927, 0.7425115269911691, 0.7448257123257531, 0.7457069479830994], "cspearmanr": [0.6993482394214694, 0.7039098554162609, 0.6958426637342213, 0.7004639581104295, 0.7018564136019192], "crmse": [0.01759640872478485, 0.01620849408209324, 0.018601300194859505, 0.01902257464826107, 0.016714902594685555]}