{"dpearsonr": [0.06338067096029916, 0.08819991144219508, 0.08275740935777512, 0.09557504201345769, 0.06282610871497928], "dspearmanr": [0.06640749283776828, 0.09464491634661966, 0.08485381909008385, 0.09095992594097885, 0.07342892395780455], "drmse": [0.01627635769546032, 0.015965137630701065, 0.01553602796047926, 0.01525192242115736, 0.01525147259235382], "cpearsonr": [0.732772467208496, 0.7365447440168812, 0.7296103186574356, 0.7179850016473353, 0.722288248855677], "cspearmanr": [0.6910848801241979, 0.6871050779729555, 0.6859507041875221, 0.6799531679215263, 0.6743706508509597], "crmse": [0.01681044138967991, 0.016055375337600708, 0.015444205142557621, 0.015243043191730976, 0.015340794809162617]}