{"dpearsonr": [0.06364756484489201, 0.07904720556313413, 0.06929608448030815, 0.07888813806543941, 0.08682235923043104], "dspearmanr": [0.06249111117459187, 0.07020294395195152, 0.07575814496401681, 0.06984819959511622, 0.08553407186074777], "drmse": [0.014532242901623249, 0.016239432618021965, 0.015424040146172047, 0.018115105107426643, 0.01604984700679779], "cpearsonr": [0.7361886247643358, 0.7374278801449128, 0.727896732726801, 0.7168899178444825, 0.7202754950237495], "cspearmanr": [0.6920363031960186, 0.6878663659990569, 0.6856749281758691, 0.6799415029090388, 0.6739666893069086], "crmse": [0.01515391655266285, 0.0163444634526968, 0.015293016098439693, 0.01811232604086399, 0.016117699444293976]}