{"dpearsonr": [NaN, NaN, NaN, NaN, NaN], "drmse": [0.0825246125459671, 0.08333995938301086, 0.08253662288188934, 0.08393976092338562, 0.08220630884170532], "cpearsonr": [0.7394444654631829, 0.7396083585917207, 0.7401259336533825, 0.7403095932819217, 0.7394761736531686], "crmse": [0.08317174762487411, 0.08397895842790604, 0.08315933495759964, 0.0845739096403122, 0.08285724371671677]}