{"dpearsonr": [0.044385800196773316, 0.05738330355975398, 0.05322646722858932, 0.050958473661179664, 0.05892804809514131], "dspearmanr": [0.058640641171552606, 0.06629349112211431, 0.04954985514432155, 0.050658122975890986, 0.06883609571752367], "drmse": [0.02069508284330368, 0.017667541280388832, 0.017423266544938087, 0.0164103452116251, 0.01812022365629673], "cpearsonr": [0.7438607338941816, 0.7455083827099709, 0.7416693635585647, 0.7440940213512436, 0.7441086388102922], "cspearmanr": [0.7001807916495101, 0.7024677807603599, 0.6988653806994947, 0.6990663093940501, 0.6995525373760931], "crmse": [0.020402638241648674, 0.01748901605606079, 0.017314735800027847, 0.01627490110695362, 0.01792612113058567]}