{"dpearsonr": [0.05334831883606476, 0.051158005976523015, 0.06448818853707011, 0.06233370243645167, 0.0571267220079033], "dspearmanr": [0.06415339015988479, 0.06861400229337437, 0.06702260384001806, 0.06873390006392884, 0.06510419118824268], "drmse": [0.017139766365289688, 0.018317217007279396, 0.01711501181125641, 0.0185291338711977, 0.016437601298093796], "cpearsonr": [0.7456539611309112, 0.7453773210112876, 0.7453698501713167, 0.7444412051192231, 0.744867731397092], "cspearmanr": [0.7015293927705286, 0.7017085373313517, 0.7012910893428136, 0.6998246643323275, 0.700163316397835], "crmse": [0.0170114915817976, 0.018087856471538544, 0.016938315704464912, 0.018445638939738274, 0.016300778836011887]}