{"dpearsonr": [0.07204880079738919, 0.06490160134265266, 0.07272386173712561, 0.07993629149917618, 0.09328944960834815], "dspearmanr": [0.07100568324914128, 0.07495945859353664, 0.05369686870270084, 0.06725668989571335, 0.09008728494343139], "drmse": [0.014977285638451576, 0.01806834526360035, 0.017244672402739525, 0.015947218984365463, 0.014991849660873413], "cpearsonr": [0.7337649769022209, 0.7370072441045598, 0.7241053889404349, 0.717687278214064, 0.7237801017539551], "cspearmanr": [0.69032451635996, 0.6859049854180128, 0.680697286966093, 0.6788649476578973, 0.6752476567558874], "crmse": [0.015645748004317284, 0.018064036965370178, 0.01714886724948883, 0.015915364027023315, 0.015096285380423069]}