{"dpearsonr": [0.07405072574716849, 0.060221058421455614, 0.07052021793355925, 0.0595142323183351, 0.06010804061785829], "dspearmanr": [0.07426152056061097, 0.06729468377818881, 0.07879111293541237, 0.08217683297053162, 0.06464815978373858], "drmse": [0.016511712223291397, 0.01758507825434208, 0.01851903833448887, 0.018392667174339294, 0.01636618748307228], "cpearsonr": [0.7418915349949035, 0.7454232326416811, 0.7431286522590769, 0.7437342684259881, 0.7447183753742792], "cspearmanr": [0.698580600323215, 0.7020433567804855, 0.6979505172491931, 0.700222945539333, 0.7006230027716659], "crmse": [0.01635279506444931, 0.017400188371539116, 0.018335895612835884, 0.018171949312090874, 0.01623770222067833]}