{"dpearsonr": [0.04464597960648687, 0.07154869069277772, 0.047226039069345485, 0.07432798184760937, 0.04419161103676554], "dspearmanr": [0.045377244282219543, 0.07406010656016035, 0.04900515443743481, 0.06535123649306183, 0.05100845797624862], "drmse": [0.017088832333683968, 0.017137764021754265, 0.016856659203767776, 0.01687183603644371, 0.016798732802271843], "cpearsonr": [0.7462619380681857, 0.7445650691518441, 0.7454645008481774, 0.7454862129586525, 0.7457188297066575], "cspearmanr": [0.7026974885226387, 0.7002575851593833, 0.701099071500689, 0.7019501244972441, 0.7020383477438783], "crmse": [0.016959115862846375, 0.017172053456306458, 0.016716845333576202, 0.016835756599903107, 0.016687167808413506]}