{"dpearsonr": [NaN, NaN, NaN, NaN, NaN], "drmse": [0.08390746265649796, 0.08223703503608704, 0.0855499655008316, 0.08167815953493118, 0.08378259092569351], "cpearsonr": [0.7394297967225048, 0.7397011782524697, 0.7400799141802933, 0.7402664165974504, 0.7392030032208171], "crmse": [0.08455956727266312, 0.08286922425031662, 0.08619056642055511, 0.08229871839284897, 0.08444816619157791]}