{"dpearsonr": [0.05246970052924187, 0.05910433460055354, 0.05531188872343246, 0.07805070343301143, 0.04198810756359203], "dspearmanr": [0.050473290519095264, 0.06013739615755893, 0.05321157230374902, 0.060521700970599696, 0.04399695252009986], "drmse": [0.01677529700100422, 0.016647377982735634, 0.016742009669542313, 0.016811015084385872, 0.016752349212765694], "cpearsonr": [0.7459654394012895, 0.746216305517693, 0.7455452154227675, 0.7424065412941885, 0.745949288654553], "cspearmanr": [0.7028341451277791, 0.7030955456780724, 0.7012246240903907, 0.6988831721798825, 0.702567833926218], "crmse": [0.01666748896241188, 0.016517043113708496, 0.016604173928499222, 0.016685497015714645, 0.016629556193947792]}