{"dpearsonr": [0.07124905706704877, 0.05021204530514896, 0.04776686935638198, 0.0590858248169741, 0.05542193406601262], "dspearmanr": [0.06152387244833374, 0.06893298984510968, 0.05991173246672442, 0.05571754349197072, 0.060743367700803096], "drmse": [0.01655997335910797, 0.01852869987487793, 0.016087325289845467, 0.01744246296584606, 0.016500625759363174], "cpearsonr": [0.7441894036673228, 0.7455756575203242, 0.7469783838368119, 0.7457292929286455, 0.7465991419245745], "cspearmanr": [0.701708953927199, 0.7028469007091646, 0.7030965577957033, 0.7017377662981995, 0.7024743535666247], "crmse": [0.01644202508032322, 0.01838749274611473, 0.01595664955675602, 0.01728089153766632, 0.016396649181842804]}