{"dpearsonr": [0.05891474476248384, 0.05316491836204094, 0.04762345776554423, 0.05412435489012439, 0.05078768364366442], "dspearmanr": [0.06144689776228103, 0.046788452604880855, 0.04809716706487134, 0.055192490778879034, 0.049466607676040344], "drmse": [0.09316826611757278, 0.13355085253715515, 0.14235535264015198, 0.07616028934717178, 0.14350588619709015], "cpearsonr": [NaN, NaN, NaN, NaN, NaN], "cspearmanr": [NaN, NaN, NaN, NaN, NaN], "crmse": [0.09476473927497864, 0.1349329799413681, 0.1438549906015396, 0.07721727341413498, 0.14475342631340027]}