{"dpearsonr": [0.057317979945822356, 0.05836297798850049, 0.07044375824153727, 0.07971880292835645, 0.06725369825459018], "dspearmanr": [0.06568385859432062, 0.07808474195732042, 0.07177276067279983, 0.08536694104737358, 0.08068045425781836], "drmse": [0.01799670048058033, 0.018743064254522324, 0.016299031674861908, 0.019712233915925026, 0.016716042533516884], "cpearsonr": [0.7427403583203568, 0.7425129866650305, 0.7431793233337817, 0.7430711267128621, 0.744145895157882], "cspearmanr": [0.7015791352577241, 0.7028241740869547, 0.699156939652188, 0.701154663519062, 0.6989910154265635], "crmse": [0.01788276620209217, 0.018526257947087288, 0.016207292675971985, 0.01964983157813549, 0.016565846279263496]}