{"dpearsonr": [NaN, NaN, NaN, NaN, NaN], "drmse": [0.08340329676866531, 0.08170640468597412, 0.08091621100902557, 0.08608712255954742, 0.08207041025161743], "cpearsonr": [0.7393677294940559, 0.739479939961023, 0.7400309606522356, 0.740089509961417, 0.7391708945436845], "crmse": [0.08405055850744247, 0.08233701437711716, 0.08152592182159424, 0.08673100173473358, 0.08272368460893631]}