{"dpearsonr": [0.06319796698332453, 0.045641261851570754, 0.06860987758704537, 0.05822185135541442, 0.05246254490021727], "dspearmanr": [0.0656339724537889, 0.04702057706285372, 0.0782681466175762, 0.06236047239450698, 0.053321474933320616], "drmse": [0.01599888503551483, 0.016624262556433678, 0.01616791822016239, 0.01610986888408661, 0.01622031256556511], "cpearsonr": [0.7471174493305865, 0.7454612194527472, 0.7451031903806732, 0.7457223932730022, 0.7461015711355061], "cspearmanr": [0.7025625894556065, 0.7026315897116687, 0.7001588268020146, 0.7017292403999864, 0.702815447220661], "crmse": [0.015889180824160576, 0.016528140753507614, 0.016058143228292465, 0.016021238639950752, 0.01612580195069313]}