{"dpearsonr": [0.07009101328089543, 0.08902349336819347, 0.08087420179548094, 0.08137880269864775, 0.06984314467383837], "dspearmanr": [0.06441931142445352, 0.0881467460087114, 0.07806617826640032, 0.07681506925818643, 0.09358291536647725], "drmse": [0.014413904398679733, 0.019779318943619728, 0.016064265742897987, 0.015529352240264416, 0.014615660533308983], "cpearsonr": [0.7349583741081863, 0.7352709312136949, 0.7283715409630944, 0.7161328462827635, 0.7207797294289083], "cspearmanr": [0.6909371824289304, 0.6849017914530383, 0.6849709140903216, 0.6787056599883252, 0.6724844729765087], "crmse": [0.014959655702114105, 0.019939057528972626, 0.015927018597722054, 0.01553058810532093, 0.014710170216858387]}