{"dpearsonr": [0.07046715341348213, 0.0778293218700189, 0.06602839523309446, 0.08000391647844977, 0.11217030825805539], "dspearmanr": [0.07160075881876185, 0.08017666599377238, 0.06923101668861473, 0.08008413603003987, 0.11171207916921064], "drmse": [0.01773160696029663, 0.016409581527113914, 0.02407248318195343, 0.016784468665719032, 0.014460431411862373], "cpearsonr": [0.7338922267506189, 0.7382478564184851, 0.7306053329470008, 0.7115633250682561, 0.723731454464022], "cspearmanr": [0.6912522794888181, 0.6881720341617387, 0.6856152571465041, 0.677640891239168, 0.6755425547168282], "crmse": [0.01821679249405861, 0.016475629061460495, 0.024023039266467094, 0.016793234273791313, 0.014564810320734978]}