{"dpearsonr": [NaN, NaN, NaN, NaN, NaN], "drmse": [0.08492066711187363, 0.09158968925476074, 0.09370781481266022, 0.09860123693943024, 0.08632402867078781], "cpearsonr": [0.7295486381693895, 0.7125808908168961, 0.7276705353248196, 0.7263336895521412, 0.7438281119205118], "crmse": [0.08511204272508621, 0.09137072414159775, 0.0940016433596611, 0.09912452846765518, 0.0860559344291687]}