{"dpearsonr": [NaN, NaN, NaN, NaN, NaN], "drmse": [0.08601146191358566, 0.09160201996564865, 0.09704916179180145, 0.0975039079785347, 0.0883922353386879], "cpearsonr": [0.7295441187614604, 0.7127971859780498, 0.7278996114422144, 0.7265969135545745, 0.7439027998980332], "crmse": [0.08620120584964752, 0.09138131886720657, 0.09734831005334854, 0.09802037477493286, 0.08811622112989426]}