{"dpearsonr": [NaN, NaN, NaN, NaN, NaN], "drmse": [0.08730443567037582, 0.09590135514736176, 0.0971287414431572, 0.09700281918048859, 0.09033731371164322], "cpearsonr": [0.7295901856559034, 0.7128242616858981, 0.7278704891176225, 0.7264365327665314, 0.7438144990961422], "crmse": [0.08749344944953918, 0.0956735759973526, 0.09742671996355057, 0.09752041101455688, 0.09005729109048843]}