{"dpearsonr": [0.05166108968733598, 0.05983466456738333, 0.06117596930497711, 0.04004737452386518, 0.05460835731396906], "dspearmanr": [0.059010931186910726, 0.06757567578376328, 0.061177520024072105, 0.046517435776334236, 0.0620905229614814], "drmse": [0.016474561765789986, 0.016876671463251114, 0.017045194283127785, 0.017279721796512604, 0.01728794537484646], "cpearsonr": [0.7461051306651812, 0.745582051792171, 0.7444618191922159, 0.7432624846986498, 0.7450935411771418], "cspearmanr": [0.7016939629751001, 0.7013363974876716, 0.700422196117131, 0.6991426195971446, 0.7000371489034781], "crmse": [0.016325317323207855, 0.016729686409235, 0.01688043586909771, 0.017106931656599045, 0.01712350733578205]}