{"dpearsonr": [0.048518309490079375, 0.0724056785030833, 0.07207953004995897, 0.05022347419370471, 0.06220297527372158], "dspearmanr": [0.053460145138689436, 0.08122448169613264, 0.07555699098497698, 0.05439924245357005, 0.07277648476666392], "drmse": [0.01773965172469616, 0.02564234659075737, 0.01778382807970047, 0.01743362843990326, 0.017648320645093918], "cpearsonr": [0.7450759873563252, 0.73247581085628, 0.7428988324055109, 0.746145155822158, 0.7452369252464767], "cspearmanr": [0.7011035226467757, 0.6926906786224468, 0.69735547887762, 0.7017913852470442, 0.7013310141020134], "crmse": [0.01759367808699608, 0.02526251971721649, 0.0176992304623127, 0.017290979623794556, 0.01749088615179062]}