{"dpearsonr": [0.07831812177426105, 0.09727973941126292, 0.07598644241323158, 0.07010771161398241, 0.09252868855463085], "dspearmanr": [0.07488946381985948, 0.0942113327901384, 0.07150534992899543, 0.07036395371497291, 0.09507952328625476], "drmse": [0.014367975294589996, 0.015606657601892948, 0.015655796974897385, 0.01532165426760912, 0.01436616387218237], "cpearsonr": [0.7359525177997758, 0.7377586248857182, 0.7298634881189106, 0.7187243645370875, 0.7242848928480268], "cspearmanr": [0.6919235985762351, 0.6880367453812196, 0.6856601021697828, 0.6807188470038835, 0.6743967776672042], "crmse": [0.014941362664103508, 0.015681004151701927, 0.015556637197732925, 0.015299800783395767, 0.014462548308074474]}