{"dpearsonr": [0.06819708062697173, 0.07442068817025897, 0.04961053405629214, 0.052132551062383826, 0.05553754727653796], "dspearmanr": [0.08105729135878681, 0.05824196165675762, 0.04816716395520655, 0.06263923443634455, 0.05781639586655508], "drmse": [0.018797673285007477, 0.017103716731071472, 0.016710778698325157, 0.017694629728794098, 0.016985086724162102], "cpearsonr": [0.7440501049326966, 0.7463258950843593, 0.7450280057682444, 0.7437875457227852, 0.7444359772070369], "cspearmanr": [0.7005654915399767, 0.70279180165863, 0.7014123508532962, 0.7010014369348785, 0.7018215059414911], "crmse": [0.018600989133119583, 0.016942162066698074, 0.016582341864705086, 0.017520394176244736, 0.016825681552290916]}