{"dpearsonr": [0.05722385358406272, 0.06105129220112705, 0.05089871067788531, 0.08179048995626645, 0.052732495480105085], "dspearmanr": [0.05647228244033359, 0.06044078092648044, 0.05016287650961065, 0.07320143879496042, 0.05395798603149629], "drmse": [0.016538426280021667, 0.018187616020441055, 0.01668541319668293, 0.01659071259200573, 0.01660795323550701], "cpearsonr": [0.7469391256081611, 0.7451193314898732, 0.7458547813568099, 0.7462083209936521, 0.7465621607021281], "cspearmanr": [0.7025240338908005, 0.7016918736564323, 0.7008925039575978, 0.7017950688036126, 0.7019724294991259], "crmse": [0.016409870237112045, 0.018009072169661522, 0.016546238213777542, 0.01648983731865883, 0.016471391543745995]}