{"dpearsonr": [0.05898887996640118, 0.06840142511242014, 0.05847564609273539, 0.0644265176199572, 0.05581844243375803], "dspearmanr": [0.07018172286035149, 0.07631807483927447, 0.047891509495529866, 0.0690802035676301, 0.07985408319993051], "drmse": [0.017102140933275223, 0.01738833263516426, 0.01646912842988968, 0.01901642046868801, 0.018171247094869614], "cpearsonr": [0.7459111255078045, 0.7449415901026861, 0.742046965001225, 0.743161557990518, 0.7450577109923456], "cspearmanr": [0.7019389203131144, 0.701848921563095, 0.6986372135677668, 0.6999616120420392, 0.6999071429408382], "crmse": [0.016951916739344597, 0.017221344634890556, 0.01632341928780079, 0.018815411254763603, 0.017981573939323425]}