{"dpearsonr": [NaN, NaN, NaN, NaN, NaN], "drmse": [0.08368808031082153, 0.09223902970552444, 0.09629034250974655, 0.0967555120587349, 0.08887472748756409], "cpearsonr": [0.7295858659843513, 0.7127894584132763, 0.7272245833587988, 0.7266756696245142, 0.7439004199571282], "crmse": [0.08387893438339233, 0.09202175587415695, 0.0965849757194519, 0.09726840257644653, 0.08859645575284958]}