{"dpearsonr": [0.06196722871274366, 0.08075560855179777, 0.07859444503575798, 0.07188377784669435, 0.06140300730462556], "dspearmanr": [0.06823531725557835, 0.07560952685245663, 0.07751681177692933, 0.06574322061210018, 0.07119054067592842], "drmse": [0.014412350952625275, 0.016693690791726112, 0.015772566199302673, 0.019132860004901886, 0.024350643157958984], "cpearsonr": [0.7360005817502243, 0.7368909614040987, 0.7308809788775901, 0.7184046118147597, 0.7183067609456887], "cspearmanr": [0.6919751491306686, 0.6873848158405974, 0.6870630923152873, 0.6804174939596781, 0.6741855800964002], "crmse": [0.015037366189062595, 0.01678604632616043, 0.015690824016928673, 0.019236577674746513, 0.02451493963599205]}