{"dpearsonr": [0.059141046687471055, 0.04949563515135813, 0.07732023773784712, 0.07322909330879192, 0.05504708858998295], "dspearmanr": [0.06440590103124363, 0.061806248773984815, 0.07473103912263825, 0.07997532526731398, 0.06031251580752053], "drmse": [0.016810238361358643, 0.01707690954208374, 0.019178707152605057, 0.020956940948963165, 0.01724829711019993], "cpearsonr": [0.743631438039293, 0.7449047000923836, 0.7384731969157645, 0.7381299995608325, 0.7452721232403074], "cspearmanr": [0.6995380571748107, 0.7022683828577191, 0.6960990914566881, 0.6976265649304029, 0.7004679572256983], "crmse": [0.01667402870953083, 0.016915924847126007, 0.019245395436882973, 0.020891478285193443, 0.017148202285170555]}