{"dpearsonr": [0.05266551577964665, 0.08280325870931196, 0.05195145725804744, 0.0814969717151983, 0.07631323096726667], "dspearmanr": [0.04707431328416679, 0.08822034292074339, 0.06000643750952905, 0.0884187308832835, 0.08165662600824118], "drmse": [0.06723474711179733, 0.1973806470632553, 0.09953229874372482, 0.3657478094100952, 0.2567441165447235], "cpearsonr": [NaN, NaN, NaN, NaN, NaN], "cspearmanr": [NaN, NaN, NaN, NaN, NaN], "crmse": [0.06807027012109756, 0.1979445368051529, 0.10063634067773819, 0.36775869131088257, 0.2584739923477173]}