{"dpearsonr": [0.06100591289395094, 0.05292570375730902, 0.04169201572425408, 0.046093677613840964, 0.07262529339346555], "dspearmanr": [0.054432790016534054, 0.06069589777213624, 0.04670999987029995, 0.054572631375035666, 0.08669652314842734], "drmse": [0.017381176352500916, 0.01631256751716137, 0.01702888496220112, 0.02127680554986, 0.07646065205335617], "cpearsonr": [0.7450798817495766, 0.7459331875420229, 0.7428911089460356, 0.7362467702536214, NaN], "cspearmanr": [0.701918922849419, 0.7024157134565912, 0.6992377834650678, 0.684409539880267, NaN], "crmse": [0.017202431336045265, 0.016195198521018028, 0.016969241201877594, 0.02133040875196457, 0.07501744478940964]}