{"dpearsonr": [0.06972801538745942, 0.05495939906862462, 0.06108068356986578, 0.053337906534571315, 0.05978585426330465], "dspearmanr": [0.07579700865449189, 0.06179909699407699, 0.07041715444187242, 0.07402663268588369, 0.07600262816159409], "drmse": [0.01656116358935833, 0.016899866983294487, 0.01650271564722061, 0.0162929929792881, 0.0168781541287899], "cpearsonr": [0.744724775754976, 0.7454445169390614, 0.746709593524239, 0.7467142559947653, 0.7442974985040993], "cspearmanr": [0.7002709386375745, 0.7028352863118404, 0.7009658976174089, 0.7028121045883318, 0.70111788552212], "crmse": [0.016433633863925934, 0.016781525686383247, 0.016370292752981186, 0.016182996332645416, 0.016738492995500565]}