{"dpearsonr": [0.07255803238973214, 0.10775003465693626, 0.06949275469184878, 0.06349937312007962, 0.07322447634979004], "dspearmanr": [0.0642521704641234, 0.1065229708735203, 0.0726150663764515, 0.061817621818694775, 0.07788780296691737], "drmse": [0.01427897997200489, 0.015551897697150707, 0.015733465552330017, 0.015127427875995636, 0.014546267688274384], "cpearsonr": [0.7342993293644323, 0.7369794229063726, 0.7284062879722176, 0.7171936312364915, 0.7239787938102005], "cspearmanr": [0.6907721291022055, 0.6874046657290114, 0.6853122481031135, 0.6787774042333784, 0.6753729402011176], "crmse": [0.014827841892838478, 0.015631170943379402, 0.01562858745455742, 0.015108318999409676, 0.014658589847385883]}