{"dpearsonr": [NaN, NaN, NaN, NaN, NaN], "drmse": [0.08542068302631378, 0.09217996150255203, 0.09884727746248245, 0.09376384317874908, 0.08811415731906891], "cpearsonr": [0.7296206235441316, 0.7127555881567955, 0.7276228450507993, 0.7266267816847254, 0.7437829056882851], "crmse": [0.08561093360185623, 0.09196095168590546, 0.09914759546518326, 0.09427081793546677, 0.08784133940935135]}