{"dpearsonr": [0.07098384568540649, 0.1085950089770972, 0.06494467945167952, 0.08183552435276092, 0.08816286342888607], "dspearmanr": [0.06749101524633412, 0.10632758525847835, 0.0671876620899342, 0.08387452618090373, 0.09871528164988644], "drmse": [0.014612538740038872, 0.015406186692416668, 0.015794504433870316, 0.018908075988292694, 0.0598951056599617], "cpearsonr": [0.7351431541627518, 0.7376224439369408, 0.727563707110856, 0.7150280009098381, NaN], "cspearmanr": [0.6916066464017139, 0.6879700657169382, 0.6856280490560692, 0.6742036609136057, NaN], "crmse": [0.015222275629639626, 0.015513795427978039, 0.015694420784711838, 0.018962077796459198, 0.06004922464489937]}