{"dpearsonr": [0.07359173956375986, 0.06392061076798339, 0.08185400598649759, 0.05255392005698484, 0.06884704344518557], "dspearmanr": [0.054099926527388875, 0.05587406347116859, 0.08530893829996837, 0.05247537521908897, 0.07595662789499477], "drmse": [0.015456358902156353, 0.016049249097704887, 0.015859438106417656, 0.01630255952477455, 0.014471163041889668], "cpearsonr": [0.7346645916055643, 0.7374154395364565, 0.7299346744279863, 0.7166202593054476, 0.7239462472161214], "cspearmanr": [0.6915222217369108, 0.6874158744820236, 0.6870115197024688, 0.6783036700761745, 0.6747586170773815], "crmse": [0.015929972752928734, 0.01615041494369507, 0.015758804976940155, 0.016264379024505615, 0.014569011516869068]}