{"dpearsonr": [0.07039669092305326, 0.04591897565819701, 0.05978935753068542, 0.08347280566678769, 0.05365838497778983], "dspearmanr": [0.06177648097442959, 0.04535049264962688, 0.0611353466449615, 0.0891169199628708, 0.059428445142469886], "drmse": [0.01807994395494461, 0.017962612211704254, 0.017303775995969772, 0.0162698682397604, 0.017509762197732925], "cpearsonr": [0.7440267227601818, 0.7434052387922739, 0.7462459091577366, 0.7469828497999192, 0.7447390537812207], "cspearmanr": [0.7005233031288527, 0.7010220936097714, 0.7016140029773004, 0.7028224670197072, 0.7008884412051944], "crmse": [0.018042294308543205, 0.01789354719221592, 0.017271310091018677, 0.01614050194621086, 0.01731974631547928]}