{"dpearsonr": [0.06869463922950741, 0.09333856121025294, 0.06864071577305801, 0.08031751817874515, 0.07782059598181254], "dspearmanr": [0.06946774246686012, 0.07822559786354978, 0.07329981663823962, 0.0928059054403068, 0.07863159319035425], "drmse": [0.014367155730724335, 0.017213206738233566, 0.015191139653325081, 0.01584659516811371, 0.015640975907444954], "cpearsonr": [0.7345752964914142, 0.7358816979403626, 0.7299148046935277, 0.7162590531842241, 0.720923791277624], "cspearmanr": [0.6918537375006143, 0.6861180255335214, 0.6869124544064673, 0.6785741725743315, 0.6747972159678115], "crmse": [0.014998160302639008, 0.017306871712207794, 0.015091734938323498, 0.015866287052631378, 0.01576550304889679]}