{"dpearsonr": [NaN, NaN, NaN, NaN, NaN], "drmse": [0.08578600734472275, 0.08569807559251785, 0.08399634808301926, 0.08463053405284882, 0.08590589463710785], "cpearsonr": [0.7394151852421929, 0.7396490881220106, 0.7401761208685962, 0.7401979242002108, 0.7392933284362517], "crmse": [0.08645022660493851, 0.08634720742702484, 0.08462893962860107, 0.08527342975139618, 0.0865822285413742]}