{"dpearsonr": [0.06538922266681517, 0.06519625028342005, 0.09064427748346086, 0.06922379605424298, 0.07560184004938784], "dspearmanr": [0.05817294553376438, 0.07566820140706991, 0.08576694111852776, 0.05687346724470511, 0.07551434564315851], "drmse": [0.01716090366244316, 0.01602998934686184, 0.017516478896141052, 0.015520920976996422, 0.014450990594923496], "cpearsonr": [0.7359304605984095, 0.7382484088892265, 0.7282952351569284, 0.7162310746323335, 0.7230976199957158], "cspearmanr": [0.6908748808159058, 0.6876429371063132, 0.6852376648101962, 0.6806263664017496, 0.6753024974903208], "crmse": [0.01767301745712757, 0.01613483764231205, 0.017361637204885483, 0.015491034835577011, 0.014558592811226845]}