{"dpearsonr": [0.08045855183744043, 0.07224246739139764, 0.06936876079028648, 0.07781746861100453, 0.08624848365503653], "dspearmanr": [0.07939346307817281, 0.07162596543495757, 0.07159123484179315, 0.08119220230008732, 0.10047911093422067], "drmse": [0.014726138673722744, 0.016077201813459396, 0.016026126220822334, 0.015033370815217495, 0.01468950416892767], "cpearsonr": [0.7338481455038215, 0.7364134062863854, 0.7281653441830891, 0.7170130618562273, 0.723654336812494], "cspearmanr": [0.6894568016714877, 0.6868290639253387, 0.6862070882063434, 0.6802211571386368, 0.6750247453426873], "crmse": [0.015336338430643082, 0.01616756059229374, 0.015923233702778816, 0.015016499906778336, 0.014785596169531345]}