{"dpearsonr": [NaN, NaN, NaN, NaN, NaN], "drmse": [0.08641336113214493, 0.09241688996553421, 0.09861349314451218, 0.09675391763448715, 0.08969911187887192], "cpearsonr": [0.7294269688929567, 0.7128419780543059, 0.7277224640754422, 0.7265095597435499, 0.743899689165526], "crmse": [0.08660230785608292, 0.09219974279403687, 0.09891500324010849, 0.09727365523576736, 0.08941636234521866]}