{"dpearsonr": [0.05294568806526996, 0.06902095186551781, 0.060941334864659316, 0.08214868472640384, 0.061239893211702506], "dspearmanr": [0.07310543803471023, 0.06665552813869219, 0.06811810958585898, 0.08462882067176498, 0.08067417069913446], "drmse": [0.0168635081499815, 0.022421691566705704, 0.016674935817718506, 0.016852909699082375, 0.016922956332564354], "cpearsonr": [0.7435380899697432, 0.7427066926751344, 0.7434489811435002, 0.744287290284635, 0.7446210368928871], "cspearmanr": [0.6998943298340992, 0.6973641225568271, 0.6991562404479267, 0.7000682781836548, 0.7013227088050149], "crmse": [0.016721012070775032, 0.022421270608901978, 0.016550863161683083, 0.0167734082788229, 0.016760431230068207]}