{"dpearsonr": [0.06976117584940565, 0.07076248048462752, 0.07553002803629164, 0.07190880122273674, 0.06611728946292626], "dspearmanr": [0.07365329971780983, 0.06758868037847321, 0.07570264783537327, 0.07241772544875437, 0.07942759799955204], "drmse": [0.01568889059126377, 0.015922963619232178, 0.020567117258906364, 0.0196909848600626, 0.01537570171058178], "cpearsonr": [0.7351908839386683, 0.7378692625430678, 0.7213799234960374, 0.7089718594412184, 0.7230476676149984], "cspearmanr": [0.6895870208647759, 0.6875334090361359, 0.6818238841180735, 0.6761586968006336, 0.6733462592689883], "crmse": [0.016190629452466965, 0.016008779406547546, 0.02040279656648636, 0.019634561613202095, 0.015503078699111938]}