{"dpearsonr": [0.060364574664043484, 0.0768199420407207, 0.07184531138639673, 0.07202258341379517, 0.1101573911230059], "dspearmanr": [0.05308940917189463, 0.07827627787528839, 0.07431154368901959, 0.08667111614161332, 0.10217068578709876], "drmse": [0.016362983733415604, 0.022066626697778702, 0.015865787863731384, 0.015056358650326729, 0.03613559901714325], "cpearsonr": [0.7355833374014736, 0.7311106488950482, 0.7295811213849542, 0.7180886641351361, 0.7195790843202711], "cspearmanr": [0.6919143678535359, 0.6856242101717922, 0.6858874368132419, 0.6809356643167706, 0.6740480194758874], "crmse": [0.017005177214741707, 0.022226592525839806, 0.015765827149152756, 0.015025883913040161, 0.036316581070423126]}