{"dpearsonr": [0.06326049002121052, 0.0859116217983499, 0.05536540151636855, 0.06363776158873065, 0.07070014204753174], "dspearmanr": [0.06663132204655604, 0.08867201341457957, 0.06982170365188535, 0.07152168462969238, 0.07806324615999358], "drmse": [0.014386286959052086, 0.01564871519804001, 0.01569203846156597, 0.015092696994543076, 0.014439953491091728], "cpearsonr": [0.7358857823647353, 0.7382947506841533, 0.7291594881764577, 0.7186607503336693, 0.7232673318561992], "cspearmanr": [0.6924889573790151, 0.6877785504031155, 0.686097723095353, 0.6800832605201306, 0.6743744956219109], "crmse": [0.014981424435973167, 0.01575169339776039, 0.015592217445373535, 0.015050877816975117, 0.014547734521329403]}