{"dpearsonr": [0.07067624684261876, 0.046879779568449194, 0.07011823328471702, 0.06207163681057034, 0.06523891433798325], "dspearmanr": [0.0712940442668666, 0.07021248221023568, 0.07734520263399809, 0.07058002067745625, 0.06924996872269965], "drmse": [0.016773205250501633, 0.017520178109407425, 0.016961416229605675, 0.017150942236185074, 0.016411500051617622], "cpearsonr": [0.7457397513524113, 0.7452087697416258, 0.744286453108494, 0.7458143976718237, 0.7447770123263373], "cspearmanr": [0.701611751862384, 0.7023391292953195, 0.6990935910720779, 0.7009587321299179, 0.6995129813567628], "crmse": [0.016632772982120514, 0.017359362915158272, 0.016818812116980553, 0.01703007146716118, 0.01627986878156662]}