{"dpearsonr": [0.06699536612565965, 0.06290229879853648, 0.06435884623575214], "dspearmanr": [0.0731708511504945, 0.06583586208977964, 0.06543502835529492], "drmse": [0.01630125194787979, 0.01652357168495655, 0.016469739377498627], "cpearsonr": [0.7462864403464488, 0.7465416502933019, 0.745367390056535], "cspearmanr": [0.7018978832541629, 0.7028389553079067, 0.7005416302694805], "crmse": [0.01619119383394718, 0.01643451489508152, 0.01635718159377575]}