{"dpearsonr": [NaN, NaN, NaN, NaN, NaN], "drmse": [0.08449962735176086, 0.08169978857040405, 0.08393459767103195, 0.0850687175989151, 0.08403516560792923], "cpearsonr": [0.7394087696171241, 0.7396349792851581, 0.7400935363105977, 0.7402682930907156, 0.7394810227121661], "crmse": [0.08515603840351105, 0.08232969045639038, 0.08456172794103622, 0.08570348471403122, 0.08469777554273605]}