{"dpearsonr": [0.07083343641185469, 0.0770625355022607, 0.07501602924550446, 0.05988002152896075, 0.08735155311835109], "dspearmanr": [0.07651949376941507, 0.07831318178583076, 0.08222635527261717, 0.06857941636472152, 0.09594159390866731], "drmse": [0.015373577363789082, 0.01620141789317131, 0.015932776033878326, 0.015134080313146114, 0.014865959994494915], "cpearsonr": [0.7354405445210468, 0.7370276743075304, 0.7276979059150385, 0.7177175253277557, 0.7237685048127765], "cspearmanr": [0.6907042471471523, 0.6875026994948951, 0.6861726572084842, 0.6812595618859729, 0.6751779943173287], "crmse": [0.016051121056079865, 0.016287073493003845, 0.015822993591427803, 0.015136887319386005, 0.0149696571752429]}