{"dpearsonr": [0.0670966204459214, 0.08729697101891831, 0.06810583011994471, 0.11751306610452703, 0.08192452561323708], "dspearmanr": [0.07343452904324052, 0.08645454314951075, 0.06988710935994237, 0.11008981018428937, 0.08210896836090394], "drmse": [0.015141415409743786, 0.015831278637051582, 0.018356243148446083, 0.01554037444293499, 0.017392925918102264], "cpearsonr": [0.7350232331462238, 0.7375640462260831, 0.7243880331562174, 0.7181867382772564, 0.7202674666631763], "cspearmanr": [0.6905952565590188, 0.6870439252132375, 0.6843059168811478, 0.6807135593783596, 0.672416715627603], "crmse": [0.015763023868203163, 0.01591712236404419, 0.01826511323451996, 0.015547075308859348, 0.01749168336391449]}