{"dpearsonr": [0.05857108123961967, 0.08176122107308019, 0.08114789675703721, 0.10134464421077004, 0.09475711494681859], "dspearmanr": [0.06021229697116591, 0.09166178309884096, 0.07194049620867699, 0.09574795740061685, 0.08879638824630655], "drmse": [0.014786284416913986, 0.016002915799617767, 0.015716390684247017, 0.01505537610501051, 0.01474575325846672], "cpearsonr": [0.7302835852983082, 0.7360534711308544, 0.7250590644854354, 0.7153233750977683, 0.7171594585992584], "cspearmanr": [0.6877172361746711, 0.6861734211814067, 0.6836828586049756, 0.6777021261531366, 0.6708172764368241], "crmse": [0.015375933609902859, 0.016078069806098938, 0.01563074253499508, 0.015028105117380619, 0.014856086112558842]}