{"dpearsonr": [0.06182203877273949, 0.06322708648541946, 0.050467075326724314, 0.05313526087704972, 0.05554061904719944], "dspearmanr": [0.06145073040186327, 0.07579504653204275, 0.06239390279639055, 0.05717488096800121, 0.04369365468575759], "drmse": [0.01766306906938553, 0.018760329112410545, 0.016487514600157738, 0.017316017299890518, 0.01837678626179695], "cpearsonr": [0.7418137647296196, 0.7450082120827016, 0.7455839400248491, 0.7469350305873211, 0.7451313842886886], "cspearmanr": [0.6995433919103856, 0.7013739583971152, 0.7010877546081062, 0.7025307893455478, 0.702592557941819], "crmse": [0.0174676775932312, 0.018718868494033813, 0.016364827752113342, 0.017310770228505135, 0.018277646973729134]}