{"dpearsonr": [0.06589646723879615, 0.12355177339273418, 0.10395424622867212], "dspearmanr": [0.06711152998467378, 0.11487526920064274, 0.10991198624644717], "drmse": [0.014411382377147675, 0.015476024709641933, 0.015166238881647587], "cpearsonr": [0.7359504442402635, 0.7381659699531723, 0.7296836473887217], "cspearmanr": [0.6930052700043425, 0.6880939002532172, 0.6856487073536798], "crmse": [0.014946653507649899, 0.015542962588369846, 0.015058910474181175]}