{"dpearsonr": [0.07671195098824717, 0.0700513732091779, 0.08162950291650549, 0.09536567261483601, 0.07834274187981964], "dspearmanr": [0.07852018935701446, 0.07213428594096422, 0.09226891680575595, 0.08946563325166729, 0.07709045775986621], "drmse": [0.01443388033658266, 0.01612795889377594, 0.015357517637312412, 0.015065085142850876, 0.01458014640957117], "cpearsonr": [0.7339840462933696, 0.7366731168047677, 0.7299470028497217, 0.7148662238329, 0.7235430379915128], "cspearmanr": [0.6912452703129202, 0.6871332818521149, 0.6863611857632539, 0.6755248327580932, 0.674920956774636], "crmse": [0.01506174635142088, 0.01622890681028366, 0.015290796756744385, 0.015048581175506115, 0.014691751450300217]}