{"dpearsonr": [NaN, NaN, NaN, NaN, NaN], "drmse": [0.08489981293678284, 0.0824655219912529, 0.08535004407167435, 0.0844101756811142, 0.08528225868940353], "cpearsonr": [0.7393417290161138, 0.7395414802002641, 0.740105206311627, 0.7400840161755375, 0.7395711306567826], "crmse": [0.0855574831366539, 0.08310278505086899, 0.08598586916923523, 0.08504705876111984, 0.0859454795718193]}