{"dpearsonr": [0.048014576104407534, 0.04944548158720935, 0.056624428359555674, 0.04882073054746895, 0.04873529844005165], "dspearmanr": [0.04655066572554166, 0.04731941772514082, 0.061166426402931386, 0.055242741762499756, 0.06183549749371997], "drmse": [0.020108427852392197, 0.028106285259127617, 0.017516056075692177, 0.017069779336452484, 0.03418984264135361], "cpearsonr": [0.7444672020019942, 0.7400278676743665, 0.744342261203751, 0.7459756138892788, 0.7368848530612314], "cspearmanr": [0.7014063792891011, 0.7012799836770981, 0.6988085634729664, 0.7008540493720228, 0.6943690213360719], "crmse": [0.019889365881681442, 0.02819034270942211, 0.01732480712234974, 0.016907311975955963, 0.034615326672792435]}