{"dpearsonr": [0.07084205637688694, 0.09349032643148364, 0.07188392134761187, 0.06750388573736768, 0.0838001659436101], "dspearmanr": [0.07168290525537559, 0.09096100983829247, 0.0716138748743656, 0.07317363776825354, 0.0820136376071628], "drmse": [0.01426302082836628, 0.015840867534279823, 0.015724660828709602, 0.015098728239536285, 0.014752193354070187], "cpearsonr": [0.7341196057476146, 0.7376566321968274, 0.7286354987265152, 0.717562912077796, 0.7231348411783853], "cspearmanr": [0.6898199383426248, 0.6864051540660403, 0.6844336537415633, 0.6791681703606114, 0.6754422253143071], "crmse": [0.01486708503216505, 0.015900008380413055, 0.015624281018972397, 0.015079333446919918, 0.01485428772866726]}