{"dpearsonr": [0.06874008367477387, 0.12302791574102194, 0.07639548805644747, 0.07008128480410918, 0.08361668051928703], "dspearmanr": [0.07037060331515362, 0.1112630912910781, 0.07983602142073755, 0.07534326502440616, 0.08411469409384495], "drmse": [0.014521965757012367, 0.015551451593637466, 0.01608944498002529, 0.015985842794179916, 0.01446976326406002], "cpearsonr": [0.7320561449269118, 0.7373425116047985, 0.7273501454052341, 0.7165950991656371, 0.7213053908905399], "cspearmanr": [0.6886838632974573, 0.6873067173563486, 0.685805201358584, 0.677728262010709, 0.6739647442533075], "crmse": [0.015106755308806896, 0.01564137637615204, 0.015976516529917717, 0.015904461964964867, 0.014600924216210842]}