{"dpearsonr": [0.049203353583495646, 0.052332012348444784, 0.053524924437641355, 0.049253021402941875, 0.06528850463231273], "dspearmanr": [0.055319006750252246, 0.05113210167321772, 0.0580753277783699, 0.06197127340811776, 0.06711263644766702], "drmse": [0.01744111441075802, 0.016907142475247383, 0.018421441316604614, 0.018861163407564163, 0.016767514869570732], "cpearsonr": [0.74607633035006, 0.7464970214251285, 0.7443521681209441, 0.7441390269001055, 0.7466102397603998], "cspearmanr": [0.6991448312380725, 0.7018952627117033, 0.7016608963197225, 0.7000661144699136, 0.7020015126961703], "crmse": [0.017408620566129684, 0.01674826070666313, 0.018557565286755562, 0.018862992525100708, 0.01661936566233635]}