{"dpearsonr": [0.07737228783235876, 0.08055916271432983, 0.07992039465547672, 0.07546986470612052, 0.09308201490313267], "dspearmanr": [0.07492095179549003, 0.07911675366758951, 0.08220404825156205, 0.08264856394937581, 0.09626419304063151], "drmse": [0.016548797488212585, 0.01634186878800392, 0.016156312078237534, 0.016158228740096092, 0.016060421243309975], "cpearsonr": [0.7458100130089439, 0.7454978205421782, 0.7451937888507566, 0.7458292490569225, 0.7459968236799829], "cspearmanr": [0.700773879619625, 0.7013176361703227, 0.6995984889786727, 0.7009637933155409, 0.7008318082036193], "crmse": [0.016452357172966003, 0.016215747222304344, 0.016037922352552414, 0.01602288708090782, 0.01594933308660984]}