{"dpearsonr": [0.05638407692920771, 0.06717826756191253, 0.07240296062305863, 0.07482357028628259, 0.07786540717538774], "dspearmanr": [0.057336485805626204, 0.06894396417378673, 0.06786119861983361, 0.07798344569221648, 0.07963996566416351], "drmse": [0.015643829479813576, 0.01699872501194477, 0.016145914793014526, 0.014956134371459484, 0.014723197557032108], "cpearsonr": [0.7356101661571715, 0.7349260218882588, 0.7308186510223488, 0.7168771673997348, 0.722736405710837], "cspearmanr": [0.6921321088546085, 0.6852901398481185, 0.6870026201034721, 0.6790730837901727, 0.6743175364614181], "crmse": [0.016216037794947624, 0.017075760290026665, 0.016050906851887703, 0.014931215904653072, 0.014827791601419449]}