{"dpearsonr": [NaN, 0.011811158608725466, 0.012242614870659642, -0.0013532903817674586, 0.002619094575381343], "drmse": [0.08443726599216461, 0.0851980447769165, 0.08136045187711716, 0.08454800397157669, 0.08451023697853088], "cpearsonr": [0.7392891117704329, 0.7394698998673446, 0.7399386505401615, 0.7402370760220052, 0.7395594501013537], "crmse": [0.08509805053472519, 0.08584781736135483, 0.08197236806154251, 0.08518444001674652, 0.08517605811357498]}