{"dpearsonr": [NaN, 0.007392552032024028, NaN, -0.024173742038467925, 0.0016128247136955969], "drmse": [0.08594650030136108, 0.09534788876771927, 0.09418901801109314, 0.09692109376192093, 0.08889860659837723], "cpearsonr": [0.7294471967899829, 0.712679973981532, 0.7276715834908297, 0.7264516723359141, 0.7438710989469527], "crmse": [0.08613688498735428, 0.09512209892272949, 0.09448164701461792, 0.09743683785200119, 0.08862441033124924]}