{"dpearsonr": [0.0676201731079091, 0.06756332140938584, 0.05891840995881541, 0.08519320918559706, 0.09556126235497285], "dspearmanr": [0.07502085369077197, 0.06997647844979034, 0.07090440550779242, 0.09008199979365206, 0.09986002590438653], "drmse": [0.015210578218102455, 0.01590767689049244, 0.01728130877017975, 0.017156220972537994, 0.01439017616212368], "cpearsonr": [0.7355906206042765, 0.7373593829280124, 0.7277846554548241, 0.718337133867737, 0.7242828316622839], "cspearmanr": [0.6913610034159107, 0.6868892869046924, 0.6877242677010832, 0.6808347617741032, 0.6755911299438346], "crmse": [0.015762925148010254, 0.01599969156086445, 0.017107080668210983, 0.01716594584286213, 0.014499434269964695]}