{"dpearsonr": [0.06367218337604047, 0.07094362526243232, 0.05625521222599603, 0.0878284580390526, 0.08792436424026609], "dspearmanr": [0.07655959738036058, 0.0762184989835063, 0.061903717327112674, 0.0870755459579136, 0.09390573525023638], "drmse": [0.015168942511081696, 0.016198942437767982, 0.01542305201292038, 0.014895905740559101, 0.014481356367468834], "cpearsonr": [0.7311723661458004, 0.7363467428823653, 0.7287011909501057, 0.7177400320432354, 0.7236844079750078], "cspearmanr": [0.6905087610703217, 0.6865919016298531, 0.6864756093677666, 0.680678898144944, 0.6754823861965678], "crmse": [0.01580623723566532, 0.016304677352309227, 0.015327759087085724, 0.014887291006743908, 0.014585091732442379]}