{"dpearsonr": [NaN, NaN, -0.005453854951951064, NaN, NaN], "drmse": [0.08372749388217926, 0.08135201036930084, 0.08185091614723206, 0.08328874409198761, 0.08336462080478668], "cpearsonr": [0.7394142855636145, 0.739569116782724, 0.7400324390372305, 0.7403206914988871, 0.7394092403153475], "crmse": [0.08438181132078171, 0.0819794237613678, 0.08246739953756332, 0.08392055332660675, 0.0840233564376831]}