{"dpearsonr": [0.07365280832015758, 0.07817138230220906, 0.05839426519184511, 0.0665038456076686, 0.06812558311929082], "dspearmanr": [0.07136682205484784, 0.07350647082620272, 0.06614820689409856, 0.07383810353750386, 0.0856049883117104], "drmse": [0.014844798482954502, 0.015790535137057304, 0.016318220645189285, 0.017605524510145187, 0.01505497470498085], "cpearsonr": [0.7352489967220213, 0.7371506061633547, 0.7285860945163676, 0.7150723041768651, 0.7226664015883246], "cspearmanr": [0.6915565467800974, 0.6880186074098006, 0.6841036229186129, 0.6790321634455196, 0.6744662026219326], "crmse": [0.015385887585580349, 0.015893248841166496, 0.016229506582021713, 0.017602011561393738, 0.015162324532866478]}