{"dpearsonr": [0.07076903519846559, 0.08479305865957304, 0.05540045165820045, 0.06245255380937044, 0.07352908430847624], "dspearmanr": [0.07054881373032303, 0.08197365046400852, 0.06347384108300043, 0.061380587718201346, 0.08766933902809611], "drmse": [0.01588786207139492, 0.018445950001478195, 0.016135510057210922, 0.017969394102692604, 0.015673844143748283], "cpearsonr": [0.7355935954195395, 0.7315979309757331, 0.7286260580332947, 0.7024142082733215, 0.7235872715260492], "cspearmanr": [0.6920103460799751, 0.6851120836619415, 0.6850787237609595, 0.6733623148198988, 0.6752444761439237], "crmse": [0.016574403271079063, 0.01854478195309639, 0.01603154093027115, 0.017958998680114746, 0.015785321593284607]}