{"dpearsonr": [0.051855886210191444, 0.07253184086868919, 0.042331927841497696, 0.06243636859873485, 0.07145671853360658], "dspearmanr": [0.04987829867625887, 0.07017581716186902, 0.05082114459598639, 0.053514060832294805, 0.07347798416493247], "drmse": [0.0183193851262331, 0.017462661489844322, 0.02589523419737816, 0.01890689507126808, 0.016764745116233826], "cpearsonr": [0.7452847445416149, 0.7454786539824352, 0.7440518525666989, 0.7425304896969003, 0.7465108262157639], "cspearmanr": [0.7011739737513256, 0.7022652787610961, 0.697921803533104, 0.7009029156335883, 0.7032082680582011], "crmse": [0.01837373897433281, 0.017290782183408737, 0.026196317747235298, 0.018806196749210358, 0.016619635745882988]}