{"dpearsonr": [0.06859843142878674, 0.06837784763544395, 0.07978349668347791, 0.0580494582464314, 0.07623273692429874], "dspearmanr": [0.06268671700280862, 0.08287048465972938, 0.08348258026533577, 0.05831479797653156, 0.07233753557088615], "drmse": [0.014417321421205997, 0.015905678272247314, 0.016118580475449562, 0.015516072511672974, 0.014959005638957024], "cpearsonr": [0.7326145927976083, 0.738524885557216, 0.7256532285352394, 0.7156439454844878, 0.7222978505000325], "cspearmanr": [0.689841061624172, 0.6874637604537598, 0.683428916423151, 0.6790141357535023, 0.6737938281291235], "crmse": [0.01490681990981102, 0.016004201024770737, 0.016044549643993378, 0.015500945039093494, 0.015077569521963596]}