{"dpearsonr": [0.07369971384022221, 0.0598134073736389, 0.05189872105812487, 0.06975658746457869, 0.0675664277459063], "dspearmanr": [0.07792600183060673, 0.07813013845220587, 0.05943442172097559, 0.06805552280213703, 0.0787595261176468], "drmse": [0.018359901383519173, 0.018819663673639297, 0.018256964161992073, 0.01863045059144497, 0.018024735152721405], "cpearsonr": [0.7437109886627442, 0.7454958273862253, 0.741687347576297, 0.744340358980323, 0.745776364386149], "cspearmanr": [0.6990159615447517, 0.7011138678642297, 0.6969406378160692, 0.6998517890901187, 0.7013080746441589], "crmse": [0.018165718764066696, 0.018604516983032227, 0.01817830093204975, 0.01844051666557789, 0.01786242052912712]}