{"dpearsonr": [-0.013162919267797056, -0.0033640240118267594, -0.006908830544100424, -0.003153494979334504, -0.009944806356759985], "drmse": [0.0828213095664978, 0.08176550269126892, 0.08529740571975708, 0.08330783247947693, 0.08248578011989594], "cpearsonr": [0.7393706148504919, 0.7396956845372791, 0.7400616273569142, 0.7402845205451278, 0.7394803252935553], "crmse": [0.08347054570913315, 0.08238944411277771, 0.08593236654996872, 0.08393839746713638, 0.08313372731208801]}