{"dpearsonr": [NaN, NaN, NaN, NaN, NaN], "drmse": [0.08404166996479034, 0.0933595672249794, 0.09551085531711578, 0.09625009447336197, 0.08648204058408737], "cpearsonr": [0.7295141688792924, 0.7127011169480139, 0.7276643574404522, 0.7268287837797701, 0.743903623275968], "crmse": [0.0842343345284462, 0.09313618391752243, 0.09580554068088531, 0.09676694869995117, 0.08621269464492798]}