{"dpearsonr": [0.08531295103776744, 0.07235204704724094, 0.06753730183830173, 0.06371278418201334, 0.09033806005739937], "dspearmanr": [0.06942989677312313, 0.07873393790900028, 0.06564970050282884, 0.07013080062411298, 0.09439668810964476], "drmse": [0.014025302603840828, 0.015813978388905525, 0.01614448055624962, 0.015166162513196468, 0.014420144259929657], "cpearsonr": [0.7377231736842382, 0.7379951916863703, 0.7261692039783734, 0.7194328258110246, 0.7241873202943987], "cspearmanr": [0.6924886764235875, 0.6873013303366168, 0.6832453713906522, 0.6802603642725716, 0.6755385550317512], "crmse": [0.01458547729998827, 0.01592997834086418, 0.016039378941059113, 0.0151281813159585, 0.014512408524751663]}