{"dpearsonr": [0.11191456084814366, 0.08386082325572497, 0.0904931534417098, 0.10766894262160086, 0.08657905571393786], "dspearmanr": [0.08980817448302664, 0.08606116838061903, 0.08865099703883429, 0.10303446942800534, 0.08743166831821297], "drmse": [0.014280088245868683, 0.015667831525206566, 0.015140445902943611, 0.014663498848676682, 0.01444297842681408], "cpearsonr": [0.7357408800997071, 0.7369927296866775, 0.7289923362718169, 0.718366566314711, 0.7242160522202302], "cspearmanr": [0.6930163099037747, 0.6877100421152016, 0.6860001845198931, 0.6810294845726608, 0.6757855744488546], "crmse": [0.014804868027567863, 0.01577136293053627, 0.015026425942778587, 0.014662915840744972, 0.014549792744219303]}