{"dpearsonr": [NaN, NaN, -0.010723360805386509, 0.007694529685117603, NaN], "drmse": [0.08497504889965057, 0.09331768751144409, 0.09426415711641312, 0.09616895020008087, 0.08748689293861389], "cpearsonr": [0.7295334783279683, 0.7128080686324247, 0.7273614693221285, 0.7265621101395854, 0.7438611130390842], "crmse": [0.08516106754541397, 0.09309430420398712, 0.0945567786693573, 0.09668400883674622, 0.08721324801445007]}