{"dpearsonr": [0.06376844860622746, 0.07313900135889374, 0.0675677888370204, 0.0724028166098002, 0.08957929517145555], "dspearmanr": [0.059906879728439395, 0.08034988767304559, 0.07119705980591616, 0.06267784753103185, 0.07650038753942627], "drmse": [0.13868597149848938, 0.10560981184244156, 0.12169137597084045, 0.1250849813222885, 0.13367289304733276], "cpearsonr": [NaN, NaN, NaN, NaN, NaN], "cspearmanr": [NaN, NaN, NaN, NaN, NaN], "crmse": [0.13902153074741364, 0.10627216100692749, 0.12183834612369537, 0.12525272369384766, 0.1336490511894226]}