{"dpearsonr": [NaN, NaN, NaN, NaN, NaN], "drmse": [0.08313094824552536, 0.08217555284500122, 0.08246230334043503, 0.08633684366941452, 0.0832163617014885], "cpearsonr": [0.7393785483970774, 0.7396370424511011, 0.7398317662562653, 0.7402476620866736, 0.7395268615537477], "crmse": [0.08377547562122345, 0.08281166106462479, 0.083078533411026, 0.08697691559791565, 0.08387374132871628]}