{"dpearsonr": [0.052497727327084645, 0.04748696805927358, 0.060146475372839465, 0.04980514906093193, 0.062384191636741526], "dspearmanr": [0.06096188215346704, 0.053066158562869496, 0.0745135486145912, 0.057936661649791464, 0.08183619573969836], "drmse": [0.017479971051216125, 0.017017070204019547, 0.01723259687423706, 0.017368772998452187, 0.016541199758648872], "cpearsonr": [0.7452709875424319, 0.7436843637260087, 0.74306679055409, 0.7436920972386871, 0.7452336409789196], "cspearmanr": [0.700452644746495, 0.7008306473178154, 0.6984076249342168, 0.6989080910191884, 0.7010679181624808], "crmse": [0.017313586547970772, 0.01687505468726158, 0.01710106059908867, 0.017243223264813423, 0.01641913875937462]}