{"dpearsonr": [0.0796233472597831, 0.07484495349005965, 0.06524099414902448, 0.07528048436498466, 0.07814407424078541], "dspearmanr": [0.07596990245521047, 0.08701496622696524, 0.0703688729071663, 0.07782088302546177, 0.08347871830451065], "drmse": [0.01608099974691868, 0.01693437434732914, 0.015794459730386734, 0.017533278092741966, 0.014925054274499416], "cpearsonr": [0.7294402710367796, 0.7352213872650388, 0.7280999942504822, 0.7135934871627304, 0.7216359047828163], "cspearmanr": [0.6897192361827147, 0.6865803777002609, 0.6857335356179233, 0.6779502758229735, 0.6719270936206378], "crmse": [0.01669096201658249, 0.017007559537887573, 0.01572383940219879, 0.017461100593209267, 0.015031524933874607]}