{"dpearsonr": [NaN, NaN, NaN, NaN, NaN], "drmse": [0.08443282544612885, 0.09048454463481903, 0.09733761101961136, 0.09583521634340286, 0.08807650953531265], "cpearsonr": [0.7292828622819895, 0.7126936842060291, 0.7276821020255267, 0.7260788883818069, 0.7438196240029695], "crmse": [0.0846189484000206, 0.09027054905891418, 0.09763582050800323, 0.09634466469287872, 0.08780128508806229]}