{"dpearsonr": [NaN, NaN, NaN, NaN, NaN], "drmse": [0.08445905148983002, 0.08988841623067856, 0.09404875338077545, 0.09948567301034927, 0.08866514265537262], "cpearsonr": [0.7294034467933941, 0.7122013611935668, 0.7270660118042367, 0.7257655620568395, 0.7437743912487056], "crmse": [0.08465190976858139, 0.08967863768339157, 0.09433877468109131, 0.10000678896903992, 0.08839091658592224]}