{"dpearsonr": [NaN, NaN, NaN, NaN, NaN], "drmse": [0.08294584602117538, 0.08012057095766068, 0.08120568841695786, 0.08686934411525726, 0.08428748697042465], "cpearsonr": [0.7392531083316904, 0.7392734232284779, 0.7399150269718724, 0.7400401330257457, 0.7395602701440726], "crmse": [0.08359361439943314, 0.08074650913476944, 0.08181723952293396, 0.08751486241817474, 0.08495284616947174]}