{"dpearsonr": [NaN, NaN, NaN, NaN, NaN], "drmse": [0.08852719515562057, 0.08528240025043488, 0.09121222048997879, 0.09518573433160782, 0.09662432223558426], "cpearsonr": [0.7432433480127164, 0.7294067580108996, 0.7163907979779569, 0.7214350092191627, 0.7309675413180751], "crmse": [0.08882592618465424, 0.08542102575302124, 0.0908406600356102, 0.09531313180923462, 0.09693373739719391]}