{"dpearsonr": [NaN, NaN, NaN, NaN, NaN], "drmse": [0.08395077288150787, 0.092764712870121, 0.096576027572155, 0.09633412957191467, 0.08734395354986191], "cpearsonr": [0.7296101497293792, 0.71297821980047, 0.7280708897881221, 0.7266820406445057, 0.7435370955448722], "crmse": [0.08415006101131439, 0.09254395216703415, 0.09687323868274689, 0.09684357792139053, 0.08707763999700546]}