{"dpearsonr": [NaN, NaN, NaN, NaN, NaN], "drmse": [0.08242454379796982, 0.08276568353176117, 0.0834810733795166, 0.08398710936307907, 0.08300504833459854], "cpearsonr": [0.7394863383124414, 0.7397176530796146, 0.7402616959116157, 0.7403924757889297, 0.7397156907674823], "crmse": [0.08307358622550964, 0.08340123295783997, 0.08410471677780151, 0.08461613953113556, 0.08366011083126068]}