{"dpearsonr": [0.19618469562425145, 0.2537439840958633, 0.32872895208928243, 0.26983822450623257, 0.24505243145184324], "dspearmanr": [0.15924803277069147, 0.22850798626456703, 0.3018920313456083, 0.24477626710899067, 0.20253819391231226], "drmse": [0.016189610585570335, 0.016039233654737473, 0.013284990563988686, 0.015764109790325165, 0.01460238266736269], "cpearsonr": [0.7635482107057507, 0.7695642305175684, 0.7708552886971487, 0.745747923440923, 0.7552589208681489], "cspearmanr": [0.7192466365427658, 0.7306764773197767, 0.7284494856750676, 0.7136247469466293, 0.7118544475449816], "crmse": [0.016484059393405914, 0.01600315235555172, 0.01328297145664692, 0.01580476015806198, 0.014703956432640553]}