{"dpearsonr": [0.08223625329063886, 0.08310374800356445, 0.08602651700498656, 0.08421410080602953, 0.09610766877410115], "dspearmanr": [0.08094605105859852, 0.11001500006025056, 0.09862013461368248, 0.10114661636335187, 0.10172652573924287], "drmse": [15.579018592834473, 8.464944839477539, 12.761466026306152, 15.833223342895508, 7.243674278259277], "cpearsonr": [0.7243867698810111, 0.7367833961656056, 0.7672380226722119, 0.7144526219556975, 0.7472288174005005], "cspearmanr": [0.761760992832244, 0.7646121282339283, 0.788151648838049, 0.7467476598659565, 0.7772342521360317], "crmse": [15.59056282043457, 8.828964233398438, 14.44640827178955, 15.584330558776855, 7.275561332702637]}