{"dpearsonr": [0.08944357443416558, 0.09488540662155209, 0.07632594827989572, 0.09610955808492795, 0.09793949881676958], "dspearmanr": [0.09163154754544982, 0.1387607820733461, 0.10613859380802802, 0.10289519999056138, 0.12060499690746625], "drmse": [12.586450576782227, 9.449270248413086, 11.571952819824219, 16.701536178588867, 8.988961219787598], "cpearsonr": [0.7233346101420316, 0.736640010628407, 0.7685767797962594, 0.7146620452632699, 0.7482603206848346], "cspearmanr": [0.7532364013347977, 0.7624371718292415, 0.7887670705923623, 0.744683038826998, 0.7757473697173786], "crmse": [12.643547058105469, 9.787903785705566, 13.172507286071777, 16.57143783569336, 9.043941497802734]}