{"dpearsonr": [0.08610546633396476, 0.08291526659905633, 0.08572949642896228, 0.10023110424425655, 0.09133479374059873], "dspearmanr": [0.09772519713188155, 0.1299315397095992, 0.09699075926021337, 0.09740655160887601, 0.09646190474128173], "drmse": [13.548871040344238, 7.511343955993652, 11.798187255859375, 16.291608810424805, 7.254984378814697], "cpearsonr": [0.7228967036088327, 0.7363407955600398, 0.7659043130798959, 0.7144768525150219, 0.7492287572284491], "cspearmanr": [0.7568068814670383, 0.7632768263296736, 0.7848529467710588, 0.7461022899226395, 0.7782432668326511], "crmse": [13.586841583251953, 7.876925945281982, 13.950216293334961, 16.19754981994629, 7.6090288162231445]}