{"dpearsonr": [0.10739861349463906, 0.05217071893719436, 0.07148981858094086, 0.06558916080894922, 0.09960186568675412], "dspearmanr": [0.11386460673207524, 0.060884995974864936, 0.07071565672791068, 0.058535735880940916, 0.09216507620789334], "drmse": [0.018896985799074173, 0.016805650666356087, 0.017762823030352592, 0.04581041634082794, 0.01949949376285076], "cpearsonr": [0.7294925296468292, 0.70774416983498, 0.7182599436854046, 0.7100090380460324, 0.7217828505782098], "cspearmanr": [0.6896573671366999, 0.6702948678075726, 0.6822708983854833, 0.6698800068936417, 0.7033425569528811], "crmse": [0.019165996462106705, 0.01688184030354023, 0.01791810803115368, 0.04602167755365372, 0.019786234945058823]}