{"dpearsonr": [0.07304712508040277, 0.07563440272670675, 0.06179042693569854, 0.10323310368742133, 0.0671019875138829], "dspearmanr": [0.06774877091645545, 0.08562398100437857, 0.06632327116434969, 0.09819784590199292, 0.08105939247519699], "drmse": [0.02260424755513668, 0.025859545916318893, 0.030903365463018417, 0.026754114776849747, 0.024429067969322205], "cpearsonr": [0.7327631663870494, 0.732894853576667, 0.7213304833902799, 0.712049001610498, 0.7141545224376827], "cspearmanr": [0.6903555815662897, 0.6862196119032243, 0.6841914625721328, 0.6775118801543191, 0.671311718203453], "crmse": [0.02312426269054413, 0.0256515983492136, 0.030568614602088928, 0.027195576578378677, 0.02441471442580223]}