{"dpearsonr": [0.08726115629664366, 0.06725536900425527, 0.0697792033921427, 0.06221403108999092, 0.10951936223870663], "dspearmanr": [0.09566812646491811, 0.07169502243072075, 0.07193902329095084, 0.06343768333349617, 0.10265612666268514], "drmse": [0.01979677565395832, 0.016440635547041893, 0.018245868384838104, 0.020005404949188232, 0.020581966266036034], "cpearsonr": [0.7282256293156971, 0.7079866073436799, 0.7153417892820071, 0.7128291933108357, 0.716973200240219], "cspearmanr": [0.6902794006387666, 0.6706568110119244, 0.6825322867584043, 0.6738798893900586, 0.704303902327244], "crmse": [0.020083677023649216, 0.01656835712492466, 0.01838613674044609, 0.020090376958251, 0.020822331309318542]}