{"dpearsonr": [0.09315506663289896, 0.052942342310937765, 0.06871236779891039, 0.06729814233323521, 0.1018508975964777], "dspearmanr": [0.09698403813295907, 0.06604216144474695, 0.06892003301281752, 0.06358469240185237, 0.09329662582006608], "drmse": [0.019218802452087402, 0.017590899020433426, 0.019264495000243187, 0.04424784705042839, 0.019194329157471657], "cpearsonr": [0.7279474788943304, 0.7036353704712652, 0.7147376284568965, 0.7119363901993788, 0.719451175300139], "cspearmanr": [0.6898957749467894, 0.6705730805146485, 0.6824048106878697, 0.6714432363689125, 0.7020358117448278], "crmse": [0.019522204995155334, 0.017640871927142143, 0.019444331526756287, 0.044518064707517624, 0.019442537799477577]}