{"dpearsonr": [0.030404411075315996, 0.0010800691996299442, 0.03165412825167967, 0.00589344999033821, -0.009049355681933132], "drmse": [0.10455407202243805, 0.11716562509536743, 0.13465045392513275, 0.10089873522520065, 0.1049320176243782], "cpearsonr": [0.730308218833167, 0.7123599374546249, 0.7272596527347188, 0.7272954170098181, 0.7380683817967606], "crmse": [0.1046861931681633, 0.11690831929445267, 0.1349984109401703, 0.10151094198226929, 0.10443514585494995]}