{"dpearsonr": [0.09536678480074039, 0.05684978427827692, 0.06890244030309772, 0.06745543396706608, 0.09875423140751738], "drmse": [0.019159596413373947, 0.01698899269104004, 0.019441034644842148, 0.04539836198091507, 0.018953265622258186], "cpearsonr": [0.7294370257577828, 0.7053825871323164, 0.7127364514381088, 0.7076350785669556, 0.7234683545465094], "crmse": [0.01944284327328205, 0.01706213876605034, 0.01962292566895485, 0.045754656195640564, 0.019208796322345734]}