{"dpearsonr": [0.08209114179055255, 0.041374616860445405, 0.015808964477535204, 0.033596871510389745, 0.08304666904966122], "drmse": [0.018927844241261482, 0.01650751382112503, 0.0177164264023304, 0.024785179644823074, 0.01988936960697174], "cpearsonr": [0.7282093711329938, 0.7073714821762186, 0.7173433145995675, 0.7067096669677243, 0.7208662465880725], "crmse": [0.019196946173906326, 0.016590189188718796, 0.017890511080622673, 0.02489614114165306, 0.020155956968665123]}