{"dpearsonr": [0.09267497193290275, 0.07463124521450158, 0.07331876768004804, 0.06541160957830498, 0.10770129780465522], "dspearmanr": [0.09083508812590704, 0.06864961769471475, 0.0749297561046653, 0.06374375169341553, 0.10080801569172095], "drmse": [0.01907346397638321, 0.016963530331850052, 0.016798127442598343, 0.04490469768643379, 0.02021987922489643], "cpearsonr": [0.728663453436238, 0.7046696600101837, 0.7188514320038754, 0.7087842431017297, 0.7214239604027413], "cspearmanr": [0.6896977157359279, 0.6700871082513883, 0.682175901568601, 0.6715648506932558, 0.7040763898104105], "crmse": [0.019369198009371758, 0.01706891506910324, 0.016887113451957703, 0.04518420994281769, 0.020475171506404877]}