{"dpearsonr": [0.061702025596003865, 0.017045090749012434, -0.004020387071535695, 0.06990162248691503, 0.09014741559263742], "drmse": [0.01930399052798748, 0.017009569332003593, 0.016778090968728065, 0.02059117704629898, 0.01909271441400051], "cpearsonr": [0.7279842435302697, 0.7059099645712535, 0.7214955272343324, 0.7159892802518373, 0.7237808907399748], "crmse": [0.019583094865083694, 0.0170738622546196, 0.016895288601517677, 0.020746268332004547, 0.019366128370165825]}