{"dpearsonr": [0.06949312970519184, 0.003108177956931341, 0.031566622207667684, 0.05483911145043324, 0.0777223959271536], "drmse": [0.019004210829734802, 0.01689852774143219, 0.018454205244779587, 0.022240320220589638, 0.02019103430211544], "cpearsonr": [0.7290431293775151, 0.7073824561043547, 0.7154592312104232, 0.7150095428105956, 0.7213046971987681], "crmse": [0.0192788727581501, 0.01701059751212597, 0.01864844746887684, 0.022325297817587852, 0.020434636622667313]}