{"dpearsonr": [0.36012709025681944, 0.42401259695228477, 0.44716197147569564, 0.38766507713572496, 0.37009334484310297], "dspearmanr": [0.3251317212763592, 0.3881541310963458, 0.39175546563233543, 0.35158118884299755, 0.34880273966643177], "drmse": [0.01263946108520031, 0.012520997785031796, 0.01162987481802702, 0.011829283088445663, 0.011029421351850033], "cpearsonr": [0.7812376191673909, 0.7744967043493467, 0.7761756893941046, 0.7671435088786017, 0.763883645133042], "cspearmanr": [0.7472282334462734, 0.739243220585664, 0.7328065087358049, 0.7251959808816784, 0.7214554404207999], "crmse": [0.01291284617036581, 0.012635222636163235, 0.01165734976530075, 0.011836905963718891, 0.011208943091332912]}