{"dpearsonr": [0.3658312554653962, 0.42885959800591, 0.4491509426875719, 0.39625096654875774, 0.3823469182210116], "drmse": [0.012628383934497833, 0.012436890043318272, 0.011676446534693241, 0.011661697179079056, 0.011013603769242764], "cpearsonr": [0.779393166457031, 0.7745514974724834, 0.7766916228097859, 0.7694827863260705, 0.7644683226286488], "crmse": [0.012914230115711689, 0.01254997681826353, 0.011678658425807953, 0.011659141629934311, 0.011194165796041489]}