{"dpearsonr": [0.3459641347645041, 0.423573993658851, 0.44195768834186666, 0.3959337531357077, 0.37375034182549927], "dspearmanr": [0.3095561003818156, 0.3871475354546373, 0.3884230554427104, 0.3614503862050034, 0.35169509872306026], "drmse": [0.013363790698349476, 0.01240554265677929, 0.011731686070561409, 0.011642640456557274, 0.010944122448563576], "cpearsonr": [0.7759827212840104, 0.7737804633780282, 0.7744511841825482, 0.7706951353445393, 0.7666721820772007], "cspearmanr": [0.7419609843893895, 0.7398773125551663, 0.731785785134553, 0.72591682526688, 0.7244495326018554], "crmse": [0.013626141473650932, 0.012513303197920322, 0.011740426532924175, 0.011637238785624504, 0.011121002957224846]}