{"dpearsonr": [0.3674116615831343, 0.43534220982378413, 0.44568704538573994, 0.39844106222586356, 0.3671278478034775], "drmse": [0.012632173486053944, 0.012283198535442352, 0.0117636164650321, 0.01197875663638115, 0.011185415089130402], "cpearsonr": [0.7796322345838755, 0.7755553627781497, 0.7758628844142116, 0.7649706890755439, 0.7630537255293222], "crmse": [0.012870825827121735, 0.012399601750075817, 0.011765536852180958, 0.011974545195698738, 0.011343032121658325]}