{"dpearsonr": [0.35920647911482095, 0.4286895565800305, 0.4469543216200268, 0.39268486042643314, 0.378287270908023], "dspearmanr": [0.32390795468267697, 0.39132558326875033, 0.3914974488745035, 0.353950815906916, 0.3559989926636252], "drmse": [0.012939310632646084, 0.012140563689172268, 0.011818411760032177, 0.011851334013044834, 0.011073064059019089], "cpearsonr": [0.7773193071201997, 0.7777558137982399, 0.7746567439237202, 0.7676210792315528, 0.7662661325329916], "cspearmanr": [0.7448306393342868, 0.7421295286623021, 0.7326995542896242, 0.725191049511364, 0.7237992509814561], "crmse": [0.013170202262699604, 0.0122528076171875, 0.01182093471288681, 0.011845101602375507, 0.011245033703744411]}