{"dpearsonr": [0.2396351289501044, 0.45423612773364824, 0.23141713531514296, 0.33128133992907116, 0.38309228923718874], "drmse": [0.11501456797122955, 0.10115347802639008, 0.10989809781312943, 0.11718286573886871, 0.10638681054115295], "cpearsonr": [-0.011530462278035083, 0.13023329564761407, -0.01395710893223269, 0.06852719973944874, 0.0040943947237810216], "crmse": [0.11576685309410095, 0.10115399211645126, 0.1101372241973877, 0.11745569109916687, 0.10663563758134842]}