{"dpearsonr": [0.34441001022906004, 0.3092442061080939, 0.39051589082047095, 0.36266330746711806, 0.310100807625346], "dspearmanr": [0.3252423577566582, 0.29853013988430527, 0.3561973484895315, 0.3261188725064167, 0.3243477795101116], "drmse": [0.013268580660223961, 0.013759893365204334, 0.012697874568402767, 0.012443991377949715, 0.016762033104896545], "cpearsonr": [0.7588390102960925, 0.7700103113303504, 0.7878721146210151, 0.7814816418203075, 0.7537054554808045], "cspearmanr": [0.7154555471884556, 0.7354491719125924, 0.7438312617865773, 0.7345661457352762, 0.7148837486920153], "crmse": [0.013285920023918152, 0.013856854289770126, 0.0127020962536335, 0.012767650187015533, 0.01660727709531784]}