{"dpearsonr": [0.3582251017117151, 0.41850383874017855, 0.4524451236053539, 0.39236776390611866, 0.37131929300497896], "drmse": [0.013028471730649471, 0.012382004410028458, 0.011666623875498772, 0.011725588701665401, 0.011324326507747173], "cpearsonr": [0.778620172284835, 0.7738805825432484, 0.775261075375117, 0.7685229792882289, 0.7618487545934943], "crmse": [0.01329089980572462, 0.012486003339290619, 0.011683197692036629, 0.011714206077158451, 0.011469407007098198]}