{"dpearsonr": [0.3527896577002285, 0.4251110891028867, 0.45219661623007973, 0.39795620413881416, 0.36668728926846084], "dspearmanr": [0.3229155410442729, 0.3862069179267209, 0.39960104990557715, 0.35765365388735054, 0.3507031816866871], "drmse": [0.012623976916074753, 0.012335238046944141, 0.011821700260043144, 0.011645463295280933, 0.010962588712573051], "cpearsonr": [0.7786257150305397, 0.775506755697801, 0.7744256360148128, 0.7683032547592487, 0.7680207852575007], "cspearmanr": [0.742552702882421, 0.7409302451973101, 0.7341201699986468, 0.7233883578279363, 0.7237286251008972], "crmse": [0.01289263367652893, 0.012460148893296719, 0.011809048242866993, 0.011644061654806137, 0.011150447651743889]}