{"dpearsonr": [0.22615595930560695, 0.2540791604940727, 0.3076136172190458, 0.2630676379261849, 0.23553664878831412], "drmse": [0.09544375538825989, 0.09722261875867844, 0.11479149758815765, 0.11153525859117508, 0.09925807267427444], "cpearsonr": [0.7807859358847891, 0.7718844426655993, 0.7671642605080067, 0.7628984952417897, 0.7663847060643437], "crmse": [0.09596255421638489, 0.09711974859237671, 0.11439415067434311, 0.11160048097372055, 0.0995841696858406]}