{"dpearsonr": [0.3414382228352402, 0.3036246863740481, 0.3624669936727295, 0.37795247978890045, 0.34564806770742434], "dspearmanr": [0.3112735853352246, 0.29990353811928017, 0.3502276263606048, 0.341077757734609, 0.3485233565015181], "drmse": [0.01465391181409359, 0.013724971562623978, 0.014185573905706406, 0.012420167215168476, 0.014347928576171398], "cpearsonr": [0.7535578692958818, 0.770434971907676, 0.7842061626134779, 0.7855970448750565, 0.7611356164930894], "cspearmanr": [0.7063863291157032, 0.737670196505362, 0.7424179266822831, 0.7410532423601331, 0.7184151879559122], "crmse": [0.01461083348840475, 0.013818851672112942, 0.014121278189122677, 0.012769940309226513, 0.01426438894122839]}