{"dpearsonr": [0.37266757762280495, 0.4258300445095208, 0.4435016634295583, 0.4033439494433554, 0.36830244991677796], "drmse": [0.012747383676469326, 0.012122025713324547, 0.011809224262833595, 0.011512957513332367, 0.011197460815310478], "cpearsonr": [0.7778980582264698, 0.7780521649546289, 0.7738463402539423, 0.7709061274354988, 0.7637180120289568], "crmse": [0.012993779964745045, 0.01224536169320345, 0.01182094682008028, 0.01151920948177576, 0.011356725357472897]}