{"dpearsonr": [0.30653134730089393, 0.30288429950334445, 0.37288138597932513, 0.36016198599903226, 0.33543294125546974], "dspearmanr": [0.31094217532948304, 0.29376843726444735, 0.3388385895918646, 0.3273890815125689, 0.3384116986625632], "drmse": [0.014381610788404942, 0.013949808664619923, 0.014611414633691311, 0.013279949314892292, 0.014618000946938992], "cpearsonr": [0.7540971441078838, 0.7697454975669351, 0.7825056693018055, 0.7820253427994035, 0.758130690423149], "cspearmanr": [0.708926654477058, 0.7349609321294961, 0.7392574089252352, 0.7374795176285676, 0.7170319430011727], "crmse": [0.014439105987548828, 0.01410370972007513, 0.01453892420977354, 0.013696719892323017, 0.014531122520565987]}