{"dpearsonr": [0.3647372395141294, 0.4258872275845899, 0.4516115169251876, 0.38855277085313417, 0.360981460020976], "drmse": [0.012826627120375633, 0.012219750322401524, 0.011632678098976612, 0.011701907031238079, 0.011303487233817577], "cpearsonr": [0.7803202871913916, 0.7741205039988953, 0.7758219408318939, 0.7690555413696608, 0.7631906997270735], "crmse": [0.013113627210259438, 0.012325169518589973, 0.011649358086287975, 0.011695943772792816, 0.01146127562969923]}