{"dpearsonr": [0.12646163208072783, 0.11110264176889438, 0.09748312247181053, 0.09518706386377593, 0.11512284974406217], "dspearmanr": [0.10834083166816155, 0.10510213766693131, 0.13357318458525322, 0.12086275617562084, 0.13567782882590626], "drmse": [19.24884605407715, 21.162506103515625, 22.248369216918945, 25.862791061401367, 12.80214786529541], "cpearsonr": [0.7278953217503011, 0.7348865388544044, 0.7660174255006403, 0.7134174390668253, 0.7481402455883251], "cspearmanr": [0.7638633085900111, 0.7620000713203233, 0.7855461469903573, 0.7455141120694887, 0.7718894401041538], "crmse": [19.276622772216797, 22.72256088256836, 23.82575035095215, 27.43208122253418, 12.68084716796875]}