{"dpearsonr": [0.1277964658493275, 0.11401960305957022, 0.09672319237972905, 0.09417214460170416, 0.1119289155244044], "dspearmanr": [0.10601049154430142, 0.1183387941240841, 0.12472374481247986, 0.11981963624019974, 0.13001180475676336], "drmse": [20.32122802734375, 20.695802688598633, 22.158231735229492, 35.69525909423828, 14.507582664489746], "cpearsonr": [0.7291853861289359, 0.7354996609477885, 0.765666163257038, 0.7102020178976016, 0.7487494029549523], "cspearmanr": [0.7588556084149426, 0.7631738231050698, 0.7875892532063266, 0.747074657868884, 0.7711190221045273], "crmse": [20.329538345336914, 22.104883193969727, 23.986736297607422, 37.853580474853516, 14.293408393859863]}