{"dpearsonr": [0.12366255650629679, 0.10116386739681694, 0.0931750541124117, 0.09555682150016673, 0.10889299228840198], "dspearmanr": [0.11043446315081352, 0.10790877117801534, 0.12516224849295124, 0.10527144835640723, 0.1491392462975129], "drmse": [19.338300704956055, 24.245203018188477, 24.000078201293945, 27.71731948852539, 14.099678993225098], "cpearsonr": [0.7291232199206598, 0.7353780815781263, 0.7652474220561932, 0.7144455685123265, 0.7490346993386617], "cspearmanr": [0.7614651060905118, 0.7641406927508944, 0.786917848472217, 0.7476775713046119, 0.7722357618084265], "crmse": [19.336700439453125, 25.601285934448242, 25.94902229309082, 29.47304916381836, 13.938565254211426]}