{"dpearsonr": [0.27949953853039927, 0.26202673544086774, 0.2899216902095749, 0.28554904912091755, 0.31065783824950777], "dspearmanr": [0.2297084826511378, 0.23720358281933143, 0.27847386071198427, 0.2797134066239764, 0.2236986552783151], "drmse": [0.01317633781582117, 0.01613743230700493, 0.014247490093111992, 0.013899839483201504, 0.012608845718204975], "cpearsonr": [0.7364389238582786, 0.7414645764153003, 0.734317512960095, 0.7202480156021153, 0.7392281648204436], "cspearmanr": [0.6920490809608052, 0.6899108507153938, 0.6889187780357652, 0.6812937294898144, 0.6903271420754674], "crmse": [0.013657442294061184, 0.016030045226216316, 0.014198623597621918, 0.013918604701757431, 0.012709882110357285]}