{"dpearsonr": [NaN, NaN, NaN, -Infinity, NaN], "drmse": [0.0848972275853157, 0.0920925885438919, 0.09867042303085327, 0.09457918256521225, 0.08578210324048996], "cpearsonr": [0.729526514477671, 0.7125593466877653, 0.7269060144351234, 0.7254328214865445, 0.7438929541198267], "crmse": [0.08508553355932236, 0.09187441319227219, 0.09896843135356903, 0.09508201479911804, 0.085518978536129]}