{"dpearsonr": [NaN, NaN, NaN, NaN, NaN], "drmse": [0.08338528126478195, 0.08217768371105194, 0.0853758454322815, 0.08240337669849396, 0.08153420686721802], "cpearsonr": [0.7392830515572961, 0.7393252481441226, 0.7398538300867976, 0.740040457171479, 0.7395416751683814], "crmse": [0.08403289318084717, 0.0828099325299263, 0.08600103110074997, 0.08302228897809982, 0.0821857899427414]}