{"dpearsonr": [0.2801752213794274, 0.26715684126899925, 0.3317035111116735, 0.26350212917899446, 0.3033905688731627], "dspearmanr": [0.2139674523188765, 0.20744428805312934, 0.30048251845398977, 0.2308712009910835, 0.22249034617678337], "drmse": [0.013110645115375519, 0.013853251002728939, 0.013577748090028763, 0.014435670338571072, 0.012635938823223114], "cpearsonr": [0.7374966993888747, 0.7542220958650941, 0.7343496762785113, 0.7209495838213222, 0.7390700623081207], "cspearmanr": [0.6928592473452054, 0.7037935462247825, 0.6894648748165971, 0.6819425548219752, 0.6901718653013458], "crmse": [0.013584191910922527, 0.013862913474440575, 0.0135263716802001, 0.014531339518725872, 0.012738721445202827]}