{"dpearsonr": [NaN, NaN, NaN, NaN, NaN], "drmse": [0.08597461879253387, 0.08112729340791702, 0.08492883294820786, 0.08244354277849197, 0.08235760778188705], "cpearsonr": [0.7340948260104121, 0.7302145747005642, 0.7360309704414358, 0.7370327233290436, 0.7349820885456256], "crmse": [0.08662445843219757, 0.0817393958568573, 0.08554914593696594, 0.08306185156106949, 0.08299855142831802]}