{"dpearsonr": [NaN, NaN, NaN, NaN, NaN], "drmse": [0.08740825951099396, 0.09081188589334488, 0.09812793880701065, 0.09455479681491852, 0.08656550943851471], "cpearsonr": [0.7237553381364367, 0.7013864142175642, 0.7198863990778236, 0.7204820912308999, 0.7403853492850475], "crmse": [0.08757878839969635, 0.09058283269405365, 0.09842322766780853, 0.09506040811538696, 0.08628131449222565]}