{"dpearsonr": [NaN, NaN, NaN, NaN, NaN], "drmse": [0.08762490749359131, 0.08649832010269165, 0.09339774399995804, 0.09445402026176453, 0.09393282979726791], "cpearsonr": [0.7379001626546767, 0.7269016153817736, 0.7113004646422254, 0.7144574034846428, 0.719124196061571], "crmse": [0.08790665864944458, 0.08660005778074265, 0.09302134811878204, 0.09458358585834503, 0.09423051029443741]}