{"dpearsonr": [0.22593325392281124, 0.23559994650192637, 0.25746827859022037, 0.234897329043069, 0.2298819862504922], "drmse": [0.09046845883131027, 0.09071695804595947, 0.0971607118844986, 0.09906119853258133, 0.10359551012516022], "cpearsonr": [0.7750920650234633, 0.7683695167698961, 0.7610826472859971, 0.7553076746641265, 0.76189261348961], "crmse": [0.09081193059682846, 0.09087555855512619, 0.09668852388858795, 0.09921995550394058, 0.10383357852697372]}