{"dpearsonr": [NaN, NaN, NaN, NaN, NaN], "drmse": [0.08216927945613861, 0.08449923992156982, 0.08169606328010559, 0.08284325897693634, 0.08359412103891373], "cpearsonr": [0.7393298804121581, 0.7396124030832445, 0.7401738348667929, 0.7403025983663578, 0.7396552939288906], "crmse": [0.08281537145376205, 0.085143081843853, 0.08230961114168167, 0.08346839249134064, 0.0842500701546669]}