{"dpearsonr": [NaN, NaN, NaN, NaN, NaN], "drmse": [0.08369109034538269, 0.09461471438407898, 0.0945943295955658, 0.09506084024906158, 0.0879533439874649], "cpearsonr": [0.729513355782396, 0.7127491424157869, 0.7277244574333762, 0.7266446031788032, 0.7437201340518991], "crmse": [0.08388519287109375, 0.09438970685005188, 0.09488961100578308, 0.09556715935468674, 0.08767874538898468]}