{"dpearsonr": [NaN, NaN, NaN, NaN, NaN], "drmse": [0.08950227499008179, 0.0852612853050232, 0.09152217209339142, 0.0957813560962677, 0.09805335849523544], "cpearsonr": [0.7432502250975439, 0.729433232287398, 0.7164536160757548, 0.7214561645569096, 0.7307839912935722], "crmse": [0.08979849517345428, 0.08539824932813644, 0.09115082025527954, 0.09591009467840195, 0.09836112707853317]}