{"dpearsonr": [0.27919769713329223, 0.31179631500307237, 0.33987591112245374, 0.2965584874437171, 0.28410687015119696], "dspearmanr": [0.22863175264575292, 0.23210475250969306, 0.33311942475055, 0.28734439520935007, 0.23696111198477704], "drmse": [0.012934810481965542, 0.013881673105061054, 0.013626663945615292, 0.013757164590060711, 0.013298884965479374], "cpearsonr": [0.7371183066936965, 0.740732916044968, 0.7322958118980142, 0.71928801577945, 0.725715585318585], "cspearmanr": [0.6922511812488231, 0.6880464863136685, 0.6872856907797664, 0.6808895217263814, 0.6754374895293751], "crmse": [0.013391321524977684, 0.013857380487024784, 0.013557097874581814, 0.013797586783766747, 0.013388180173933506]}