{"dpearsonr": [0.39596892698042513, 0.4056051723414683, 0.44633567108701516, 0.40157807161338116, 0.41318402557890865], "dspearmanr": [0.34212168782934227, 0.3699807609104052, 0.41918301355524035, 0.3760668006303501, 0.35223267884732123], "drmse": [0.011326081119477749, 0.012410415336489677, 0.01113964058458805, 0.011817367747426033, 0.011441919952630997], "cpearsonr": [0.7852989943240777, 0.7850771214204154, 0.7831392437857024, 0.7657139587747674, 0.7767249084259112], "cspearmanr": [0.7437053058563998, 0.7441333400128558, 0.7429242464141124, 0.7322652268769143, 0.7305410514918388], "crmse": [0.011596270836889744, 0.012418091297149658, 0.011117765679955482, 0.011908485554158688, 0.01151576079428196]}