{"dpearsonr": [0.27349790876721203, 0.31717484057136797, 0.3434508200194351, 0.28886702544319587, 0.3178807685837432], "dspearmanr": [0.23030549962162455, 0.2648890900865506, 0.3180286867308354, 0.26489147501111354, 0.259842906483434], "drmse": [0.01316863764077425, 0.013981111347675323, 0.012498739175498486, 0.014189444482326508, 0.013122957199811935], "cpearsonr": [0.7366351104499632, 0.7503133494040656, 0.7495439288140606, 0.7198504431642911, 0.7266162552013238], "cspearmanr": [0.6920900549819498, 0.6967718290179254, 0.7064897357872707, 0.6810390577190673, 0.675481032812505], "crmse": [0.013674762099981308, 0.013946418650448322, 0.01251246314495802, 0.01422126218676567, 0.013213563710451126]}