{"dpearsonr": [NaN, NaN, NaN, NaN, NaN], "drmse": [0.08855044096708298, 0.08616933226585388, 0.09258145838975906, 0.09493449330329895, 0.09627807885408401], "cpearsonr": [0.7433468179795064, 0.7293737215218385, 0.7161823209207586, 0.7214566963657657, 0.7310614646570149], "crmse": [0.08884793519973755, 0.08630174398422241, 0.09220041334629059, 0.09506350010633469, 0.09658601135015488]}