{"dpearsonr": [NaN, NaN, NaN, NaN, NaN], "drmse": [0.08632021397352219, 0.08383283019065857, 0.0912986695766449, 0.09390003234148026, 0.0938333049416542], "cpearsonr": [0.7431025246540572, 0.7295681451691136, 0.715921110082486, 0.720528935373982, 0.7302519679543635], "crmse": [0.08661195635795593, 0.08396357297897339, 0.0909232497215271, 0.09402763843536377, 0.09413743019104004]}