{"dpearsonr": [NaN, NaN, NaN, NaN, NaN], "drmse": [0.08869078755378723, 0.08586449921131134, 0.09301956743001938, 0.09631377458572388, 0.09774680435657501], "cpearsonr": [0.7433758124105585, 0.7293422097391461, 0.7163226058138916, 0.7214507234442042, 0.730950674856949], "crmse": [0.08898758143186569, 0.08600001037120819, 0.09264308214187622, 0.09644291549921036, 0.09805150330066681]}