{"dpearsonr": [0.060871340865056946, 0.13768296061514645, 0.06736250321738495, 0.0643564102250302, 0.06978684064937579], "dspearmanr": [0.06043727227902561, 0.10731930032312662, 0.07312163990239381, 0.0721003348315677, 0.08136849436576983], "drmse": [0.015498979017138481, 0.01631293073296547, 0.01792645826935768, 0.018099859356880188, 0.018953457474708557], "cpearsonr": [0.7250171453261873, 0.7339076760926772, 0.7220262846694383, 0.7121994683691077, 0.7139265499600523], "cspearmanr": [0.6873922903713534, 0.6865739908902574, 0.6831788475221451, 0.6790285249616607, 0.6727929862398971], "crmse": [0.01603323221206665, 0.016423877328634262, 0.0177964698523283, 0.0180694330483675, 0.018856240436434746]}