{"dpearsonr": [0.06505798649471255, 0.09694616432972833, 0.08220417034675832, 0.0666167903223256, 0.06402465572304927], "dspearmanr": [0.07075610361876647, 0.09957481056830741, 0.08870151761114538, 0.07932273960918144, 0.07598726516810492], "drmse": [0.01808241941034794, 0.016821814700961113, 0.01719287782907486, 0.017795588821172714, 0.017307940870523453], "cpearsonr": [0.7402180331540074, 0.7413528899944862, 0.7394423598397118, 0.7410871676711078, 0.7420530504478233], "cspearmanr": [0.6999277188132587, 0.7008496376452432, 0.6977152094457543, 0.698809539515924, 0.700404454232228], "crmse": [0.018110236153006554, 0.016779445111751556, 0.017163705080747604, 0.01782352849841118, 0.017260955646634102]}