{"dpearsonr": [0.08731561665173174, 0.11447108176638657, 0.08653496325681667, 0.08262283059207537, 0.06114952504063234], "dspearmanr": [0.08792209208260807, 0.0853821059368745, 0.08438517587985132, 0.07614551480766021, 0.0658507791742899], "drmse": [0.016606274992227554, 0.016548477113246918, 0.016561608761548996, 0.01752106286585331, 0.017582649365067482], "cpearsonr": [0.726499103146691, 0.7321911042895034, 0.7224274394401964, 0.7138294214283859, 0.7139928634597382], "cspearmanr": [0.6899755172518433, 0.6872574525478672, 0.6840873592595593, 0.678987573171721, 0.6716619568632991], "crmse": [0.017138712108135223, 0.016594691202044487, 0.016489699482917786, 0.01744997687637806, 0.017637496814131737]}