{"dpearsonr": [0.0712954185032939, 0.07389234021810391, 0.06776084607031553, 0.0685526124267472, 0.0631095216282783], "dspearmanr": [0.07476120082316048, 0.07277777749374585, 0.07787509303133665, 0.07930349771471575, 0.0686951179160201], "drmse": [0.017024314031004906, 0.01722772791981697, 0.017941653728485107, 0.018070604652166367, 0.01802622154355049], "cpearsonr": [0.7409385723360098, 0.7415603062233979, 0.739993526363381, 0.7397027997635279, 0.7416377848643777], "cspearmanr": [0.7003856440744045, 0.7009303327302516, 0.6968067619697335, 0.6982398980303292, 0.7008650253795391], "crmse": [0.01696706749498844, 0.017107494175434113, 0.017935769632458687, 0.01808643341064453, 0.018139416351914406]}