{"dpearsonr": [0.27708477033125295, 0.29824903207709313, 0.3250536889651564, 0.2743152657444805, 0.3293576240105569], "dspearmanr": [0.23485861086543514, 0.2346676608252942, 0.292706298672413, 0.24525362129007328, 0.24756246466585075], "drmse": [0.01309716422110796, 0.015469810925424099, 0.01264121849089861, 0.012968559749424458, 0.012340085580945015], "cpearsonr": [0.7367970239069268, 0.7418018262625351, 0.7500205735744488, 0.7372671231788077, 0.7413372333665694], "cspearmanr": [0.6921922907378975, 0.6894042201443752, 0.7077707620785735, 0.7005473519652069, 0.69333130896052], "crmse": [0.013568930327892303, 0.015370909124612808, 0.012650028802454472, 0.013029620982706547, 0.01244370173662901]}