{"dpearsonr": [NaN, NaN, NaN, NaN, NaN], "dspearmanr": [NaN, NaN, NaN, NaN, NaN], "drmse": [0.01775454916059971, 0.01538823638111353, 0.013684745877981186, 0.01344348769634962, 0.01414044201374054], "cpearsonr": [0.7295572843800502, 0.712533458292963, 0.727923725087264, 0.7274912193646649, 0.7438490638814351], "cspearmanr": [0.6896205574966465, 0.6703343017155973, 0.6818178339753773, 0.6726094175172825, 0.7042857770870782], "crmse": [0.01801816187798977, 0.015484774485230446, 0.013714548200368881, 0.013461418449878693, 0.014431378804147243]}