{"dpearsonr": [NaN, NaN, NaN, NaN, NaN], "drmse": [0.0895015150308609, 0.08582542836666107, 0.0921584814786911, 0.09580570459365845, 0.09626887738704681], "cpearsonr": [0.7432044716174415, 0.7294040957111593, 0.7163133380954093, 0.7213942248479974, 0.731068638420221], "crmse": [0.08979915082454681, 0.08596048504114151, 0.09178036451339722, 0.0959351509809494, 0.09657813608646393]}