{"dpearsonr": [0.24405487426210454, 0.3162538721869627, 0.2552889611608349, 0.26526458182558976, 0.2770056994094835], "dspearmanr": [0.22008923262983213, 0.2601944212027206, 0.2628411147853118, 0.25674118825394093, 0.23575629320133495], "drmse": [0.014414089731872082, 0.01450798474252224, 0.015188837423920631, 0.014023604802787304, 0.013309651985764503], "cpearsonr": [0.7615355151574358, 0.763332613388323, 0.7437802914692966, 0.7440744447898607, 0.744866810072523], "cspearmanr": [0.7206391773348182, 0.7203377686833415, 0.705188029848754, 0.7116140489820133, 0.7004358082966453], "crmse": [0.014711334370076656, 0.014439728111028671, 0.015254936181008816, 0.014237055554986, 0.013421871699392796]}