{"dpearsonr": [NaN, NaN, NaN, NaN, NaN], "drmse": [0.08262665569782257, 0.09024127572774887, 0.09665949642658234, 0.09509329497814178, 0.0878962054848671], "cpearsonr": [0.7189907931792837, 0.7075114109013309, 0.7189668340405713, 0.7136428818936524, 0.7417902409179823], "crmse": [0.08280102163553238, 0.09002085030078888, 0.09695088863372803, 0.09558790922164917, 0.08760285377502441]}