{"dpearsonr": [NaN, NaN, NaN, NaN, NaN], "drmse": [0.08124054223299026, 0.08055157214403152, 0.08361773192882538, 0.08294375985860825, 0.08360268920660019], "cpearsonr": [0.7291596449275705, 0.7354323044732827, 0.7353013122686906, 0.732489145982687, 0.7367432677256611], "crmse": [0.0818723663687706, 0.08117511868476868, 0.0842256024479866, 0.08355798572301865, 0.08425090461969376]}