{"dpearsonr": [0.0778925581386937, 0.1043539516491267, 0.07624770543143553, 0.08799771361079642, 0.08343106061514763], "dspearmanr": [0.0628218837888389, 0.10415331942083803, 0.10312139476873107, 0.07456445797506397, 0.09124225853770172], "drmse": [0.015800833702087402, 0.01642724685370922, 0.01727406121790409, 0.016552003100514412, 0.015890736132860184], "cpearsonr": [0.7342678520530757, 0.7383895703908768, 0.7287669733909631, 0.7161320559000908, 0.7221683977125062], "cspearmanr": [0.6921182782027419, 0.6890930772937925, 0.6856902812902327, 0.6793401357598676, 0.6751130420599634], "crmse": [0.01625663787126541, 0.01657191850244999, 0.017145026475191116, 0.016519758850336075, 0.016045287251472473]}