{"dpearsonr": [0.014895155261692435, -0.02644741051295882, -0.004708492655193842, 0.008728722918596827, -0.0032433733802769305], "drmse": [0.09139388054609299, 0.09818030148744583, 0.08224859833717346, 0.1094866693019867, 0.08560163527727127], "cpearsonr": [0.7304846101784461, 0.7141231681392921, 0.7300997587489662, 0.7290147818939857, 0.7428743210811171], "crmse": [0.09157737344503403, 0.09794982522726059, 0.08252972364425659, 0.11016039550304413, 0.08521565794944763]}