{"dpearsonr": [0.09381430546837227, 0.07031857187309394, 0.07195475673674068, 0.07756368058118449, 0.08980061192926232], "dspearmanr": [0.08195483654081938, 0.07139793527645501, 0.06827737096485427, 0.07645607167207717, 0.08516965640998482], "drmse": [0.01768994703888893, 0.016427630558609962, 0.0159281138330698, 0.01611633412539959, 0.020219270139932632], "cpearsonr": [0.7297837993638787, 0.7095925962084793, 0.7256190736048715, 0.7202374618246086, 0.7204871457597464], "cspearmanr": [0.6905595602950714, 0.6706445307038192, 0.6838661684565049, 0.6735512122737302, 0.7068867639648971], "crmse": [0.01791507750749588, 0.01663198694586754, 0.015986738726496696, 0.016189172863960266, 0.020462315529584885]}