{"dpearsonr": [0.06572300421703021, 0.06612069658249721, 0.08182140148916264, 0.07832089696384699, 0.07793890834198813], "dspearmanr": [0.07199995296778673, 0.07179387578554257, 0.0835561125877198, 0.07068724357262986, 0.07477365211151805], "drmse": [0.01840929500758648, 0.016180479899048805, 0.016257653012871742, 0.015669656917452812, 0.02210203744471073], "cpearsonr": [0.7292522365320762, 0.7100934233878015, 0.7220565952653811, 0.7241988080619776, 0.7162668795391781], "cspearmanr": [0.6913809907344323, 0.6706477245187792, 0.6837169586298095, 0.673278440014878, 0.7045510869285996], "crmse": [0.018596915528178215, 0.01628755033016205, 0.01629134826362133, 0.01581018976867199, 0.02235138975083828]}