{"dpearsonr": [0.002353800472703345, -0.04860075931287991, -0.0024378196817100247, 0.007883163937524465, 0.057408195389979814], "drmse": [0.6266446113586426, 0.5923288464546204, 0.7015875577926636, 0.7152592539787292, 0.38188984990119934], "cpearsonr": [0.7297426146614167, 0.7124192693594891, 0.7283256630782382, 0.7279048821393164, 0.742799297725172], "crmse": [0.6266674995422363, 0.5917272567749023, 0.7022481560707092, 0.7170912623405457, 0.38067856431007385]}