{"dpearsonr": [0.06955364525393132, 0.02412969600210258, -0.033064187582550954, 0.04315450933106116, 0.024229724643721782], "drmse": [0.017964746803045273, 0.01614857092499733, 0.01620647870004177, 0.016702812165021896, 0.022474514320492744], "cpearsonr": [0.7297380422983404, 0.7095934537527425, 0.7233581997262588, 0.7222069156116954, 0.7216965555110685], "crmse": [0.018177010118961334, 0.01631034165620804, 0.016250940039753914, 0.016809117048978806, 0.022696509957313538]}