{"dpearsonr": [0.21100207893384665, 0.24890300907298318, 0.22358457184320682, 0.1948598519678226, 0.17367603082822045], "drmse": [0.015098434872925282, 0.016093358397483826, 0.01505870558321476, 0.013966933824121952, 0.012805500067770481], "cpearsonr": [0.7435948730491985, 0.7298759485518939, 0.7162818909338664, 0.7209034681530191, 0.7303248794287206], "crmse": [0.015203721821308136, 0.016395526006817818, 0.015138959512114525, 0.014017770998179913, 0.012949059717357159]}