{"dpearsonr": [NaN, NaN, NaN, NaN, NaN], "drmse": [0.08645070344209671, 0.08561084419488907, 0.09048355370759964, 0.09499970078468323, 0.09734020382165909], "cpearsonr": [0.7432920305262849, 0.7294389205419246, 0.7164067516678858, 0.7213982287388635, 0.7308261520246188], "crmse": [0.08674614876508713, 0.08574426919221878, 0.09011058509349823, 0.09513042867183685, 0.09765355288982391]}