{"dpearsonr": [0.004893803168104954, Infinity, -Infinity, Infinity, Infinity], "drmse": [0.0818512961268425, 0.08224689215421677, 0.08338826894760132, 0.08268354088068008, 0.08333013951778412], "cpearsonr": [0.7395182318923196, 0.7396450002210121, 0.7402523516142752, 0.74037460599573, 0.7397035503316207], "crmse": [0.08249378949403763, 0.08288051187992096, 0.08401577174663544, 0.08330696076154709, 0.08399266749620438]}