{"dpearsonr": [0.004157555957391985, NaN, Infinity, -Infinity, Infinity], "drmse": [0.08337964117527008, 0.09220153838396072, 0.09646590799093246, 0.09488611668348312, 0.08768727630376816], "cpearsonr": [0.7295795974059422, 0.7128022328665831, 0.7280289709221411, 0.7267828149025053, 0.7435362294681399], "crmse": [0.08357540518045425, 0.0919828712940216, 0.09676351398229599, 0.095394566655159, 0.08741988241672516]}