{"dpearsonr": [NaN, NaN, NaN, NaN, NaN], "drmse": [0.08878086507320404, 0.08586019277572632, 0.09168633818626404, 0.09508541226387024, 0.09763410687446594], "cpearsonr": [0.7432497549728687, 0.7293504143985937, 0.7161871135266314, 0.7214153934019817, 0.7309832930086858], "crmse": [0.089076928794384, 0.0859953910112381, 0.09130996465682983, 0.09521285444498062, 0.09793923795223236]}