{"dpearsonr": [NaN, NaN, NaN, NaN, NaN], "drmse": [0.08938275277614594, 0.08534158021211624, 0.08995597809553146, 0.09511122107505798, 0.09791848808526993], "cpearsonr": [0.7433231944010091, 0.7294240044682024, 0.7163482070368142, 0.721422426514997, 0.7309626304559955], "crmse": [0.089680515229702, 0.08547931909561157, 0.08958708494901657, 0.095240019261837, 0.09822650998830795]}