{"dpearsonr": [NaN, NaN, NaN, NaN, NaN], "drmse": [0.0839034765958786, 0.08161859959363937, 0.08736367523670197, 0.07979686558246613, 0.08122508972883224], "cpearsonr": [0.7324436246280472, 0.7353212517637107, 0.7379304202468246, 0.7357886005163531, 0.7339198360632443], "crmse": [0.08454189449548721, 0.08224833011627197, 0.08799748122692108, 0.08040856570005417, 0.081868015229702]}