{"dpearsonr": [NaN, NaN, NaN, NaN, NaN], "drmse": [0.0839531198143959, 0.08160725235939026, 0.08465050905942917, 0.08557325601577759, 0.08183703571557999], "cpearsonr": [0.7354085213209912, 0.7326077309686326, 0.7360404109779184, 0.7356856284652759, 0.7360744575796271], "crmse": [0.08459726721048355, 0.08222679793834686, 0.08527086675167084, 0.08619629591703415, 0.08247791975736618]}