{"dpearsonr": [NaN, NaN, NaN, NaN, NaN], "drmse": [0.08532152324914932, 0.09137281030416489, 0.10084117203950882, 0.09160185605287552, 0.08537846058607101], "cpearsonr": [0.7221727190803533, 0.7073629119418879, 0.7226620649825728, 0.7190933418633927, 0.7393088523361638], "crmse": [0.08549723774194717, 0.09114935994148254, 0.10114368051290512, 0.0921010822057724, 0.08509829640388489]}