{"dpearsonr": [NaN, NaN, NaN, NaN, NaN], "drmse": [0.08539479225873947, 0.09134425967931747, 0.09782624244689941, 0.09802505373954773, 0.08603433519601822], "cpearsonr": [0.7252538056927831, 0.7040976305804465, 0.7197123457323639, 0.7179054842807845, 0.7413693269771433], "crmse": [0.08557125926017761, 0.09111755341291428, 0.09812042117118835, 0.09852948784828186, 0.08575139194726944]}