{"dpearsonr": [0.4141999309091416, 0.4072900229718734, 0.44598553398541685, 0.4258959956172078, 0.42193239596751414], "dspearmanr": [0.36549893429168284, 0.36157215931967956, 0.40415634340079226, 0.3899979712834642, 0.36706846634314305], "drmse": [0.011039801873266697, 0.012587049975991249, 0.011262593790888786, 0.011580018326640129, 0.011411170475184917], "cpearsonr": [0.7855904122410522, 0.7877497196173268, 0.7839022235138425, 0.7706815576837904, 0.7754856505585982], "cspearmanr": [0.7446743282806543, 0.745987946874117, 0.7442320089968076, 0.7371114683728754, 0.7292060176609043], "crmse": [0.011469677090644836, 0.012602469883859158, 0.011241457425057888, 0.011723212897777557, 0.011464305222034454]}