{"dpearsonr": [0.4025061167174964, 0.4141722186817309, 0.4598696639858074, 0.4099823924300284, 0.43937521527038886], "dspearmanr": [0.34968543627900334, 0.36938927088002815, 0.42789046855165447, 0.3754017291125346, 0.38362675055438755], "drmse": [0.011013112030923367, 0.012336173094809055, 0.011077550239861012, 0.011658158153295517, 0.011018987745046616], "cpearsonr": [0.7867083436639752, 0.786670368012109, 0.7813320474349805, 0.7648290815613933, 0.7746236791010294], "cspearmanr": [0.7454853164346386, 0.7472789199229447, 0.7397905843550548, 0.7305700594034445, 0.7298568080530853], "crmse": [0.011371199041604996, 0.012304621748626232, 0.011060278862714767, 0.011759305372834206, 0.011124109849333763]}