{"dpearsonr": [NaN, NaN, NaN, NaN, NaN], "drmse": [0.08920644223690033, 0.08667556196451187, 0.09256582707166672, 0.09464127570390701, 0.09575004130601883], "cpearsonr": [0.7434508977240587, 0.7294245746142826, 0.7162598502217892, 0.7215844851351502, 0.7312334932985314], "crmse": [0.08950383961200714, 0.08681287616491318, 0.09218547493219376, 0.09477313607931137, 0.09605325013399124]}