{"dpearsonr": [0.2796455826021365, 0.2912469329430064, 0.36051948708955434, 0.2964385137014929, 0.28157463068175564], "dspearmanr": [0.22631536808526556, 0.23197324207547948, 0.3290526762846246, 0.2760813896041473, 0.21410694096803748], "drmse": [0.013099582865834236, 0.016392504796385765, 0.012272736988961697, 0.012771306559443474, 0.013469306752085686], "cpearsonr": [0.7360556871280683, 0.7425722315370331, 0.752279907430741, 0.7389416643187843, 0.7298994253004452], "cspearmanr": [0.6921128199509561, 0.6906371744429488, 0.7102547076065827, 0.7021193992231984, 0.6779861474250052], "crmse": [0.01356411725282669, 0.016263991594314575, 0.012293800711631775, 0.012822695076465607, 0.013509958982467651]}