{"dpearsonr": [NaN, NaN, NaN, NaN, NaN], "dspearmanr": [NaN, NaN, NaN, NaN, NaN], "drmse": [0.017796428874135017, 0.015379160642623901, 0.013504869304597378, 0.01343093253672123, 0.014127333648502827], "cpearsonr": [0.7294275205286718, 0.712607221876348, 0.7280149359087885, 0.7274412399900849, 0.7438494731521524], "cspearmanr": [0.6897894846375892, 0.670486754354309, 0.6819621037471857, 0.6727246181522526, 0.7044801841612955], "crmse": [0.018060503527522087, 0.015474488027393818, 0.013528654351830482, 0.01344916969537735, 0.014416756108403206]}