{"dpearsonr": [0.18660755395302067, 0.2353005770563372, 0.19517658112555522, 0.18471466692377622, 0.155207464373664], "drmse": [0.11353591084480286, 0.09810764342546463, 0.11722269654273987, 0.1167229562997818, 0.1138959676027298], "cpearsonr": [0.03529982155807182, -0.4962512755998463, 0.06394306454483249, -0.1754150680438901, -0.33558836473731346], "crmse": [0.11407604813575745, 0.09856173396110535, 0.11738131940364838, 0.11710599064826965, 0.11444610357284546]}