{"dpearsonr": [0.18919081606933424, 0.20880474813379288, 0.18805739816726932, 0.18215548395694428, 0.15339342164297595], "drmse": [0.015390397049486637, 0.01653035543859005, 0.015291044488549232, 0.014040382578969002, 0.012852417305111885], "cpearsonr": [0.7422238079075563, 0.725336206071622, 0.7146866551400881, 0.7210998032879713, 0.7308679510741422], "crmse": [0.015491764061152935, 0.016848929226398468, 0.015387125313282013, 0.014093093574047089, 0.01299428939819336]}