{"dpearsonr": [NaN, NaN, NaN, NaN, NaN], "drmse": [0.09047002345323563, 0.08693656325340271, 0.09263159334659576, 0.09563475102186203, 0.09651891887187958], "cpearsonr": [0.7433009956818908, 0.7295244448699972, 0.7163078810133705, 0.7213501551946183, 0.7312247039526408], "crmse": [0.09076779335737228, 0.08707083761692047, 0.09225255995988846, 0.0957643985748291, 0.09682927280664444]}