{"dpearsonr": [0.10028265248605155, 0.08495274950659426, 0.09419262142769917, 0.08019300901322775, 0.10535661169310909], "dspearmanr": [0.12575806976512985, 0.10796620663688732, 0.11314285626861051, 0.1221927812023027, 0.15421616981686784], "drmse": [13.756312370300293, 9.09439754486084, 9.202070236206055, 20.873226165771484, 7.415677547454834], "cpearsonr": [0.7230028830834677, 0.7355925238741766, 0.7707601965234553, 0.7137598426065253, 0.7481587794548649], "cspearmanr": [0.7544872453778623, 0.7641050232754067, 0.7899552577943573, 0.7465527668122435, 0.7711238934937829], "crmse": [13.794168472290039, 9.452406883239746, 9.414705276489258, 20.837533950805664, 7.383983135223389]}