{"dpearsonr": [0.09961281507095256, 0.11911705740119967, 0.09217501414202896, 0.0853796834701815, 0.10541765286748292], "dspearmanr": [0.11821216342685871, 0.12366419709320765, 0.10497986656708877, 0.10237474607685686, 0.10907263025382037], "drmse": [18.728498458862305, 10.36366081237793, 9.030975341796875, 16.56291389465332, 8.15845012664795], "cpearsonr": [0.7219722380506678, 0.736134182074997, 0.7690176971302481, 0.7147649294038363, 0.7484706072318442], "cspearmanr": [0.7599551412847353, 0.7637779744104792, 0.7885354666563461, 0.7440425158114727, 0.7709641016642071], "crmse": [18.643657684326172, 10.473048210144043, 9.169222831726074, 16.527196884155273, 8.150572776794434]}