{"dpearsonr": [0.08739128485547243, 0.10937498908255848, 0.08803796256668152, 0.08313103214406159, 0.10368520700019543], "dspearmanr": [0.12013085155718661, 0.14354105348334598, 0.1134899705127008, 0.11421563687658069, 0.10816979544349144], "drmse": [11.161885261535645, 9.924744606018066, 8.037209510803223, 17.19009780883789, 8.537789344787598], "cpearsonr": [0.7217420950588996, 0.7367795623218545, 0.7690961808671951, 0.7155575457253172, 0.7478990651361549], "cspearmanr": [0.7575628338137114, 0.7635945506094876, 0.7870720114309008, 0.7439925084751128, 0.7738671944800374], "crmse": [11.31605052947998, 10.227463722229004, 8.251415252685547, 17.31658935546875, 8.534833908081055]}