{"dpearsonr": [NaN, NaN, NaN, NaN, NaN], "drmse": [0.08822740614414215, 0.08463737368583679, 0.09185768663883209, 0.09338761121034622, 0.09717559814453125], "cpearsonr": [0.7433244003582831, 0.7294146481608946, 0.7164735008777142, 0.721434321720299, 0.730953803615491], "crmse": [0.08852504193782806, 0.08477526903152466, 0.09148505330085754, 0.09351565688848495, 0.09748214483261108]}