{"dpearsonr": [0.4088283527702251, 0.41457324583479743, 0.4575297300394654, 0.4108736084222357, 0.44359119879560366], "dspearmanr": [0.36199949614552585, 0.37314342689746327, 0.43168827217654865, 0.38457056631743913, 0.38940553486245155], "drmse": [0.010986752808094025, 0.012304520234465599, 0.010842515155673027, 0.01168206986039877, 0.010997278615832329], "cpearsonr": [0.7902992351507954, 0.7896404213155148, 0.78673313847894, 0.7663041696224302, 0.7811233016122279], "cspearmanr": [0.7477003344032735, 0.7489685811702073, 0.7427392079249524, 0.7311693412848969, 0.735988774894968], "crmse": [0.011356903240084648, 0.012273101136088371, 0.010817965492606163, 0.011818131431937218, 0.011081538163125515]}