{"dpearsonr": [0.37480238867436694, 0.40113507208547305, 0.42200567755303325, 0.40393952068775896, 0.41202253622300344], "dspearmanr": [0.346966823551641, 0.362181593237526, 0.3934955714970508, 0.36552913407878646, 0.3466545195891413], "drmse": [0.011352955363690853, 0.012533481232821941, 0.011713526211678982, 0.011787966825067997, 0.011358220130205154], "cpearsonr": [0.7858853449144744, 0.7806470780347174, 0.7780150335498436, 0.7615321795081454, 0.7733947867052888], "cspearmanr": [0.7437809787607349, 0.7419908409740522, 0.739618131694835, 0.7282235115781172, 0.7281555767226245], "crmse": [0.011702537536621094, 0.012548504397273064, 0.011689876206219196, 0.011879617348313332, 0.01144988089799881]}