{"dpearsonr": [NaN, NaN, NaN, NaN, NaN], "drmse": [0.08892051130533218, 0.08580045402050018, 0.09250502288341522, 0.09685959666967392, 0.0965808779001236], "cpearsonr": [0.7434073563140353, 0.7295189555505113, 0.7163542428740811, 0.7212716431639556, 0.7312491158710438], "crmse": [0.08921846002340317, 0.08593281358480453, 0.09212732315063477, 0.09698671102523804, 0.09688776731491089]}