{"dpearsonr": [NaN, NaN, NaN, NaN, NaN], "drmse": [0.09002436697483063, 0.08597604930400848, 0.09177962690591812, 0.09646129608154297, 0.0979311540722847], "cpearsonr": [0.7433436578756322, 0.729353746829503, 0.7163817672022493, 0.7214438866377286, 0.7311084018944305], "crmse": [0.09032315015792847, 0.0861142948269844, 0.09140387177467346, 0.09659210592508316, 0.09824156761169434]}