{"dpearsonr": [NaN, NaN, NaN, NaN, NaN], "drmse": [0.08890996873378754, 0.08614308387041092, 0.09286217391490936, 0.09646469354629517, 0.09937526285648346], "cpearsonr": [0.7433364068651992, 0.7292363497308324, 0.7163943137284967, 0.721396179143823, 0.7308961756306241], "crmse": [0.0892081931233406, 0.08628083020448685, 0.0924835279583931, 0.09659501910209656, 0.09968829154968262]}