{"dpearsonr": [NaN, NaN, NaN, NaN, NaN], "drmse": [0.08559179306030273, 0.08569034188985825, 0.08947345614433289, 0.09700581431388855, 0.09456954151391983], "cpearsonr": [0.7429693135741429, 0.7294703175924279, 0.7160250914183498, 0.7204345818559954, 0.7302149206174938], "crmse": [0.08588341623544693, 0.08581879734992981, 0.08910806477069855, 0.09713198244571686, 0.09487227350473404]}