{"dpearsonr": [NaN, NaN, NaN, NaN, NaN], "drmse": [0.08152450621128082, 0.08200972527265549, 0.08304896205663681, 0.08380024135112762, 0.08297603577375412], "cpearsonr": [0.7394557351800515, 0.7394208529744403, 0.7398879721437074, 0.740153213237404, 0.7394956882460988], "crmse": [0.08216515183448792, 0.0826462134718895, 0.08366920799016953, 0.08442860841751099, 0.08363312482833862]}