{"dpearsonr": [NaN, NaN, NaN, NaN, NaN], "drmse": [0.083038829267025, 0.09191445261240005, 0.09608898311853409, 0.09610051661729813, 0.08729039132595062], "cpearsonr": [0.7295639714900256, 0.7123920141481963, 0.7270081441046874, 0.7262982190070121, 0.7437334484758344], "crmse": [0.08323192596435547, 0.09169895201921463, 0.09638570994138718, 0.09660954773426056, 0.08702223747968674]}