{"dpearsonr": [NaN, NaN, NaN, NaN, NaN], "drmse": [0.08875040709972382, 0.08543355762958527, 0.089989572763443, 0.0944371372461319, 0.0965934470295906], "cpearsonr": [0.7431810459571002, 0.7294615593605827, 0.7163897995475647, 0.7211965932563864, 0.7308956849855713], "crmse": [0.08904770016670227, 0.08556884527206421, 0.0896187275648117, 0.09456600248813629, 0.0969005599617958]}