{"dpearsonr": [NaN, NaN, NaN, NaN, NaN], "drmse": [0.08468776196241379, 0.09325303137302399, 0.09373098611831665, 0.09477686136960983, 0.08675465732812881], "cpearsonr": [0.729558819736666, 0.712708745337348, 0.7275691788612435, 0.7262609007722194, 0.7436669283707862], "crmse": [0.08487951010465622, 0.09303277730941772, 0.0940232127904892, 0.0952763706445694, 0.08649179339408875]}