{"dpearsonr": [NaN, NaN, NaN, NaN, NaN], "drmse": [0.08316460996866226, 0.08323228359222412, 0.08092297613620758, 0.08256559073925018, 0.08245342969894409], "cpearsonr": [0.7394882138791927, 0.7396340599865809, 0.7402159603850765, 0.7404612602311329, 0.7395985496219729], "crmse": [0.08381190150976181, 0.08387435972690582, 0.08153553307056427, 0.08318264037370682, 0.0831063911318779]}