{"dpearsonr": [NaN, NaN, NaN, NaN, NaN], "drmse": [0.08912841230630875, 0.08598502725362778, 0.09225880354642868, 0.09563563019037247, 0.09659946709871292], "cpearsonr": [0.7432290285875275, 0.7293870600424655, 0.7162726513572106, 0.7214760239840601, 0.7310580029883385], "crmse": [0.08942519873380661, 0.08612285554409027, 0.09188060462474823, 0.09576526284217834, 0.09690751135349274]}