{"dpearsonr": [0.06828963806428101, 0.08681598126767957, 0.06709124586832124, 0.10275216580292863, 0.06943756581467266], "dspearmanr": [0.06060950814223906, 0.08516282206238873, 0.06811913549092602, 0.09116450346468948, 0.06482793552847074], "drmse": [0.014923783019185066, 0.016102908179163933, 0.016261106356978416, 0.015143889002501965, 0.015355684794485569], "cpearsonr": [0.7268694314316567, 0.7326114383523754, 0.7242997918490824, 0.7128330072707508, 0.7158327075230728], "cspearmanr": [0.6871537647561058, 0.6878778451302391, 0.6825744243932421, 0.6777437439061744, 0.6715312414549564], "crmse": [0.015401233918964863, 0.016269870102405548, 0.01613450050354004, 0.015153386630117893, 0.015490283258259296]}