{"dpearsonr": [0.05696293219040246, 0.055925341396981736, 0.05979600442237089, 0.056176452147676366, 0.05900413846903186], "dspearmanr": [0.04964959191493308, 0.05319375951459775, 0.0545960109308524, 0.053716688494082496, 0.054508667536579285], "drmse": [0.016802720725536346, 0.01699911803007126, 0.01701323315501213, 0.01663995161652565, 0.01688854768872261], "cpearsonr": [0.7404167736732878, 0.7410719466397344, 0.7376739409069759, 0.7420851418457405, 0.741269062429505], "cspearmanr": [0.6985921763374442, 0.69889426614289, 0.6952090962641795, 0.6988446182874085, 0.698987960948245], "crmse": [0.016703858971595764, 0.016890017315745354, 0.016898708418011665, 0.01653679832816124, 0.016783149912953377]}