{"dpearsonr": [0.06092498580451872, 0.05751052826038977, 0.05954239624900373, 0.06688817442066633, 0.05224157478235682], "dspearmanr": [0.05781434123618998, 0.05803932605076785, 0.055762231096748924, 0.06798187843750748, 0.050063962875619726], "drmse": [0.01695493422448635, 0.016868628561496735, 0.016903357580304146, 0.016587071120738983, 0.016957450658082962], "cpearsonr": [0.7393827278534787, 0.74116975143184, 0.7402170231867177, 0.7410714806033044, 0.7404080002095526], "cspearmanr": [0.6982068523402729, 0.7008039240056058, 0.6980267879286012, 0.6986979169494545, 0.6985700304476666], "crmse": [0.016871720552444458, 0.016768965870141983, 0.016794299706816673, 0.016476714983582497, 0.016856122761964798]}