{"dpearsonr": [0.07405691811668183, 0.0857278580661032, 0.061174836602290006, 0.08075119671215285, 0.07455608892154997], "dspearmanr": [0.06627921551916396, 0.07753832435503764, 0.06230560305438012, 0.07374973887867667, 0.07448594248384456], "drmse": [0.014680702239274979, 0.016071680933237076, 0.016714654862880707, 0.015403651632368565, 0.015101163648068905], "cpearsonr": [0.7292706464068044, 0.7313757694041036, 0.7184410656926861, 0.7107923919773179, 0.7184808103005715], "cspearmanr": [0.6896668550812081, 0.68587939934215, 0.6792027570857548, 0.6769139755819905, 0.6742612219161916], "crmse": [0.015147954225540161, 0.016202803701162338, 0.016571570187807083, 0.015416715294122696, 0.015215137042105198]}