{"dpearsonr": [0.2505575098000512, 0.26476075434676793, 0.2940153451587572, 0.2780112932498785, 0.2622484500165205], "dspearmanr": [0.23623337972137426, 0.2687884126096565, 0.3131630417588217, 0.2782318752450851, 0.24149379774418975], "drmse": [0.017482081428170204, 0.0285466518253088, 0.02918299473822117, 0.02334507554769516, 0.01674940064549446], "cpearsonr": [0.7585597850271144, 0.7502881800632041, 0.7284102826423352, 0.7253544040430725, 0.7497915733991627], "cspearmanr": [0.7186274544139333, 0.7127790349112257, 0.6932667976109593, 0.6949422456126263, 0.7092115081518102], "crmse": [0.018360447138547897, 0.02878868207335472, 0.029290059581398964, 0.02316710539162159, 0.0167255736887455]}