{"dpearsonr": [0.2039370532734043, 0.23982739892096533, 0.21362617172553353, 0.1901607197045706, 0.16677212149405413], "drmse": [0.015217269770801067, 0.016231730580329895, 0.015156993642449379, 0.014004635624587536, 0.012831068597733974], "cpearsonr": [0.7435793879794048, 0.7298224319811172, 0.71627798871431, 0.7208446254543326, 0.7306985896858931], "crmse": [0.015322037041187286, 0.016546621918678284, 0.015244340524077415, 0.014056927524507046, 0.012974030338227749]}