{"dpearsonr": [0.2037579510703024, 0.2358944053409837, 0.2081604213717005, 0.19018349189668932, 0.16444212052208662], "drmse": [0.10582326352596283, 0.11045356094837189, 0.11333364993333817, 0.11714063584804535, 0.12160272151231766], "cpearsonr": [-0.47942647504253133, -0.3041089233385758, -0.3509916414895387, -0.30851202319643184, -0.05159450881514133], "crmse": [0.10634066164493561, 0.11090564727783203, 0.11349291354417801, 0.11752856522798538, 0.12216831743717194]}