{"dpearsonr": [NaN, NaN, NaN, NaN, NaN], "drmse": [0.08175939321517944, 0.08224264532327652, 0.08384329080581665, 0.08115795254707336, 0.08404441177845001], "cpearsonr": [0.7391810947846993, 0.7393937684606507, 0.7399117546399306, 0.7402043553786949, 0.7396254801730251], "crmse": [0.08240091800689697, 0.08287373930215836, 0.08446463942527771, 0.0817723274230957, 0.08470276743173599]}