{"dpearsonr": [NaN, NaN, NaN, NaN, NaN], "drmse": [0.0832696408033371, 0.09217830002307892, 0.09696576744318008, 0.09318728744983673, 0.08842150121927261], "cpearsonr": [0.729364690606533, 0.7123182393999539, 0.7269558948459022, 0.7259890302184004, 0.7436796569553458], "crmse": [0.08346355706453323, 0.0919586643576622, 0.09726101905107498, 0.09368552267551422, 0.08814290910959244]}