{"dpearsonr": [NaN, NaN, NaN, NaN, NaN], "drmse": [0.08781681954860687, 0.08633618801832199, 0.09089886397123337, 0.09228929132223129, 0.09703843295574188], "cpearsonr": [0.743296532520328, 0.7293870221038051, 0.7162522083726874, 0.7212639479514898, 0.7308442944834234], "crmse": [0.08811266720294952, 0.08646747469902039, 0.09052317589521408, 0.09241487085819244, 0.09734364598989487]}