{"dpearsonr": [0.23933850262732626, 0.30314244187503453, 0.31516734722035517, 0.2883114689257034, 0.2509423238480134], "dspearmanr": [0.19621045762914277, 0.2625575346772414, 0.29380215398379084, 0.26463815603395796, 0.219650230827311], "drmse": [0.014477855525910854, 0.014550000429153442, 0.013570104725658894, 0.014498970471322536, 0.01378175150603056], "cpearsonr": [0.7717629926134923, 0.7748162944392343, 0.7682247875142867, 0.7537271107175647, 0.7632864044970085], "cspearmanr": [0.7272901300508018, 0.7363961621805374, 0.7254131810984313, 0.7180561657653732, 0.7161821210347964], "crmse": [0.015010083094239235, 0.01457603182643652, 0.01354854367673397, 0.014514593407511711, 0.013937498442828655]}