{"dpearsonr": [0.3845541895829445, 0.41493354635044066, 0.44182231324636484, 0.38527770791856636, 0.43049269145922947], "dspearmanr": [0.3492688116230433, 0.37176687555868426, 0.4234781032353163, 0.3630825338278299, 0.3805157412174343], "drmse": [0.011312518268823624, 0.012576812878251076, 0.011142528615891933, 0.01197833102196455, 0.011551997624337673], "cpearsonr": [0.7835231915598566, 0.7874239893764827, 0.7851410364347506, 0.7665798603468332, 0.7738324830784329], "cspearmanr": [0.7412577049810402, 0.747549632636007, 0.7476221555602559, 0.7312499644594778, 0.7302258688333844], "crmse": [0.011685343459248543, 0.012551219202578068, 0.011118554510176182, 0.012065313756465912, 0.01161089725792408]}