{"dpearsonr": [0.2512818155046667, 0.3039555429788926, 0.38530634545454123, 0.34607618939726814, 0.34024671799573436], "dspearmanr": [0.2055654478599547, 0.25812689549652384, 0.36150236898679966, 0.31614219507716723, 0.26439289991868786], "drmse": [0.013276197947561741, 0.013427861034870148, 0.011964992620050907, 0.012261558324098587, 0.012319707311689854], "cpearsonr": [0.7453843498013228, 0.7587116071874496, 0.758202654616134, 0.7477211065195192, 0.7411289048423294], "cspearmanr": [0.6985627835624179, 0.7086382754787713, 0.7119932766042111, 0.7096647907908293, 0.691736610651047], "crmse": [0.01366734504699707, 0.01341745350509882, 0.011966382153332233, 0.012307347729802132, 0.012452150695025921]}