{"dpearsonr": [NaN, NaN, NaN, NaN, NaN], "drmse": [0.08353367447853088, 0.08277954906225204, 0.08468487858772278, 0.0854438841342926, 0.08426736295223236], "cpearsonr": [0.7394371278731533, 0.7396450533031796, 0.7402190906221899, 0.740374765856366, 0.7396795547251063], "crmse": [0.08418387174606323, 0.08341646194458008, 0.08530980348587036, 0.08607865124940872, 0.08492311835289001]}