{"dpearsonr": [NaN, NaN, NaN, NaN, NaN], "drmse": [0.08506384491920471, 0.09278018772602081, 0.09792618453502655, 0.09794451296329498, 0.08866745233535767], "cpearsonr": [0.7296065069812241, 0.7128185682672266, 0.7277939725057462, 0.7266338658006157, 0.7435250432810688], "crmse": [0.08526057004928589, 0.09256258606910706, 0.09822472184896469, 0.09845951199531555, 0.08839016407728195]}