{"dpearsonr": [NaN, NaN, NaN, NaN, NaN], "drmse": [0.08202726393938065, 0.08312799036502838, 0.08544999361038208, 0.08416804671287537, 0.08296657353639603], "cpearsonr": [0.739469426501063, 0.7396870999035445, 0.7401987390267376, 0.7403776140863705, 0.7397565457647918], "crmse": [0.08267585188150406, 0.08376528322696686, 0.08608344197273254, 0.08479975908994675, 0.08361947536468506]}