{"dpearsonr": [NaN, NaN, NaN, NaN, NaN], "drmse": [0.08355430513620377, 0.09315122663974762, 0.09875506907701492, 0.09652617573738098, 0.0873090922832489], "cpearsonr": [0.72958941251811, 0.7128892813731494, 0.7279199461315777, 0.7267244166692161, 0.7435611155829301], "crmse": [0.08375032991170883, 0.09292840212583542, 0.09905622154474258, 0.09703952074050903, 0.08703980594873428]}