{"dpearsonr": [0.2654449465268587, 0.2764304888024973, 0.3216561460593432, 0.2895954614675954, 0.3168204921975839], "dspearmanr": [0.216703824469646, 0.21695541460932066, 0.2878481979476821, 0.26695344367072493, 0.23015605838454517], "drmse": [0.013131753541529179, 0.013695898465812206, 0.012557684443891048, 0.012824824079871178, 0.013207829557359219], "cpearsonr": [0.7364748553663927, 0.7560156112181777, 0.7495787404367116, 0.7374887726502799, 0.7291172655845534], "cspearmanr": [0.6921229466229398, 0.7058737837117806, 0.7067438530887087, 0.700885943115199, 0.6771637419126207], "crmse": [0.013606918044388294, 0.013713467866182327, 0.01257259864360094, 0.012912297621369362, 0.013335063122212887]}