{"dpearsonr": [0.373668121196047, 0.38280790191552677, 0.4100239764695294, 0.37527451172937015, 0.3983274730880164], "dspearmanr": [0.3345083222468125, 0.33247983056665237, 0.38408189655760233, 0.3557343547065843, 0.33162182867346773], "drmse": [0.011451701633632183, 0.01254811231046915, 0.012006050907075405, 0.01207610871642828, 0.011729208752512932], "cpearsonr": [0.7827378587506288, 0.7804882102790509, 0.7771341061433829, 0.7617284098469849, 0.7725695091380217], "cspearmanr": [0.7399995315469015, 0.739535944330778, 0.7366169364734434, 0.7273681456328887, 0.7272354701174772], "crmse": [0.011830711737275124, 0.012566173449158669, 0.011965125799179077, 0.012232781387865543, 0.011797161772847176]}