{"dpearsonr": [0.08499421121649521, 0.0688934769895428, 0.07619156343595511, 0.11063936332075466, 0.07408735860256294], "dspearmanr": [0.07766865014681115, 0.06254098968826606, 0.07254971808061184, 0.10516020450361697, 0.06757001124636498], "drmse": [0.01637886092066765, 0.016566665843129158, 0.016512954607605934, 0.01606924645602703, 0.016367729753255844], "cpearsonr": [0.7438677741781256, 0.7413816874461988, 0.7411463269833269, 0.7443874923946203, 0.7428912877532295], "cspearmanr": [0.7010498038565905, 0.701613433735179, 0.6987363087881145, 0.700624391454715, 0.7004323184577149], "crmse": [0.01626504771411419, 0.016459519043564796, 0.016408268362283707, 0.015932591632008553, 0.016257882118225098]}