{"dpearsonr": [0.08211988527847745, 0.05828129770212908, 0.06791664746697475, 0.08672940930975342, 0.05381680493258222], "dspearmanr": [0.07427497761825096, 0.05588875382487552, 0.061617244281383717, 0.0828443868731073, 0.05453768423292598], "drmse": [0.016367685049772263, 0.016642265021800995, 0.016518669202923775, 0.016344910487532616, 0.017190657556056976], "cpearsonr": [0.7434165992295235, 0.7417702272179884, 0.7418780649419621, 0.74182256457637, 0.7430253691477006], "cspearmanr": [0.7011972639819426, 0.7009131054080565, 0.6996728508947392, 0.6991323460828828, 0.700341042645362], "crmse": [0.016240661963820457, 0.016526181250810623, 0.01641496643424034, 0.016233259811997414, 0.017122782766819]}