{"dpearsonr": [0.0891847812699545, 0.09414853383314162, 0.07489951617835444, 0.09080144753144513, 0.06306483610765133], "dspearmanr": [0.07425815002635702, 0.08375107145943211, 0.07325483970271204, 0.07896230162742672, 0.06754309907799444], "drmse": [0.014553966000676155, 0.01599160023033619, 0.015826404094696045, 0.015347531996667385, 0.016080690547823906], "cpearsonr": [0.7312742459853623, 0.7331229052091546, 0.7258044104166037, 0.7146680612049789, 0.7181608212608301], "cspearmanr": [0.6902512623653317, 0.6860612515095171, 0.683671807386286, 0.6803004516221509, 0.6734185615642038], "crmse": [0.015018126927316189, 0.016065653413534164, 0.015706956386566162, 0.015341033227741718, 0.01629471965134144]}