{"dpearsonr": [0.08734926112442726, 0.08825909609677163, 0.07205986661753196, 0.10900440154928534, 0.07897194600050753], "dspearmanr": [0.08176492128086972, 0.07413712825590951, 0.06894213523021307, 0.0975945253712185, 0.07478477955841019], "drmse": [0.014585306867957115, 0.015985218808054924, 0.015949305146932602, 0.01500212773680687, 0.014989184215664864], "cpearsonr": [0.7321824290441704, 0.732759871022868, 0.7259930287927533, 0.7171614727965392, 0.7175235792507774], "cspearmanr": [0.6908705220174696, 0.6864706250582718, 0.6840649949661239, 0.6811910077020265, 0.6734174933064629], "crmse": [0.015054825693368912, 0.016069885343313217, 0.015806468203663826, 0.015019514597952366, 0.015146893449127674]}