{"dpearsonr": [NaN, NaN, NaN, NaN, NaN], "drmse": [0.088597871363163, 0.08572257310152054, 0.09180331230163574, 0.09326738119125366, 0.09452381730079651], "cpearsonr": [0.7433587009207386, 0.7294355591040166, 0.7163192726436387, 0.721479784072606, 0.7311540745830962], "crmse": [0.08889509737491608, 0.0858573466539383, 0.09142430871725082, 0.09339605271816254, 0.09483253210783005]}