{"dpearsonr": [0.10923250821365918, 0.10033277402835877, 0.08352174625910079, 0.12579413461703823, 0.08800585876026933], "dspearmanr": [0.1046562357323856, 0.09908748665678425, 0.08759108486904031, 0.10948984769352793, 0.08373515503967564], "drmse": [0.014189460314810276, 0.015430334024131298, 0.015090744942426682, 0.01466989517211914, 0.01433957926928997], "cpearsonr": [0.7360358047302747, 0.7377310949356569, 0.7306034263514866, 0.7187248098893708, 0.7237687347083384], "cspearmanr": [0.6924500974589831, 0.6877606304842855, 0.6864549448618213, 0.68005058317634, 0.6747347027108833], "crmse": [0.014693714678287506, 0.015521782450377941, 0.014981995336711407, 0.01468996237963438, 0.014457614161074162]}