{"dpearsonr": [0.0780643818611098, 0.07611421486486152, 0.06816593413402317, 0.1039248777510708, 0.08107073348572101], "dspearmanr": [0.07044216937517733, 0.08124003436769885, 0.07606487213361435, 0.0957859600508736, 0.0926062135631126], "drmse": [0.01631966419517994, 0.016142835840582848, 0.016186365857720375, 0.015870142728090286, 0.015990955755114555], "cpearsonr": [0.7469756398339993, 0.7469685018223462, 0.7465186484851686, 0.7471871149754079, 0.7469844444664904], "cspearmanr": [0.7024544323971657, 0.7026057334111708, 0.7011299119674064, 0.7021700071794765, 0.7022416625706455], "crmse": [0.01620723493397236, 0.016028746962547302, 0.016063783317804337, 0.015760624781250954, 0.01587744988501072]}