{"dpearsonr": [NaN, NaN, NaN, NaN, NaN], "dspearmanr": [NaN, NaN, NaN, NaN, NaN], "drmse": [0.01779458113014698, 0.015375567600131035, 0.013499130494892597, 0.013432196341454983, 0.014145854860544205], "cpearsonr": [0.729619128236294, 0.7125400970302104, 0.7280332226596535, 0.7273410674937533, 0.7438133276781905], "cspearmanr": [0.6895135243458032, 0.670416944531899, 0.681906361829955, 0.6729201462349181, 0.704291246265949], "crmse": [0.01805761456489563, 0.015471938997507095, 0.013523904606699944, 0.01344885304570198, 0.014438802376389503]}