{"dpearsonr": [NaN, NaN, NaN, NaN, NaN], "dspearmanr": [NaN, NaN, NaN, NaN, NaN], "drmse": [0.01643996126949787, 0.01622326485812664, 0.01609737239778042, 0.016152063384652138, 0.01628733240067959], "cpearsonr": [0.7463520532820564, 0.7463390987389292, 0.7466627260659896, 0.7465843978532191, 0.7467557894486272], "cspearmanr": [0.7018323907801495, 0.7020809272701662, 0.7035372104485244, 0.7025239108487382, 0.7014691081519198], "crmse": [0.0163017138838768, 0.01610104739665985, 0.015978185459971428, 0.01602889783680439, 0.016160961240530014]}