{"dpearsonr": [NaN, NaN, NaN, NaN, NaN], "drmse": [0.08510152995586395, 0.08496537059545517, 0.09000392258167267, 0.09371541440486908, 0.09807649999856949], "cpearsonr": [0.7433521652589017, 0.7294537737004844, 0.716355515777209, 0.7212426435125636, 0.7307123041682648], "crmse": [0.08539397269487381, 0.08509913831949234, 0.08963646739721298, 0.09384427219629288, 0.09838700294494629]}