{"dpearsonr": [0.09441772070886004, 0.0826324195442857, 0.06077813894200718, 0.1058738977023257, 0.08707672779414743], "dspearmanr": [0.08792855859162907, 0.08675817184375613, 0.09369958831265365, 0.10974775930325326, 0.10276811473180625], "drmse": [0.01621611975133419, 0.016151364892721176, 0.016233455389738083, 0.01589108258485794, 0.015960875898599625], "cpearsonr": [0.7467293499230673, 0.7468653754671455, 0.746457586197095, 0.7472760076964245, 0.7469322014439045], "cspearmanr": [0.7022899457857925, 0.7028603711885787, 0.7013613314779011, 0.702146280839263, 0.7021758796771163], "crmse": [0.01613561250269413, 0.016032272949814796, 0.016110192984342575, 0.015781821683049202, 0.01585058867931366]}