{"dpearsonr": [0.08982684355298737, 0.08057661735023869, 0.07467678425460549, 0.10199932870856306, 0.08062956773940735], "dspearmanr": [0.09388958838654388, 0.07203133908894481, 0.08892810005757833, 0.09365429831422119, 0.08371020809794458], "drmse": [0.014501245692372322, 0.015464391559362411, 0.015074661001563072, 0.01468057930469513, 0.014370625838637352], "cpearsonr": [0.7358789269859992, 0.7376758462401616, 0.730614884619849, 0.7183447235386777, 0.7235153896912055], "cspearmanr": [0.692273924832765, 0.687474292863608, 0.6866386151568605, 0.6800643690076689, 0.6750234363127416], "crmse": [0.015014255419373512, 0.01555009838193655, 0.014965958893299103, 0.01468690112233162, 0.01448401901870966]}