{"dpearsonr": [0.40095457363887615, 0.3983463925551, 0.4461411970165435, 0.41121473095306804, 0.4337387635982812], "dspearmanr": [0.3592097573693094, 0.35567057749962283, 0.4264887175690081, 0.37984650533974923, 0.38134985604569877], "drmse": [0.011087101884186268, 0.012484370730817318, 0.01119549386203289, 0.011600644327700138, 0.01128047239035368], "cpearsonr": [0.7867023752470798, 0.7854496901881773, 0.7824612659386231, 0.7662356210484651, 0.7757204216478849], "cspearmanr": [0.7451982010833647, 0.7435278635214511, 0.7440722825105345, 0.7315753099011499, 0.7318345005027965], "crmse": [0.011439925990998745, 0.012456086464226246, 0.011200028471648693, 0.011702321469783783, 0.011386911384761333]}