{"dpearsonr": [0.3758177768016862, 0.3726993087987085, 0.427396517176093, 0.4023711482225679, 0.4131121993238841], "dspearmanr": [0.3350898726929351, 0.33853947617036656, 0.40236286476225613, 0.37396944950517, 0.34767441481150735], "drmse": [0.011550785042345524, 0.01264672540128231, 0.01139802485704422, 0.011808950453996658, 0.011537624523043633], "cpearsonr": [0.7833875811911851, 0.7828456842240705, 0.7774780893440574, 0.7624621114882981, 0.7715424508830635], "cspearmanr": [0.7424361994248464, 0.7429695868506745, 0.7385505339056122, 0.7311178631510514, 0.7283088176427246], "crmse": [0.012005134485661983, 0.012602480128407478, 0.011390015482902527, 0.011905156075954437, 0.011608879081904888]}