{"dpearsonr": [-Infinity, -Infinity, Infinity, -0.0013278613699402393, -Infinity], "drmse": [0.0844464898109436, 0.08226519078016281, 0.08557365089654922, 0.08367092162370682, 0.08464188873767853], "cpearsonr": [0.7394656182012272, 0.7397711162468331, 0.7402456317263496, 0.7404413718125397, 0.7397904145307982], "crmse": [0.0851103812456131, 0.08289201557636261, 0.08621115237474442, 0.08430220186710358, 0.08531077951192856]}