{"dpearsonr": [-Infinity, -Infinity, Infinity, 0.00071146335037417, Infinity], "drmse": [0.08597169071435928, 0.09222836792469025, 0.09889634698629379, 0.09598806500434875, 0.0890597254037857], "cpearsonr": [0.7295288984490557, 0.7129756198439141, 0.7279812792506789, 0.7268556798576798, 0.7436582699542522], "crmse": [0.08616660535335541, 0.09200674295425415, 0.09919723123311996, 0.0964987725019455, 0.0887879803776741]}