{"dpearsonr": [NaN, NaN, NaN, NaN, NaN], "drmse": [0.08681664615869522, 0.08810772746801376, 0.09170151501893997, 0.09261272102594376, 0.09648717194795609], "cpearsonr": [0.7378949736968814, 0.7270542206944824, 0.7110437764714311, 0.7150180031926903, 0.7242644620065481], "crmse": [0.08709771186113358, 0.08820842206478119, 0.09133276343345642, 0.09273920953273773, 0.09678757190704346]}