{"dpearsonr": [0.3833066858440521, 0.37935785919605575, 0.4423795302324385, 0.40726506210324076, 0.4027189097615552], "dspearmanr": [0.3365313881881528, 0.3530226111794767, 0.42084516695536817, 0.37766026297206956, 0.34163881852410716], "drmse": [0.011239522136747837, 0.012941116467118263, 0.01120043359696865, 0.011668255552649498, 0.011693103238940239], "cpearsonr": [0.7855113390527296, 0.7883200384376597, 0.7807729713846085, 0.7650758574883125, 0.7747189160208423], "cspearmanr": [0.7435302387703897, 0.7485321080488625, 0.7405880256813883, 0.7297449583654299, 0.7317321864112807], "crmse": [0.011606758460402489, 0.012896543368697166, 0.011203359812498093, 0.01176777295768261, 0.01177903451025486]}