{"dpearsonr": [NaN, NaN, NaN, NaN, NaN], "drmse": [0.09011437743902206, 0.08469642698764801, 0.0915689691901207, 0.09552524238824844, 0.09737341850996017], "cpearsonr": [0.743270361712382, 0.7294966981749442, 0.7162370911730348, 0.7214339756999362, 0.7310122516166639], "crmse": [0.09041199088096619, 0.08483561128377914, 0.09119168668985367, 0.09565428644418716, 0.09768600761890411]}