{"dpearsonr": [NaN, NaN, NaN, NaN, NaN], "drmse": [0.08814636617898941, 0.08464179933071136, 0.09072210639715195, 0.09599728882312775, 0.09641241282224655], "cpearsonr": [0.743353509086145, 0.7294559677599236, 0.7163236215965644, 0.7214030948812742, 0.7311825350686871], "crmse": [0.08844111859798431, 0.08478140085935593, 0.09034492820501328, 0.0961252823472023, 0.09671895951032639]}