{"dpearsonr": [0.09924302048998698, 0.1384057680315311, 0.08920263216157094, 0.09266281440474078, 0.10761127520829634], "dspearmanr": [0.11731322124243067, 0.14288513380704387, 0.08241201979781214, 0.11850632099829395, 0.15199644258946643], "drmse": [6.145553112030029, 3.527639150619507, 3.405604839324951, 5.277634620666504, 3.80256724357605], "cpearsonr": [0.7196150411710335, 0.7473723859177681, 0.7668456915261327, 0.7184469645133517, 0.7493796056341393], "cspearmanr": [0.7527350515226086, 0.7702962729724806, 0.7861525185694563, 0.7427764610435373, 0.7784323678545497], "crmse": [6.4638166427612305, 3.701943874359131, 3.6381311416625977, 5.279029369354248, 3.7571072578430176]}