{"dpearsonr": [0.0983188311807995, 0.11811537050007849, 0.08897534507456925, 0.09938457265032456, 0.09870337857980262], "dspearmanr": [0.08076608966531043, 0.1870811436813214, 0.08835391702430084, 0.11791656379036078, 0.09730561807378454], "drmse": [5.949040412902832, 3.8067498207092285, 3.4555118083953857, 5.270648002624512, 3.824847459793091], "cpearsonr": [0.7179742268156917, 0.7381341196018095, 0.7665872050689532, 0.7207020597221526, 0.7489529450349665], "cspearmanr": [0.7542890425137948, 0.7677527870726546, 0.7841877132051362, 0.7456434257610394, 0.7709908092260548], "crmse": [6.374105930328369, 4.052403926849365, 3.7047712802886963, 5.259539604187012, 3.7850396633148193]}