{"dpearsonr": [0.10224707914293354, 0.10833071615410969, 0.09985925333593719, 0.07519772579434554, 0.11157972139797338], "dspearmanr": [0.07864588865181601, 0.1582212867508095, 0.09027435069409953, 0.08026013953907277, 0.10357804198319902], "drmse": [6.02048397064209, 3.792175531387329, 3.279409646987915, 5.091813087463379, 4.029105186462402], "cpearsonr": [0.7173585318275594, 0.7382313451858185, 0.7670734466337928, 0.7167663986550716, 0.7485099677425497], "cspearmanr": [0.7526391034529893, 0.7661805028679256, 0.7856655799318905, 0.7460272307208834, 0.7800187908149897], "crmse": [6.476557731628418, 4.0445942878723145, 3.494046688079834, 5.09536075592041, 4.031044960021973]}