{"dpearsonr": [0.2783318105409397, 0.29301002323464886, 0.29258679669115684, 0.3046704193530074, 0.3182745703454982], "dspearmanr": [0.2606598734439205, 0.2540813978177792, 0.2750773281923881, 0.2557945393817568, 0.26494087722730003], "drmse": [0.012693211436271667, 0.014441088773310184, 0.013562253676354885, 0.01340174674987793, 0.012803727760910988], "cpearsonr": [0.7660504755124018, 0.7643091692639981, 0.7566827837678902, 0.7458516917489608, 0.7539037922784315], "cspearmanr": [0.722139362931032, 0.7199896397166159, 0.715856019939218, 0.7085678264082745, 0.7083034950497913], "crmse": [0.013039367273449898, 0.014456557109951973, 0.013594350777566433, 0.013446163386106491, 0.01289458479732275]}