{"dpearsonr": [0.34964465580126375, 0.3477292812438297, 0.4036913784030674, 0.3442128826741198, 0.36367232743356626], "dspearmanr": [0.3083823090145496, 0.3154774765877417, 0.38321223359918616, 0.3179145058290602, 0.3017173136134248], "drmse": [0.011937905102968216, 0.013321965001523495, 0.011874070391058922, 0.012618266977369785, 0.012129213660955429], "cpearsonr": [0.7806492090249743, 0.7797218647465752, 0.7763718336045794, 0.7576389966742535, 0.7710061259074513], "cspearmanr": [0.7392026109965457, 0.7397534020870156, 0.7363184688933053, 0.7247690218545403, 0.7242631443751993], "crmse": [0.012295521795749664, 0.01327762845903635, 0.011881905607879162, 0.012717870995402336, 0.012209518812596798]}