{"dpearsonr": [0.36524891665604453, 0.3706574012097243, 0.4214470388368461, 0.36402138973974296, 0.389621159838932], "dspearmanr": [0.30897387485942984, 0.32722255405864437, 0.3859115528832354, 0.3385499362222054, 0.3279406830806557], "drmse": [0.011759473010897636, 0.013094504363834858, 0.011565987952053547, 0.012136762961745262, 0.0119107561185956], "cpearsonr": [0.7773513394393958, 0.7824361302286934, 0.7777506387690452, 0.7604501460127899, 0.7724816660213261], "cspearmanr": [0.738376854846902, 0.74256869905859, 0.7383249218277025, 0.7281120807295508, 0.727032453421107], "crmse": [0.012070157565176487, 0.013073794543743134, 0.011545988731086254, 0.01222665049135685, 0.012007842771708965]}