{"dpearsonr": [0.38158216839949116, 0.39305614576040226, 0.4471395512488966, 0.417823735117825, 0.4254658021114643], "dspearmanr": [0.3324524424480166, 0.34964729385718135, 0.4191088579345199, 0.39200404859720384, 0.37193598291686836], "drmse": [0.011229154653847218, 0.012536978349089622, 0.01105229277163744, 0.011585353873670101, 0.011237087659537792], "cpearsonr": [0.7870882339854449, 0.7842286831987978, 0.7826024971740071, 0.7655236454706049, 0.773581427552071], "cspearmanr": [0.7441344617631279, 0.7434003051030762, 0.738377568843454, 0.7300295639792554, 0.7291897553188766], "crmse": [0.01162028405815363, 0.012494005262851715, 0.011024854145944118, 0.011705068871378899, 0.011322724632918835]}