{"dpearsonr": [0.35661517160225453, 0.3729214825487389, 0.4413009383716343, 0.40007601150445465, 0.41447986887805216], "dspearmanr": [0.3094948269451173, 0.33645218111800784, 0.4065430232560754, 0.37068909704579744, 0.3529471252940336], "drmse": [0.011719271540641785, 0.012868581339716911, 0.01140422560274601, 0.011640619486570358, 0.011350675486028194], "cpearsonr": [0.7816221205648853, 0.7837481896002622, 0.7807650846719514, 0.7638891041329664, 0.7724615281420997], "cspearmanr": [0.7408588385756758, 0.7419981777203603, 0.7387277665229791, 0.7277177539251865, 0.7265759221259678], "crmse": [0.012132062576711178, 0.012831431813538074, 0.011378519237041473, 0.0117415189743042, 0.011449809186160564]}