{"dpearsonr": [0.27200298155423847, 0.29953519446669824, 0.30963968131875225, 0.28241674667860767, 0.3193043770236674], "dspearmanr": [0.22533998553578535, 0.25842773744652175, 0.2734448056463743, 0.2615106430013481, 0.24300082666621353], "drmse": [0.013096311129629612, 0.013512134552001953, 0.012872828170657158, 0.01290953904390335, 0.012515242211520672], "cpearsonr": [0.7367913318169654, 0.7550474157791423, 0.7458852866189973, 0.7368546741473172, 0.7390398034315679], "cspearmanr": [0.6924425719164998, 0.7055773166007108, 0.7030462812597518, 0.6997460574524196, 0.6900282884286415], "crmse": [0.01354997605085373, 0.013474763371050358, 0.01287437230348587, 0.012975089251995087, 0.012610136531293392]}