{"dpearsonr": [NaN, NaN, NaN, NaN, NaN], "drmse": [0.08665580302476883, 0.08327372372150421, 0.08948223292827606, 0.09321580082178116, 0.0968734547495842], "cpearsonr": [0.7429358300927107, 0.7294942998708125, 0.7160079608240963, 0.7208184441702443, 0.7301885342824715], "crmse": [0.08694949001073837, 0.08340861648321152, 0.08911549299955368, 0.0933428406715393, 0.09717956930398941]}