{"dpearsonr": [NaN, NaN, NaN, NaN, NaN], "drmse": [0.08877770602703094, 0.08630913496017456, 0.09328185021877289, 0.09584111720323563, 0.09560137987136841], "cpearsonr": [0.7431243681332559, 0.7294774399304432, 0.7162639606764164, 0.7206663026799224, 0.730261028914975], "crmse": [0.0890745148062706, 0.08643712848424911, 0.09290890395641327, 0.09596823155879974, 0.09590461850166321]}