{"dpearsonr": [NaN, NaN, NaN, NaN, NaN], "drmse": [0.08544223010540009, 0.08654589205980301, 0.09200186282396317, 0.09328008443117142, 0.09816034138202667], "cpearsonr": [0.7434210475381702, 0.7294843927607105, 0.7163567634334507, 0.7215010647481641, 0.7310385217022054], "crmse": [0.08573552221059799, 0.08668218553066254, 0.09162629395723343, 0.09340763092041016, 0.0984669178724289]}