{"dpearsonr": [NaN, NaN, NaN, NaN, NaN], "drmse": [0.08848636597394943, 0.08649522811174393, 0.09206483513116837, 0.09653487056493759, 0.09788556396961212], "cpearsonr": [0.7434449454444343, 0.7293582662876823, 0.7164325940776985, 0.721329855548372, 0.7311481981652252], "crmse": [0.08878391236066818, 0.0866280049085617, 0.09169097244739532, 0.09666536748409271, 0.09819520264863968]}