{"dpearsonr": [0.06834140247769642, 0.07618402612646223, 0.07305920636830102, 0.06444821956386246, 0.07714085669014302], "dspearmanr": [0.06894384016538742, 0.0797424878237189, 0.07073501703604158, 0.06856149463597104, 0.07835441074074549], "drmse": [0.01483149640262127, 0.016775071620941162, 0.016952520236372948, 0.017527056857943535, 0.015607140026986599], "cpearsonr": [0.73166641894979, 0.7351619638469407, 0.7237379705781254, 0.71346923208462, 0.7190784360414031], "cspearmanr": [0.6908042663778406, 0.6879562463415855, 0.684208595484387, 0.6792404405280981, 0.6745300585349763], "crmse": [0.015339318662881851, 0.016819382086396217, 0.016954392194747925, 0.017442919313907623, 0.015694977715611458]}