{"dpearsonr": [0.08644111992214316, 0.09725488700362034, 0.06001771800843313, 0.054242247169357556, 0.0645690990277379], "dspearmanr": [0.09362973643905212, 0.09888806454058437, 0.06388487058950298, 0.05793489950856406, 0.07180448453708944], "drmse": [0.016745075583457947, 0.01665361598134041, 0.017505556344985962, 0.01714489981532097, 0.017059892416000366], "cpearsonr": [0.7431013995798331, 0.7440541066470044, 0.7407899538469859, 0.742906625805398, 0.7425890974531143], "cspearmanr": [0.7015950272546102, 0.7010185502177663, 0.6986105536908344, 0.7017031487543298, 0.7006093732160088], "crmse": [0.016626158729195595, 0.016572797670960426, 0.017419999465346336, 0.017064649611711502, 0.01692275144159794]}