{"dpearsonr": [0.0764294250690953, 0.09465300681689938, 0.06472188523972529, 0.07918975922185721, 0.07251972876348643], "dspearmanr": [0.08716813896513699, 0.08417104651731334, 0.060016721769771054, 0.0831346291667145, 0.07314048579574005], "drmse": [0.01482135895639658, 0.01615600287914276, 0.018297826871275902, 0.016596781089901924, 0.01597222127020359], "cpearsonr": [0.7317810706743768, 0.7356566472635888, 0.720852813305716, 0.7148419393553916, 0.7185540266805728], "cspearmanr": [0.6910088945142426, 0.6869878628983094, 0.684831472516877, 0.6801463497089076, 0.6737960429480454], "crmse": [0.015349102206528187, 0.016277650371193886, 0.01821768283843994, 0.016525693237781525, 0.01601235941052437]}