{"dpearsonr": [0.07394593646197939, 0.09153717392069159, 0.056744620064135304, 0.06799708037617322, 0.05619742156359655], "dspearmanr": [0.07438176606581048, 0.09508229039061657, 0.06696325610885533, 0.06939966404391018, 0.06232284557396476], "drmse": [0.01672487147152424, 0.01701929047703743, 0.0170163344591856, 0.017361748963594437, 0.016896944493055344], "cpearsonr": [0.7435764722644888, 0.7420883864387187, 0.7417950298837735, 0.7419736209075013, 0.7416204408944914], "cspearmanr": [0.7009171514336553, 0.7009489900363708, 0.6989788012429524, 0.7009686449768399, 0.6999566145255794], "crmse": [0.016600796952843666, 0.01691056415438652, 0.01689630188047886, 0.017292266711592674, 0.016781693324446678]}