{"dpearsonr": [0.2792666437241621, 0.28395598589576215, 0.3544130826545398, 0.28172550963508924, 0.31916631697416636], "dspearmanr": [0.21554647057446755, 0.2357767433798577, 0.322917435070149, 0.27349253414749064, 0.23894895893527865], "drmse": [0.01312271412461996, 0.014834195375442505, 0.01244635134935379, 0.013734682463109493, 0.0133649418130517], "cpearsonr": [0.7363179591934644, 0.739509448144977, 0.7506023031864504, 0.7201028555364899, 0.7252491302710514], "cspearmanr": [0.6920596540962745, 0.6878645347322582, 0.7082220422940184, 0.6811594054609147, 0.6752825277389732], "crmse": [0.013565294444561005, 0.014784119091928005, 0.012456778436899185, 0.01376925129443407, 0.0134652154520154]}