{"dpearsonr": [0.40338134344417526, 0.4095732831945135, 0.44291408346359745, 0.41055265564868976, 0.4322662524712408], "dspearmanr": [0.35571066404470586, 0.3697500271036052, 0.4119035197889058, 0.37803859499782855, 0.3756207923041398], "drmse": [0.01107925083488226, 0.012422323226928711, 0.011211211793124676, 0.011623618192970753, 0.01121039129793644], "cpearsonr": [0.7849729536288542, 0.7864420774574631, 0.782666471012495, 0.7643867203177015, 0.7732915560381931], "cspearmanr": [0.7459449506804504, 0.7468616678493227, 0.7417703007340405, 0.7304698418703495, 0.7288369815944171], "crmse": [0.01145003642886877, 0.012378950603306293, 0.011191432364284992, 0.01171446219086647, 0.011299824342131615]}