{"dpearsonr": [0.13822648009830749], "drmse": [0.09207365661859512], "cpearsonr": [0.7303455576044983], "crmse": [0.09216685593128204]}