{"dpearsonr": [0.1372452424555107], "drmse": [0.09214024245738983], "cpearsonr": [0.730346763782593], "crmse": [0.09222884476184845]}