{"dpearsonr": [0.16748426296907604], "drmse": [0.09203136712312698], "cpearsonr": [0.7301988624973768], "crmse": [0.09212365001440048]}