{"dpearsonr": [NaN, NaN, NaN, NaN, NaN], "drmse": [0.08290866762399673, 0.0837860032916069, 0.0837889313697815, 0.08465667068958282, 0.0835915207862854], "cpearsonr": [0.739485944500049, 0.7396935494980561, 0.7402293753276511, 0.7404157988818098, 0.7396786023974], "crmse": [0.08355662971735, 0.08443452417850494, 0.08441298454999924, 0.08529095351696014, 0.08425211906433105]}