{"dpearsonr": [NaN, NaN, NaN, NaN, NaN], "drmse": [0.084438756108284, 0.09385515004396439, 0.09691477566957474, 0.097064308822155, 0.08795773237943649], "cpearsonr": [0.7295768212821345, 0.7128371657864586, 0.7279946101269703, 0.7268629445902138, 0.7435710470927628], "crmse": [0.08463408052921295, 0.09363503009080887, 0.09721171110868454, 0.09757889062166214, 0.0876869484782219]}