{"dpearsonr": [0.07666249417578595, 0.07365721278180896, 0.08777400341755122, 0.12916286185140405, 0.07788085488790895], "dspearmanr": [0.06391531604710657, 0.07654342515815309, 0.09506177114643799, 0.10792221821529158, 0.08591049111055044], "drmse": [0.01401284709572792, 0.015508917160332203, 0.015025923028588295, 0.014616359025239944, 0.014377502724528313], "cpearsonr": [0.7355244698442938, 0.737387803461508, 0.7306021926875039, 0.718718624004367, 0.7236543550855781], "cspearmanr": [0.6921812891686306, 0.6878140970991692, 0.6865712065430323, 0.6803883554551973, 0.6751366862250479], "crmse": [0.014579999260604382, 0.015617216005921364, 0.01492864266037941, 0.014633211307227612, 0.014490536414086819]}