{"dpearsonr": [0.08258356321454885, 0.06262766005858361, 0.09004992131258485, 0.10923519893879839, 0.074812862244145], "dspearmanr": [0.08402925729835374, 0.07208736478236534, 0.09328389183971565, 0.09721113016460034, 0.07929614741718179], "drmse": [0.016040030866861343, 0.01619274728000164, 0.01605544611811638, 0.015834473073482513, 0.016031544655561447], "cpearsonr": [0.7468588128579147, 0.7467977282731166, 0.7464307654819465, 0.7475323264347236, 0.7469944867506896], "cspearmanr": [0.7023727532219723, 0.7027623726084552, 0.7011082342670858, 0.7023188241246333, 0.702363740964359], "crmse": [0.01592486910521984, 0.01607135683298111, 0.01594448834657669, 0.01572376675903797, 0.015914281830191612]}