{"dpearsonr": [NaN, NaN, NaN, NaN, NaN], "dspearmanr": [NaN, NaN, NaN, NaN, NaN], "drmse": [0.01638840325176716, 0.016186943277716637, 0.01611841283738613, 0.016095224767923355, 0.016261592507362366], "cpearsonr": [0.7464745621767093, 0.746518254590288, 0.7464601953481593, 0.7469646435874109, 0.7468305424616719], "cspearmanr": [0.7019200484729852, 0.7019373776801993, 0.7033657886556797, 0.7022393481670336, 0.7018016715873275], "crmse": [0.01625354401767254, 0.016067292541265488, 0.015998518094420433, 0.01597718335688114, 0.016136808320879936]}