{"dpearsonr": [NaN, NaN, NaN, NaN, NaN], "dspearmanr": [NaN, NaN, NaN, NaN, NaN], "drmse": [0.017743803560733795, 0.015374192968010902, 0.013492505066096783, 0.013453756459057331, 0.014130274765193462], "cpearsonr": [0.7296212352933876, 0.7126467628120151, 0.728019997777934, 0.7272041882645277, 0.7438887067943463], "cspearmanr": [0.6895708260490856, 0.6704645483788712, 0.6820050004232112, 0.6728745741821373, 0.7044636552232993], "crmse": [0.01800740510225296, 0.015469873324036598, 0.013517356477677822, 0.013473629020154476, 0.014420496299862862]}