{"dpearsonr": [NaN, NaN, NaN, NaN, NaN], "drmse": [0.08898556977510452, 0.08506464213132858, 0.09226392954587936, 0.09595770388841629, 0.0977315828204155], "cpearsonr": [0.743297415677551, 0.7293892704005959, 0.7163792651537616, 0.7213539774475393, 0.7310585603644765], "crmse": [0.08928205817937851, 0.08520318567752838, 0.09188684076070786, 0.09608675539493561, 0.09804307669401169]}