{"dpearsonr": [NaN, NaN, NaN, NaN, NaN], "drmse": [0.08228833973407745, 0.08140583336353302, 0.0850771814584732, 0.08425679057836533, 0.08313687890768051], "cpearsonr": [0.739442648137917, 0.7397406906157539, 0.740196532309994, 0.7404255438885288, 0.7397482272266022], "crmse": [0.08293137699365616, 0.08203533291816711, 0.0857076644897461, 0.08488567173480988, 0.08379240334033966]}