{"dpearsonr": [NaN, NaN, NaN, NaN, NaN], "drmse": [0.08381734043359756, 0.09129398316144943, 0.09834597259759903, 0.0966259315609932, 0.08748353272676468], "cpearsonr": [0.7295671710761967, 0.7129244623551533, 0.7278181264549849, 0.7266638271693795, 0.7436140132306628], "crmse": [0.0840117335319519, 0.09107803553342819, 0.09864781051874161, 0.09714201837778091, 0.08721413463354111]}