{"dpearsonr": [0.3818529907092227, 0.35045740636501965, 0.4255464507231624, 0.3781794278359002, 0.40503594451317076], "dspearmanr": [0.3288109118478214, 0.32053639531024986, 0.39275281940233625, 0.3460129325796458, 0.34325391572633235], "drmse": [0.011338500306010246, 0.01303549949079752, 0.011626002378761768, 0.011988019570708275, 0.01172428485006094], "cpearsonr": [0.7830388552221894, 0.7841380720802135, 0.7781006923023741, 0.7603629434958998, 0.7708690595943735], "cspearmanr": [0.7420963986839777, 0.7429249469612145, 0.7368303714593393, 0.7281838920539844, 0.7264236484535409], "crmse": [0.011601793579757214, 0.012992682866752148, 0.011585739441215992, 0.012083612382411957, 0.011824195273220539]}