{"dpearsonr": [NaN, NaN, NaN, NaN, NaN], "drmse": [0.08801054209470749, 0.08626510202884674, 0.09145903587341309, 0.09548628330230713, 0.09661150723695755], "cpearsonr": [0.7434036367602803, 0.72935944384058, 0.716239862105744, 0.7213619881055432, 0.7309523504692743], "crmse": [0.08830738067626953, 0.08639908581972122, 0.09108512848615646, 0.09561757743358612, 0.09692123532295227]}