{"dpearsonr": [NaN, NaN, NaN, NaN, NaN], "drmse": [0.08237027376890182, 0.08275384455919266, 0.08423079550266266, 0.08393783122301102, 0.082978256046772], "cpearsonr": [0.7394626688846351, 0.7397391435063565, 0.7401800153733742, 0.7403590633014316, 0.7396347682007464], "crmse": [0.08301932364702225, 0.0833868533372879, 0.08486132323741913, 0.08456659317016602, 0.0836329385638237]}