{"dpearsonr": [NaN, NaN, NaN, NaN, NaN], "drmse": [0.08389774709939957, 0.09275402873754501, 0.09740064293146133, 0.0962742492556572, 0.08731461316347122], "cpearsonr": [0.729607143331355, 0.7127887832463174, 0.7279507342129806, 0.7265874696424198, 0.7435105088532074], "crmse": [0.0840938463807106, 0.09253263473510742, 0.09769950062036514, 0.09678412973880768, 0.0870453342795372]}