{"dpearsonr": [NaN, NaN, NaN, Infinity, NaN], "drmse": [0.08227624744176865, 0.09188758581876755, 0.09499277174472809, 0.09410517662763596, 0.08791065216064453], "cpearsonr": [0.729604731597347, 0.7129120187376065, 0.7281480576821595, 0.7267778477191126, 0.7436161175105517], "crmse": [0.08247330784797668, 0.09166859090328217, 0.09528996795415878, 0.09460920095443726, 0.08764289319515228]}