{"dpearsonr": [NaN, NaN, NaN, NaN, NaN], "drmse": [0.08074907958507538, 0.08195554465055466, 0.08206147700548172, 0.08196964114904404, 0.08354915678501129], "cpearsonr": [0.7395219582545046, 0.7397041782773448, 0.740246265367749, 0.7404749236562203, 0.7397064299971812], "crmse": [0.08138725161552429, 0.08258933573961258, 0.0826801210641861, 0.08258876949548721, 0.08421087265014648]}