{"dpearsonr": [0.001896204120172953, Infinity, -0.0006079782833889644, Infinity, 0.006487415570303787], "drmse": [0.08089504390954971, 0.08274137228727341, 0.08259778469800949, 0.08152715861797333, 0.08124470710754395], "cpearsonr": [0.7394835298133356, 0.7397026469268527, 0.7401634227978912, 0.7403201781980049, 0.7396380817479351], "crmse": [0.0815393328666687, 0.0833791047334671, 0.08322098851203918, 0.08215165883302689, 0.08189354091882706]}