{"dpearsonr": [0.003156374580041218, -Infinity, 0.006752976323473984, -Infinity, -0.012566347994440003], "drmse": [0.08241403847932816, 0.09272436052560806, 0.09559331089258194, 0.09360676258802414, 0.08549822866916656], "cpearsonr": [0.7295563567812533, 0.7128234774475345, 0.7276768279946704, 0.7267308558535275, 0.7436815677688764], "crmse": [0.08260980993509293, 0.09250450134277344, 0.09588988870382309, 0.09411291778087616, 0.08523432910442352]}