{"dpearsonr": [0.4059494252246327, 0.41490186225515413, 0.4472172382918093, 0.41556607307574406, 0.44352607622113727], "dspearmanr": [0.35091767842364974, 0.37274320677838496, 0.41599215134754547, 0.37466794340394677, 0.3850370012926236], "drmse": [0.011113223619759083, 0.012235553935170174, 0.01129777729511261, 0.011629404500126839, 0.01111733540892601], "cpearsonr": [0.7870297621999065, 0.7892898551131416, 0.7843080307604642, 0.7671849297427579, 0.7761211816748745], "cspearmanr": [0.7446963955666996, 0.7462278999439913, 0.7421978639346442, 0.730189514117145, 0.73179054443481], "crmse": [0.011514202691614628, 0.01221533864736557, 0.011280893348157406, 0.011761104688048363, 0.011224334128201008]}