{"dpearsonr": [NaN, NaN, NaN, NaN, NaN], "drmse": [0.08761458098888397, 0.08570189774036407, 0.09220058470964432, 0.09580949693918228, 0.098046213388443], "cpearsonr": [0.7433733650166031, 0.7294237853966955, 0.7164200490210625, 0.7213694502793099, 0.7309472979553487], "crmse": [0.08791156858205795, 0.08583828806877136, 0.0918208584189415, 0.09593736380338669, 0.09835197776556015]}