{"dpearsonr": [NaN, NaN, NaN, NaN, NaN], "drmse": [0.3713178038597107, 0.39913350343704224, 0.3198774456977844, 0.36928021907806396, 0.39097079634666443], "cpearsonr": [0.02659632952969385, -0.05798587033076941, 0.057150013627432994, -0.060626376012235375, -0.03374847458301313], "crmse": [0.3723355531692505, 0.39860254526138306, 0.3204718828201294, 0.37023138999938965, 0.39125630259513855]}