{"dpearsonr": [NaN, NaN, NaN, NaN, NaN], "drmse": [0.30993884801864624, 0.38352805376052856, 0.3440506160259247, 0.3769438862800598, 0.3276642858982086], "cpearsonr": [0.11533958751214093, 0.0017018735893533522, 0.03698740383927272, 0.07013645697712387, 0.09995428960657426], "crmse": [0.30942192673683167, 0.38372424244880676, 0.3445960581302643, 0.3769231140613556, 0.3295275866985321]}