{"dpearsonr": [NaN, NaN, NaN, NaN, NaN], "drmse": [0.3392045795917511, 0.3579700291156769, 0.3276130259037018, 0.32780590653419495, 0.38881781697273254], "cpearsonr": [0.06532465469803243, -0.08397400558831414, 0.08405850861951009, -0.009118460090063495, -0.0534178232531081], "crmse": [0.34142595529556274, 0.3587917983531952, 0.329692006111145, 0.3284042477607727, 0.39041373133659363]}