{"dpearsonr": [NaN, NaN, NaN, NaN, NaN], "drmse": [0.29843637347221375, 0.3863281011581421, 0.3185540735721588, 0.3447568714618683, 0.3275489807128906], "cpearsonr": [0.0634316513825185, -0.024304922036687188, 0.06075925846366527, 0.11162562503846873, 0.10369932430206327], "crmse": [0.30309098958969116, 0.38474103808403015, 0.3255177140235901, 0.34659603238105774, 0.33077919483184814]}