{"dpearsonr": [NaN, NaN, NaN, NaN, NaN], "drmse": [0.3558626174926758, 0.2850472331047058, 0.3423774540424347, 0.35352328419685364, 0.35098525881767273], "cpearsonr": [0.07391703576568516, 0.2203523704209918, -0.10006626517182099, 0.012602373373632432, 0.014491243112604434], "crmse": [0.35761937499046326, 0.2848546504974365, 0.342266321182251, 0.3503579795360565, 0.35111263394355774]}