{"dpearsonr": [NaN, NaN, NaN, NaN, NaN], "drmse": [0.328662246465683, 0.38968220353126526, 0.3260643184185028, 0.3718903362751007, 0.3263692259788513], "cpearsonr": [0.1278240714787836, 0.13360861649255942, -0.02730555649523435, -0.09153730680450822, 0.22666417778316852], "crmse": [0.3270171880722046, 0.3960196077823639, 0.328873872756958, 0.37232229113578796, 0.3220102787017822]}