{"dpearsonr": [-0.04481919541297467, 0.01619214772472591, -0.005226263026528398, NaN, -0.015984838430695644], "drmse": [0.31287920475006104, 0.31937602162361145, 0.3472144305706024, 0.3165884017944336, 0.25721362233161926], "cpearsonr": [0.005966027630673103, 0.08583618171343463, 0.11418621305139551, 0.08016652869151815, 0.20038644765851424], "crmse": [0.3150987923145294, 0.317394882440567, 0.3471333384513855, 0.31501275300979614, 0.25689220428466797]}