{"dpearsonr": [NaN, NaN, NaN, NaN, NaN], "drmse": [0.32960736751556396, 0.4016733765602112, 0.33361342549324036, 0.3825778663158417, 0.33014997839927673], "cpearsonr": [0.1271255407531375, 0.13791193968617033, -0.03845369202887916, -0.1037858655306836, 0.23203842326806443], "crmse": [0.3298293352127075, 0.40315255522727966, 0.334850549697876, 0.38185665011405945, 0.32789990305900574]}