{"dpearsonr": [NaN, NaN, NaN, NaN, NaN], "drmse": [0.3299851715564728, 0.3409487307071686, 0.35473814606666565, 0.4037158787250519, 0.31218603253364563], "cpearsonr": [0.026879634353786402, 0.028538451274460884, 0.011478593366689334, 0.0061050009714496796, 0.024297741833775487], "crmse": [0.3289889693260193, 0.3458542823791504, 0.36066076159477234, 0.4084838628768921, 0.3167562186717987]}