{"dpearsonr": [NaN, NaN, NaN, NaN, NaN], "drmse": [0.3718498945236206, 0.34474658966064453, 0.38716942071914673, 0.30582335591316223, 0.2945256531238556], "cpearsonr": [0.10759810817345344, 0.04783521136467564, 0.1033055337737367, 0.06197987357897006, 0.030744831181144246], "crmse": [0.36944344639778137, 0.3445192873477936, 0.3865180015563965, 0.30634021759033203, 0.29601967334747314]}