{"dpearsonr": [NaN, NaN, NaN, NaN, NaN], "drmse": [0.3335575461387634, 0.3062249720096588, 0.4084806442260742, 0.27973687648773193, 0.3767963945865631], "cpearsonr": [0.17861449728600498, 0.1640540573601156, 0.05046027715531923, 0.07450219940021197, 0.10534841151030273], "crmse": [0.33498021960258484, 0.3064769208431244, 0.41176506876945496, 0.27630406618118286, 0.37489792704582214]}