{"dpearsonr": [NaN, NaN, NaN, NaN, NaN], "drmse": [0.3349301218986511, 0.3152865171432495, 0.42821401357650757, 0.28111574053764343, 0.38218092918395996], "cpearsonr": [0.17852849968577147, 0.15596080984545507, 0.03865119955946139, 0.09193301264141478, 0.10591767637411478], "crmse": [0.33402544260025024, 0.31546223163604736, 0.4275156855583191, 0.28154513239860535, 0.38183173537254333]}