{"dpearsonr": [NaN, NaN, NaN, NaN, NaN], "drmse": [0.3732856512069702, 0.3912365138530731, 0.31109166145324707, 0.36010968685150146, 0.3875597417354584], "cpearsonr": [0.013932181435478624, -0.05976244108623672, 0.060979091819046594, -0.0516265739944201, -0.03860841151927061], "crmse": [0.37520885467529297, 0.39286184310913086, 0.31113186478614807, 0.3604402542114258, 0.3934782147407532]}