{"dpearsonr": [NaN, NaN, NaN, NaN, NaN], "drmse": [0.31037667393684387, 0.37469735741615295, 0.3349924087524414, 0.3671838641166687, 0.3270026445388794], "cpearsonr": [0.10336460586129688, 0.0035523841132862216, 0.03516929229067993, 0.04966301095831221, 0.08793930511358795], "crmse": [0.3139999806880951, 0.37546637654304504, 0.33689072728157043, 0.37040650844573975, 0.3333418667316437]}