{"dpearsonr": [NaN, 0.0967615215338677, NaN, NaN, -0.018447256217168244], "drmse": [0.3740483820438385, 0.38958945870399475, 0.38078951835632324, 0.30809342861175537, 0.33335766196250916], "cpearsonr": [0.08909119583493803, -0.10926665059839938, 0.14689805244579246, 0.1023501533706749, 0.18181063812364673], "crmse": [0.3757684826850891, 0.39081665873527527, 0.3851311206817627, 0.3081449270248413, 0.330312043428421]}