{"dpearsonr": [-0.012144268613967429, -0.015763653086824793, 0.007563708111964135, -0.014690402314733097, 0.003836957034291152], "drmse": [0.309078186750412, 0.30939751863479614, 0.33367711305618286, 0.31749677658081055, 0.2506249248981476], "cpearsonr": [0.01578476573535639, 0.10405467775578661, 0.10855453719044565, 0.07103556588462313, 0.24235069709806523], "crmse": [0.3163517713546753, 0.3128401041030884, 0.33663374185562134, 0.3216686248779297, 0.24851764738559723]}