{"dpearsonr": [NaN, NaN, NaN, NaN, NaN], "drmse": [0.3413549065589905, 0.3518896698951721, 0.3179916739463806, 0.3202040195465088, 0.38563743233680725], "cpearsonr": [0.05053373852610986, -0.08104925885895198, 0.08279013092033108, -0.005677696565879451, -0.05393121457021656], "crmse": [0.3437747657299042, 0.35956859588623047, 0.3196861147880554, 0.32269859313964844, 0.3871344029903412]}