{"dpearsonr": [NaN, -0.16865987154690776, NaN, NaN, 0.013367290781434126], "drmse": [0.37432312965393066, 0.39588209986686707, 0.3999350070953369, 0.3185311555862427, 0.3369942605495453], "cpearsonr": [0.09246763972650512, -0.11681828093770157, 0.13671208050027972, 0.09805503670966222, 0.18704286217876587], "crmse": [0.37452563643455505, 0.3969624936580658, 0.40248948335647583, 0.31966081261634827, 0.3376914858818054]}