{"dpearsonr": [NaN, NaN, NaN, NaN, NaN], "drmse": [0.35598188638687134, 0.27587148547172546, 0.334706574678421, 0.3455717861652374, 0.3500303328037262], "cpearsonr": [0.06516748464442136, 0.23036808885697585, -0.08835828916062304, 0.005741855191879743, 0.0017515031509724966], "crmse": [0.3593367636203766, 0.2751752436161041, 0.33737462759017944, 0.3397316336631775, 0.3517729341983795]}