{"dpearsonr": [NaN, NaN, NaN, 0.051182549695609196, 0.013777529569559079], "drmse": [0.29805850982666016, 0.3960535228252411, 0.32114773988723755, 0.35909077525138855, 0.3301524221897125], "cpearsonr": [0.06998439855608511, -0.030293358033821244, 0.10164748585745711, 0.09579940264784828, 0.10867465841402668], "crmse": [0.2978868782520294, 0.3970288634300232, 0.32186347246170044, 0.3604327142238617, 0.33135104179382324]}