{"dpearsonr": [NaN, NaN, NaN, NaN, NaN], "drmse": [0.37312188744544983, 0.33752748370170593, 0.37561917304992676, 0.2990640103816986, 0.293535053730011], "cpearsonr": [0.08642341363748998, 0.04994385995809443, 0.08175486381167832, 0.06229647990858594, 0.028975868526621033], "crmse": [0.37011387944221497, 0.3344179093837738, 0.3767765462398529, 0.30068597197532654, 0.29661691188812256]}