{"dpearsonr": [NaN, NaN, NaN, NaN, NaN], "drmse": [0.32979294657707214, 0.3481186628341675, 0.37030115723609924, 0.42315900325775146, 0.31597569584846497], "cpearsonr": [0.0316621957735131, 0.02071021648433319, -0.019180112692956046, -0.029292963354067277, 0.014222434511429382], "crmse": [0.32884493470191956, 0.34886404871940613, 0.37217801809310913, 0.4243370592594147, 0.31507593393325806]}