{"dpearsonr": [0.07964615964876158, 0.06218718903613882, 0.06475236995292728, 0.06975337280384496, 0.04220806240694443], "dspearmanr": [0.08695339911428791, 0.05863614489012302, 0.08678853464633138, 0.08382459380624581, 0.04930774494154758], "drmse": [0.016430601477622986, 0.016193244606256485, 0.01608043722808361, 0.016114233061671257, 0.0162504930049181], "cpearsonr": [0.74631457123772, 0.7465187813596734, 0.7459438388695391, 0.7468108800006747, 0.7468015749138921], "cspearmanr": [0.7019447912083898, 0.7022668268425901, 0.7037665831341522, 0.7022913628232639, 0.701494765050315], "crmse": [0.016292983666062355, 0.01607205905020237, 0.015971101820468903, 0.015994438901543617, 0.016127435490489006]}