{"dpearsonr": [0.07587140586585747, 0.06175710701526455, 0.08388348721208992, 0.06255292147465771, 0.05931581812743547], "dspearmanr": [0.07511875388456948, 0.06795971306764988, 0.07897630912199342, 0.08109639020194245, 0.05779198538783252], "drmse": [0.017782606184482574, 0.015394258312880993, 0.013617400079965591, 0.013426562771201134, 0.014127888716757298], "cpearsonr": [0.7295280923419499, 0.7125120517314145, 0.7280994390344472, 0.7274747871596418, 0.7438079739820727], "cspearmanr": [0.6894953281698308, 0.6705349301156156, 0.6820287807600186, 0.6727810396068459, 0.7041041009617851], "crmse": [0.018045291304588318, 0.015490065328776836, 0.013645647093653679, 0.013443401083350182, 0.014416281133890152]}