{"dpearsonr": [0.12394423380123872, 0.10214962446686536, 0.1324157408468116, 0.13413251837633686, 0.0579792899369147], "dspearmanr": [0.11181485414062094, 0.10703337638738622, 0.1289132918056753, 0.1190833969662319, 0.05751017568396148], "drmse": [0.014137585647404194, 0.015652313828468323, 0.014884601347148418, 0.014584487304091454, 0.014478451572358608], "cpearsonr": [0.7362202161409991, 0.737786272966863, 0.7308524053104718, 0.7188929863465743, 0.7236929506885905], "cspearmanr": [0.6923734756396385, 0.6877593141843109, 0.6869162582968507, 0.6802943147682505, 0.6752484048887272], "crmse": [0.014644005335867405, 0.01572071760892868, 0.014766808599233627, 0.014599822461605072, 0.014594534412026405]}