{"dpearsonr": [0.08393856769615159, 0.10010513602788303, 0.10399967637520205, 0.10907430757311758, 0.08797910591945092], "dspearmanr": [0.07533593697598942, 0.08720123991934274, 0.10361185154451834, 0.11206194126831506, 0.09567293844427503], "drmse": [0.016475465148687363, 0.016257213428616524, 0.015964260324835777, 0.015885526314377785, 0.015976857393980026], "cpearsonr": [0.7466468718945026, 0.7470786420821202, 0.7463998350417765, 0.7473440368151582, 0.746919175132304], "cspearmanr": [0.702206353131329, 0.702845816414738, 0.7011588912699265, 0.7021149115972992, 0.7024461473345761], "crmse": [0.016360050067305565, 0.016154751181602478, 0.015855370089411736, 0.015775570645928383, 0.015864133834838867]}