{"dpearsonr": [0.27849254447675115, 0.25957671807462457, 0.32682637802818787, 0.28320653666223405, 0.29958281270036163], "dspearmanr": [0.2334339043684954, 0.21538265714548915, 0.3096360331671683, 0.2721093052351286, 0.2283798398401695], "drmse": [0.013167026452720165, 0.013818120583891869, 0.013973983004689217, 0.014343530870974064, 0.014100318774580956], "cpearsonr": [0.7366415330639208, 0.7553414081381822, 0.7331527707834566, 0.7204363349183919, 0.7272355137237203], "cspearmanr": [0.6923618320373904, 0.7068682249123507, 0.6884932571087751, 0.6815944812130643, 0.6771408617394732], "crmse": [0.013629361055791378, 0.013857534155249596, 0.013935542665421963, 0.014425909146666527, 0.014149750582873821]}