{"dpearsonr": [NaN, NaN, NaN, NaN, NaN], "drmse": [0.08982265740633011, 0.08590973913669586, 0.09230264276266098, 0.09539859741926193, 0.09612269699573517], "cpearsonr": [0.7434318794633858, 0.729342915520107, 0.7164724119088921, 0.7214666919567051, 0.7310570856715205], "crmse": [0.09011875838041306, 0.08604566007852554, 0.09192497283220291, 0.095528744161129, 0.09643231332302094]}