{"dpearsonr": [0.26759589292652874, 0.272579085682327, 0.28705304879615035, 0.2678077816551798, 0.3105895553786327], "dspearmanr": [0.21263183925041118, 0.21671232624916145, 0.23740506515049556, 0.21791129974522608, 0.2261664918787399], "drmse": [0.01291570719331503, 0.01371703576296568, 0.013046343810856342, 0.013040082529187202, 0.012528656981885433], "cpearsonr": [0.7413597790955537, 0.7563812720959598, 0.7506134057947539, 0.7369956002201645, 0.7413553185993105], "cspearmanr": [0.6955978748315895, 0.7072787713012432, 0.707480030565147, 0.7006581748504563, 0.6930871802747992], "crmse": [0.01330200582742691, 0.013740720227360725, 0.01303816493600607, 0.01310117356479168, 0.012658979743719101]}