{"dpearsonr": [0.4039196200124607, 0.3919828133753744, 0.424981211237078, 0.4052847026955052, 0.4360539557768963], "dspearmanr": [0.3569699620849028, 0.34700134357804285, 0.40697209425073005, 0.38151713749290617, 0.37917669290824385], "drmse": [0.011186838150024414, 0.013005681335926056, 0.011446742340922356, 0.011910255067050457, 0.01100175641477108], "cpearsonr": [0.7855466326315185, 0.7847566777094712, 0.78416255647504, 0.7661154897637061, 0.779392057730682], "cspearmanr": [0.7444848175759812, 0.7430828681342336, 0.7433411610141868, 0.7332686156791566, 0.7338522399952413], "crmse": [0.01162760704755783, 0.012965654954314232, 0.011447284370660782, 0.012017996050417423, 0.011065300554037094]}