{"dpearsonr": [0.3941261484866592, 0.3891365886386087, 0.43143629040404724, 0.3959196756477522, 0.41402290547227], "dspearmanr": [0.34610734081295325, 0.34379834962322786, 0.4055724434156547, 0.36364018759902983, 0.3539847409450262], "drmse": [0.01126689650118351, 0.012516109272837639, 0.01145348884165287, 0.011967150494456291, 0.011497944593429565], "cpearsonr": [0.7824747475391004, 0.7868802327695872, 0.7797480703304253, 0.7630071764703475, 0.7740187309281974], "cspearmanr": [0.7405786302904336, 0.745408639632799, 0.7378720765057712, 0.7310933852873324, 0.7283941469724189], "crmse": [0.011676176451146603, 0.012486954219639301, 0.011423708871006966, 0.012086075730621815, 0.011578173376619816]}